2026-06-23 08:31:41,878 [main] INFO  com.polarion.core.boot.impl.AppLaunchersManager - Using logging context STANDALONE
2026-06-23 08:31:41,880 [main] INFO  com.polarion.core.boot.impl.AppLaunchersManager - Launchers manager started...
2026-06-23 08:31:41,881 [main] INFO  com.polarion.core.boot.impl.AppLaunchersManager - Using home directory /opt/polarion/polarion
2026-06-23 08:31:41,881 [main] INFO  com.polarion.core.boot.impl.AppLaunchersManager - Using root directory /opt/polarion
2026-06-23 08:31:41,881 [main] INFO  com.polarion.core.boot.impl.AppLaunchersManager - Using workspace directory /opt/polarion/data/workspace
2026-06-23 08:31:41,881 [main] INFO  com.polarion.core.boot.impl.AppLaunchersManager - Using config directory /opt/polarion/data/workspace/.config
2026-06-23 08:31:41,882 [main] INFO  com.polarion.core.boot.impl.AppLaunchersManager - Esapi config directory/opt/polarion/polarion/plugins/com.polarion.core.util_3.26.12/resources/esapi/
2026-06-23 08:31:41,882 [main] INFO  com.polarion.core.boot.impl.AppLaunchersManager - Loading external properties ...
2026-06-23 08:31:41,882 [main] INFO  com.polarion.core.boot.impl.AppLaunchersManager - Using external property file /opt/polarion/etc/polarion.properties
2026-06-23 08:31:41,882 [main] INFO  com.polarion.core.boot.impl.AppLaunchersManager - Loading internal properties ...
2026-06-23 08:31:41,884 [main] INFO  com.polarion.core.boot.impl.AppLaunchersManager - Siemens Analytics is enabled: false
2026-06-23 08:31:41,884 [main] INFO  com.polarion.core.boot.impl.AppLaunchersManager - Using Siemens Analytics production server: false
2026-06-23 08:31:41,884 [main] INFO  com.polarion.core.boot.impl.AppLaunchersManager - Host: debian12-nehbabsq-23606 (10.249.246.1)
2026-06-23 08:31:41,894 [main] INFO  com.polarion.core.boot.impl.AppLaunchersManager - Product: com.polarion.alm
2026-06-23 08:31:41,894 [main] INFO  com.polarion.core.boot.impl.AppLaunchersManager - Version: 3.26.12
2026-06-23 08:31:41,894 [main] INFO  com.polarion.core.boot.impl.AppLaunchersManager - Build: 20260622-0952-DPP-1210561-64501d64
2026-06-23 08:31:41,895 [main] INFO  com.polarion.core.boot.impl.AppLaunchersManager - Extensions: [WikiScriptingTools]
2026-06-23 08:31:41,898 [main] INFO  com.polarion.core.boot.impl.AppLaunchersManager - Workspace location: /opt/polarion/data/workspace
2026-06-23 08:31:41,898 [main] INFO  com.polarion.core.boot.impl.AppLaunchersManager - Workspace lock acquired
2026-06-23 08:31:41,898 [main] INFO  com.polarion.core.boot.impl.AppLaunchersManager - Found applications: [polarion.server, polarion.coordinator, polarion.rt]
2026-06-23 08:31:41,898 [main] INFO  com.polarion.core.boot.impl.AppLaunchersManager - Starting application: polarion.server
2026-06-23 08:31:41,902 [main] INFO  com.polarion.core.boot.impl.AppLaunchersManager - Application extension successfully read
2026-06-23 08:31:41,916 [main] INFO  com.polarion.platform.internal.SystemStatistics - Initializing monitoring, isThreadCpuTimeSupported: true, isThreadContentionMonitoringSupported: true, isThreadAllocatedMemorySupported: true
2026-06-23 08:31:41,919 [main] INFO  com.polarion.platform.internal.SystemStatistics - State before enabling: isThreadCpuTimeEnabled: true, isThreadContentionMonitoringEnabled: false, isThreadAllocatedMemoryEnabled: true
2026-06-23 08:31:41,919 [main] INFO  com.polarion.platform.internal.SystemStatistics - State after enabling: isThreadCpuTimeEnabled: true, isThreadContentionMonitoringEnabled: false, isThreadAllocatedMemoryEnabled: true
2026-06-23 08:31:41,922 [main] INFO  com.polarion.platform.startup - ****************************************************************
2026-06-23 08:31:41,922 [main] INFO  com.polarion.platform.startup -                 Polarion starting, please wait!                 
2026-06-23 08:31:41,922 [main] INFO  com.polarion.platform.startup - ****************************************************************
2026-06-23 08:31:41,922 [main] INFO  com.polarion.platform.startup - JVM version: 21.0.10+7-LTS
2026-06-23 08:31:41,923 [main] INFO  com.polarion.platform.startup - Server start mode: reindex
2026-06-23 08:31:41,923 [main] INFO  com.polarion.platform.startup - Validating extensions for Jakarta compatibility.
2026-06-23 08:31:42,171 [main] INFO  com.polarion.platform.startup - Validation completed.
2026-06-23 08:31:42,212 [main] INFO  com.siemens.polarion.secrets.manager.impl.DefaultConfigProvider - secrets-manager: Using secrets manager configuration from default path: /opt/polarion/etc/secrets-manager/secrets-manager-config.json
2026-06-23 08:31:42,279 [main] INFO  com.siemens.polarion.secrets.manager.coordination.impl.SecretsCoordinator - secrets-manager: Cache stale (cached=0, disk=4). Reloading secrets from disk.
2026-06-23 08:31:42,279 [main] INFO  com.siemens.polarion.secrets.manager.coordination.impl.SecretsCoordinator - secrets-manager: Reload complete. cachedVersion=4
2026-06-23 08:31:42,584 [main] INFO  (SECURITY) com.siemens.polarion.secrets.manager.vault.providers.impl.FileBackedVaultProvider - [ENC-0004] - Read secret with key: polarion.uservault.migration.state
2026-06-23 08:31:42,585 [main] INFO  com.polarion.platform.startup - ------------------------------
2026-06-23 08:31:42,587 [main] INFO  com.polarion.platform.startup - Platform startup (Phase: 1/9)
2026-06-23 08:31:42,588 [main] INFO  com.polarion.psvn.launcher.PolarionSVNApplication - **** Java system properties listing: 
2026-06-23 08:31:42,629 [main] INFO  com.polarion.psvn.launcher.PolarionSVNApplication - adminPasswd = admin
2026-06-23 08:31:42,629 [main] INFO  com.polarion.psvn.launcher.PolarionSVNApplication - adminUser = admin
2026-06-23 08:31:42,629 [main] INFO  com.polarion.psvn.launcher.PolarionSVNApplication - announcer.smtp.auth = false
2026-06-23 08:31:42,629 [main] INFO  com.polarion.psvn.launcher.PolarionSVNApplication - announcer.smtp.host = gtinotify.net.plm.eds.com
2026-06-23 08:31:42,629 [main] INFO  com.polarion.psvn.launcher.PolarionSVNApplication - announcer.smtp.password = **PASSWORD**HIDDEN**
2026-06-23 08:31:42,629 [main] INFO  com.polarion.psvn.launcher.PolarionSVNApplication - announcer.smtp.port = 25
2026-06-23 08:31:42,629 [main] INFO  com.polarion.psvn.launcher.PolarionSVNApplication - announcer.smtp.user = 
2026-06-23 08:31:42,629 [main] INFO  com.polarion.psvn.launcher.PolarionSVNApplication - base.url = https://debian12-nehbabsq-23606.polarion.net.plm.eds.com
2026-06-23 08:31:42,629 [main] INFO  com.polarion.psvn.launcher.PolarionSVNApplication - bfh.jobs.workdir = /opt/polarion/data/workspace/polarion-data/jobs
2026-06-23 08:31:42,629 [main] INFO  com.polarion.psvn.launcher.PolarionSVNApplication - BIRDir = /opt/polarion/data/BIR
2026-06-23 08:31:42,629 [main] INFO  com.polarion.psvn.launcher.PolarionSVNApplication - calculated.fields.mode = async
2026-06-23 08:31:42,629 [main] INFO  com.polarion.psvn.launcher.PolarionSVNApplication - com.polarion.activation.activationHelpLink = https://polarion.plm.automation.siemens.com/getlicense
2026-06-23 08:31:42,629 [main] INFO  com.polarion.psvn.launcher.PolarionSVNApplication - com.polarion.activation.server = https://license.polarion.com/licenseGenerator/generator/generate
2026-06-23 08:31:42,629 [main] INFO  com.polarion.psvn.launcher.PolarionSVNApplication - com.polarion.application = polarion.server
2026-06-23 08:31:42,629 [main] INFO  com.polarion.psvn.launcher.PolarionSVNApplication - com.polarion.config = /opt/polarion/data/workspace/.config
2026-06-23 08:31:42,630 [main] INFO  com.polarion.psvn.launcher.PolarionSVNApplication - com.polarion.data = /opt/polarion/data
2026-06-23 08:31:42,630 [main] INFO  com.polarion.psvn.launcher.PolarionSVNApplication - com.polarion.eclipse = /opt/polarion/polarion
2026-06-23 08:31:42,630 [main] INFO  com.polarion.psvn.launcher.PolarionSVNApplication - com.polarion.excelRoundTrip.sheetPassword = **PASSWORD**HIDDEN**
2026-06-23 08:31:42,630 [main] INFO  com.polarion.psvn.launcher.PolarionSVNApplication - com.polarion.home = /opt/polarion/polarion
2026-06-23 08:31:42,630 [main] INFO  com.polarion.psvn.launcher.PolarionSVNApplication - com.polarion.licenseDir = /opt/polarion/polarion/license
2026-06-23 08:31:42,630 [main] INFO  com.polarion.psvn.launcher.PolarionSVNApplication - com.polarion.logs.main = /opt/polarion/data/logs/main
2026-06-23 08:31:42,630 [main] INFO  com.polarion.psvn.launcher.PolarionSVNApplication - com.polarion.platform.internalPG = polarion:polarion@localhost:5433
2026-06-23 08:31:42,630 [main] INFO  com.polarion.psvn.launcher.PolarionSVNApplication - com.polarion.platform.monitoring.notifications.disabled = true
2026-06-23 08:31:42,630 [main] INFO  com.polarion.psvn.launcher.PolarionSVNApplication - com.polarion.platform.monitoring.notifications.receivers = 
2026-06-23 08:31:42,630 [main] INFO  com.polarion.psvn.launcher.PolarionSVNApplication - com.polarion.platform.monitoring.notifications.sender = 
2026-06-23 08:31:42,630 [main] INFO  com.polarion.psvn.launcher.PolarionSVNApplication - com.polarion.platform.monitoring.notifications.subject.prefix = 
2026-06-23 08:31:42,630 [main] INFO  com.polarion.psvn.launcher.PolarionSVNApplication - com.polarion.platform.persistence.notifications.disabled = false
2026-06-23 08:31:42,630 [main] INFO  com.polarion.psvn.launcher.PolarionSVNApplication - com.polarion.platform.sql.adminUserPassword = **PASSWORD**HIDDEN**
2026-06-23 08:31:42,630 [main] INFO  com.polarion.psvn.launcher.PolarionSVNApplication - com.polarion.platform.sql.roUserPassword = **PASSWORD**HIDDEN**
2026-06-23 08:31:42,630 [main] INFO  com.polarion.psvn.launcher.PolarionSVNApplication - com.polarion.propertyFile = /opt/polarion/etc/polarion.properties
2026-06-23 08:31:42,630 [main] INFO  com.polarion.psvn.launcher.PolarionSVNApplication - com.polarion.root = /opt/polarion
2026-06-23 08:31:42,630 [main] INFO  com.polarion.psvn.launcher.PolarionSVNApplication - com.polarion.scripting.allowedSecurityServiceMethods = *
2026-06-23 08:31:42,630 [main] INFO  com.polarion.psvn.launcher.PolarionSVNApplication - com.polarion.scripting.job.allowedSecurityServiceMethods = *
2026-06-23 08:31:42,630 [main] INFO  com.polarion.psvn.launcher.PolarionSVNApplication - com.polarion.workspace = /opt/polarion/data/workspace
2026-06-23 08:31:42,630 [main] INFO  com.polarion.psvn.launcher.PolarionSVNApplication - com.siemens.polarion.analytics.enabled = false
2026-06-23 08:31:42,631 [main] INFO  com.polarion.psvn.launcher.PolarionSVNApplication - com.siemens.polarion.analytics.useProductionServer = false
2026-06-23 08:31:42,631 [main] INFO  com.polarion.psvn.launcher.PolarionSVNApplication - com.siemens.polarion.collaborationNotifications.enabled = true
2026-06-23 08:31:42,631 [main] INFO  com.polarion.psvn.launcher.PolarionSVNApplication - com.siemens.polarion.document.listStyle = 1ai
2026-06-23 08:31:42,631 [main] INFO  com.polarion.psvn.launcher.PolarionSVNApplication - com.siemens.polarion.documentation.baseUrl = https://internal.docs.sw.siemens.com
2026-06-23 08:31:42,631 [main] INFO  com.polarion.psvn.launcher.PolarionSVNApplication - com.siemens.polarion.license.salt.enabled = true
2026-06-23 08:31:42,631 [main] INFO  com.polarion.psvn.launcher.PolarionSVNApplication - com.siemens.polarion.license.salt.server = 29000@czprglcsv6s004.net.plm.eds.com;29000@di2iesnn0375wv0.net.plm.eds.com
2026-06-23 08:31:42,631 [main] INFO  com.polarion.psvn.launcher.PolarionSVNApplication - com.siemens.polarion.loggingContext = STANDALONE
2026-06-23 08:31:42,631 [main] INFO  com.polarion.psvn.launcher.PolarionSVNApplication - com.siemens.polarion.preview.thumbnailsDataDir = /opt/polarion/data/workspace/previews-data/thumbnails
2026-06-23 08:31:42,631 [main] INFO  com.polarion.psvn.launcher.PolarionSVNApplication - com.siemens.polarion.rt.sharedSecret = $[secret:polarion.rt.shared.secret.key]
2026-06-23 08:31:42,631 [main] INFO  com.polarion.psvn.launcher.PolarionSVNApplication - com.siemens.polarion.scripting.monitoringDb.connectionUri = postgresql://polarion:B23Uo2gJxo/3PIgg@localhost:5434/polarionmonitoring
2026-06-23 08:31:42,631 [main] INFO  com.polarion.psvn.launcher.PolarionSVNApplication - com.siemens.polarion.xcelerator.accEndpointUrl = https://acc.collab.sws.siemens.com
2026-06-23 08:31:42,631 [main] INFO  com.polarion.psvn.launcher.PolarionSVNApplication - com.siemens.polarion.xcelerator.baseDomain = sws.siemens.com
2026-06-23 08:31:42,631 [main] INFO  com.polarion.psvn.launcher.PolarionSVNApplication - com.siemens.polarion.xcelerator.shareEndpointUrl = https://share.sws.siemens.com
2026-06-23 08:31:42,631 [main] INFO  com.polarion.psvn.launcher.PolarionSVNApplication - content.types.user.table = /opt/polarion/polarion/plugins/com.polarion.core.boot_3.26.12/content-types.properties
2026-06-23 08:31:42,631 [main] INFO  com.polarion.psvn.launcher.PolarionSVNApplication - controlHostname = debian12-nehbabsq-23606.polarion.net.plm.eds.com
2026-06-23 08:31:42,631 [main] INFO  com.polarion.psvn.launcher.PolarionSVNApplication - controlPort = 8887
2026-06-23 08:31:42,631 [main] INFO  com.polarion.psvn.launcher.PolarionSVNApplication - createproject.default.location = Sandbox/
2026-06-23 08:31:42,631 [main] INFO  com.polarion.psvn.launcher.PolarionSVNApplication - createproject.default.useUserId = true
2026-06-23 08:31:42,631 [main] INFO  com.polarion.psvn.launcher.PolarionSVNApplication - createproject.limitedAccessMessage = You may create a project in the Sandbox project group (only). Please fill in the required properties below. For example:<br/><table><tr><td>Location:</td><td>Sandbox/MyFirstProject</td></tr><tr><td>ID:</td><td>MyFirstProject</td></tr></table><br/>Or use the suggested defaults.
2026-06-23 08:31:42,631 [main] INFO  com.polarion.psvn.launcher.PolarionSVNApplication - debug = false
2026-06-23 08:31:42,631 [main] INFO  com.polarion.psvn.launcher.PolarionSVNApplication - default.project.template.ALM = alm_vmodel
2026-06-23 08:31:42,631 [main] INFO  com.polarion.psvn.launcher.PolarionSVNApplication - default.project.template.Pro = alm_vmodel
2026-06-23 08:31:42,631 [main] INFO  com.polarion.psvn.launcher.PolarionSVNApplication - default.project.template.QA = qa_vmodel
2026-06-23 08:31:42,631 [main] INFO  com.polarion.psvn.launcher.PolarionSVNApplication - default.project.template.Requirements = req_vmodel
2026-06-23 08:31:42,632 [main] INFO  com.polarion.psvn.launcher.PolarionSVNApplication - default.project.template.XAdvanced = alm_vmodel
2026-06-23 08:31:42,632 [main] INFO  com.polarion.psvn.launcher.PolarionSVNApplication - default.project.template.XAutomotive = alm_vmodel
2026-06-23 08:31:42,632 [main] INFO  com.polarion.psvn.launcher.PolarionSVNApplication - default.project.template.XBase = alm_vmodel
2026-06-23 08:31:42,632 [main] INFO  com.polarion.psvn.launcher.PolarionSVNApplication - default.project.template.XEnterprise = alm_vmodel
2026-06-23 08:31:42,632 [main] INFO  com.polarion.psvn.launcher.PolarionSVNApplication - default.project.template.XEssentials = alm_vmodel
2026-06-23 08:31:42,632 [main] INFO  com.polarion.psvn.launcher.PolarionSVNApplication - default.project.template.XExtended = alm_vmodel
2026-06-23 08:31:42,632 [main] INFO  com.polarion.psvn.launcher.PolarionSVNApplication - default.project.template.XPremium = alm_vmodel
2026-06-23 08:31:42,632 [main] INFO  com.polarion.psvn.launcher.PolarionSVNApplication - default.project.template.XPro = alm_vmodel
2026-06-23 08:31:42,632 [main] INFO  com.polarion.psvn.launcher.PolarionSVNApplication - default.project.template.XStandard = alm_vmodel
2026-06-23 08:31:42,632 [main] INFO  com.polarion.psvn.launcher.PolarionSVNApplication - derby.system.home = /opt/polarion/data/logs/derby
2026-06-23 08:31:42,632 [main] INFO  com.polarion.psvn.launcher.PolarionSVNApplication - ds.delayed.keepInstances = true
2026-06-23 08:31:42,632 [main] INFO  com.polarion.psvn.launcher.PolarionSVNApplication - ds.delayed.keepInstances.default = true
2026-06-23 08:31:42,632 [main] INFO  com.polarion.psvn.launcher.PolarionSVNApplication - eclipse.application = com.polarion.core.boot.app
2026-06-23 08:31:42,632 [main] INFO  com.polarion.psvn.launcher.PolarionSVNApplication - eclipse.commands = -nosplash
-data
/opt/polarion/data/workspace
-configuration
/opt/polarion/data/workspace/.config

2026-06-23 08:31:42,632 [main] INFO  com.polarion.psvn.launcher.PolarionSVNApplication - eclipse.home.location = file:/opt/polarion/polarion/
2026-06-23 08:31:42,632 [main] INFO  com.polarion.psvn.launcher.PolarionSVNApplication - eclipse.startTime = 1782196300358
2026-06-23 08:31:42,632 [main] INFO  com.polarion.psvn.launcher.PolarionSVNApplication - eclipse.stateSaveDelayInterval = 30000
2026-06-23 08:31:42,632 [main] INFO  com.polarion.psvn.launcher.PolarionSVNApplication - enableCreateAccountForm = false
2026-06-23 08:31:42,632 [main] INFO  com.polarion.psvn.launcher.PolarionSVNApplication - equinox.init.uuid = true
2026-06-23 08:31:42,632 [main] INFO  com.polarion.psvn.launcher.PolarionSVNApplication - error.report.email = polarionsvn.bugs@polarion.com
2026-06-23 08:31:42,632 [main] INFO  com.polarion.psvn.launcher.PolarionSVNApplication - file.encoding = UTF-8
2026-06-23 08:31:42,632 [main] INFO  com.polarion.psvn.launcher.PolarionSVNApplication - file.separator = /
2026-06-23 08:31:42,632 [main] INFO  com.polarion.psvn.launcher.PolarionSVNApplication - gosh.args = --nointeractive
2026-06-23 08:31:42,633 [main] INFO  com.polarion.psvn.launcher.PolarionSVNApplication - htpasswd.path = htpasswd
2026-06-23 08:31:42,633 [main] INFO  com.polarion.psvn.launcher.PolarionSVNApplication - index.activities = /opt/polarion/data/workspace/polarion-data/index
2026-06-23 08:31:42,633 [main] INFO  com.polarion.psvn.launcher.PolarionSVNApplication - java.awt.headless = true
2026-06-23 08:31:42,633 [main] INFO  com.polarion.psvn.launcher.PolarionSVNApplication - java.class.path = /opt/polarion/polarion/plugins/org.eclipse.equinox.launcher_1.6.500.v20230717-2134.jar
2026-06-23 08:31:42,633 [main] INFO  com.polarion.psvn.launcher.PolarionSVNApplication - java.class.version = 65.0
2026-06-23 08:31:42,633 [main] INFO  com.polarion.psvn.launcher.PolarionSVNApplication - java.home = /usr/java/jdk-21.0.10+7
2026-06-23 08:31:42,633 [main] INFO  com.polarion.psvn.launcher.PolarionSVNApplication - java.io.tmpdir = /tmp
2026-06-23 08:31:42,633 [main] INFO  com.polarion.psvn.launcher.PolarionSVNApplication - java.library.path = /usr/java/packages/lib:/usr/lib64:/lib64:/lib:/usr/lib
2026-06-23 08:31:42,633 [main] INFO  com.polarion.psvn.launcher.PolarionSVNApplication - java.runtime.name = OpenJDK Runtime Environment
2026-06-23 08:31:42,633 [main] INFO  com.polarion.psvn.launcher.PolarionSVNApplication - java.runtime.version = 21.0.10+7-LTS
2026-06-23 08:31:42,633 [main] INFO  com.polarion.psvn.launcher.PolarionSVNApplication - java.sdk.home = /usr/java/default/
2026-06-23 08:31:42,633 [main] INFO  com.polarion.psvn.launcher.PolarionSVNApplication - java.security.policy = /opt/polarion/polarion/policy
2026-06-23 08:31:42,633 [main] INFO  com.polarion.psvn.launcher.PolarionSVNApplication - java.specification.name = Java Platform API Specification
2026-06-23 08:31:42,633 [main] INFO  com.polarion.psvn.launcher.PolarionSVNApplication - java.specification.vendor = Oracle Corporation
2026-06-23 08:31:42,633 [main] INFO  com.polarion.psvn.launcher.PolarionSVNApplication - java.specification.version = 21
2026-06-23 08:31:42,633 [main] INFO  com.polarion.psvn.launcher.PolarionSVNApplication - java.vendor = Eclipse Adoptium
2026-06-23 08:31:42,633 [main] INFO  com.polarion.psvn.launcher.PolarionSVNApplication - java.vendor.url = https://adoptium.net/
2026-06-23 08:31:42,633 [main] INFO  com.polarion.psvn.launcher.PolarionSVNApplication - java.vendor.url.bug = https://github.com/adoptium/adoptium-support/issues
2026-06-23 08:31:42,633 [main] INFO  com.polarion.psvn.launcher.PolarionSVNApplication - java.vendor.version = Temurin-21.0.10+7
2026-06-23 08:31:42,633 [main] INFO  com.polarion.psvn.launcher.PolarionSVNApplication - java.version = 21.0.10
2026-06-23 08:31:42,633 [main] INFO  com.polarion.psvn.launcher.PolarionSVNApplication - java.version.date = 2026-01-20
2026-06-23 08:31:42,633 [main] INFO  com.polarion.psvn.launcher.PolarionSVNApplication - java.vm.compressedOopsMode = Zero based
2026-06-23 08:31:42,633 [main] INFO  com.polarion.psvn.launcher.PolarionSVNApplication - java.vm.info = mixed mode, sharing
2026-06-23 08:31:42,633 [main] INFO  com.polarion.psvn.launcher.PolarionSVNApplication - java.vm.name = OpenJDK 64-Bit Server VM
2026-06-23 08:31:42,633 [main] INFO  com.polarion.psvn.launcher.PolarionSVNApplication - java.vm.specification.name = Java Virtual Machine Specification
2026-06-23 08:31:42,633 [main] INFO  com.polarion.psvn.launcher.PolarionSVNApplication - java.vm.specification.vendor = Oracle Corporation
2026-06-23 08:31:42,633 [main] INFO  com.polarion.psvn.launcher.PolarionSVNApplication - java.vm.specification.version = 21
2026-06-23 08:31:42,634 [main] INFO  com.polarion.psvn.launcher.PolarionSVNApplication - java.vm.vendor = Eclipse Adoptium
2026-06-23 08:31:42,634 [main] INFO  com.polarion.psvn.launcher.PolarionSVNApplication - java.vm.version = 21.0.10+7-LTS
2026-06-23 08:31:42,634 [main] INFO  com.polarion.psvn.launcher.PolarionSVNApplication - javasvn.timeout = 10000
2026-06-23 08:31:42,634 [main] INFO  com.polarion.psvn.launcher.PolarionSVNApplication - jdk.debug = release
2026-06-23 08:31:42,634 [main] INFO  com.polarion.psvn.launcher.PolarionSVNApplication - jdk.jfr.repository = /tmp/2026_06_23_08_31_40_12573
2026-06-23 08:31:42,634 [main] INFO  com.polarion.psvn.launcher.PolarionSVNApplication - ldap.bind.password = **PASSWORD**HIDDEN**
2026-06-23 08:31:42,634 [main] INFO  com.polarion.psvn.launcher.PolarionSVNApplication - licenseForNewUserAccount = concurrentALM
2026-06-23 08:31:42,634 [main] INFO  com.polarion.psvn.launcher.PolarionSVNApplication - line.separator = 

2026-06-23 08:31:42,634 [main] INFO  com.polarion.psvn.launcher.PolarionSVNApplication - log4j2.contextSelector = org.apache.logging.log4j.core.selector.BasicContextSelector
2026-06-23 08:31:42,634 [main] INFO  com.polarion.psvn.launcher.PolarionSVNApplication - log4j2.loggerContextFactory = org.apache.logging.log4j.core.impl.Log4jContextFactory
2026-06-23 08:31:42,634 [main] INFO  com.polarion.psvn.launcher.PolarionSVNApplication - logDir = /opt/polarion/data/logs/main/
2026-06-23 08:31:42,634 [main] INFO  com.polarion.psvn.launcher.PolarionSVNApplication - login = polarion
2026-06-23 08:31:42,634 [main] INFO  com.polarion.psvn.launcher.PolarionSVNApplication - logStartTime = 20260623-0831-41
2026-06-23 08:31:42,634 [main] INFO  com.polarion.psvn.launcher.PolarionSVNApplication - mavenConfigDir = /opt/polarion/polarion/../maven
2026-06-23 08:31:42,634 [main] INFO  com.polarion.psvn.launcher.PolarionSVNApplication - minimalPasswordLength = **PASSWORD**HIDDEN**
2026-06-23 08:31:42,634 [main] INFO  com.polarion.psvn.launcher.PolarionSVNApplication - native.encoding = UTF-8
2026-06-23 08:31:42,634 [main] INFO  com.polarion.psvn.launcher.PolarionSVNApplication - org.eclipse.equinox.simpleconfigurator.configUrl = file:org.eclipse.equinox.simpleconfigurator/bundles.info
2026-06-23 08:31:42,634 [main] INFO  com.polarion.psvn.launcher.PolarionSVNApplication - org.eclipse.lyo.oslc4j.strictDatatypes = false
2026-06-23 08:31:42,634 [main] INFO  com.polarion.psvn.launcher.PolarionSVNApplication - org.osgi.framework.executionenvironment = OSGi/Minimum-1.0, OSGi/Minimum-1.1, OSGi/Minimum-1.2, JavaSE/compact1-1.8, JavaSE/compact2-1.8, JavaSE/compact3-1.8, JRE-1.1, J2SE-1.2, J2SE-1.3, J2SE-1.4, J2SE-1.5, JavaSE-1.6, JavaSE-1.7, JavaSE-1.8, JavaSE-9, JavaSE-10, JavaSE-11, JavaSE-12, JavaSE-13, JavaSE-14, JavaSE-15, JavaSE-16, JavaSE-17, JavaSE-18, JavaSE-19, JavaSE-20, JavaSE-21
2026-06-23 08:31:42,634 [main] INFO  com.polarion.psvn.launcher.PolarionSVNApplication - org.osgi.framework.language = en
2026-06-23 08:31:42,634 [main] INFO  com.polarion.psvn.launcher.PolarionSVNApplication - org.osgi.framework.os.name = Linux
2026-06-23 08:31:42,634 [main] INFO  com.polarion.psvn.launcher.PolarionSVNApplication - org.osgi.framework.os.version = 6.1.0
2026-06-23 08:31:42,634 [main] INFO  com.polarion.psvn.launcher.PolarionSVNApplication - org.osgi.framework.processor = x86-64
2026-06-23 08:31:42,634 [main] INFO  com.polarion.psvn.launcher.PolarionSVNApplication - org.osgi.framework.storage = /opt/polarion/data/workspace/.config
2026-06-23 08:31:42,634 [main] INFO  com.polarion.psvn.launcher.PolarionSVNApplication - org.osgi.framework.system.capabilities = osgi.ee; osgi.ee="OSGi/Minimum"; version:List<Version>="1.0, 1.1, 1.2", osgi.ee; osgi.ee="JRE"; version:List<Version>="1.0, 1.1", osgi.ee; osgi.ee="JavaSE"; version:List<Version>="1.0, 1.1, 1.2, 1.3, 1.4, 1.5, 1.6, 1.7, 1.8, 9.0, 10.0, 11.0, 12.0, 13.0, 14.0, 15.0, 16.0, 17.0, 18.0, 19.0, 20.0, 21.0",osgi.ee; osgi.ee="JavaSE/compact1"; version:List<Version>="1.8, 9.0, 10.0, 11.0, 12.0, 13.0, 14.0, 15.0, 16.0, 17.0, 18.0, 19.0, 20.0, 21.0",osgi.ee; osgi.ee="JavaSE/compact2"; version:List<Version>="1.8, 9.0, 10.0, 11.0, 12.0, 13.0, 14.0, 15.0, 16.0, 17.0, 18.0, 19.0, 20.0, 21.0",osgi.ee; osgi.ee="JavaSE/compact3"; version:List<Version>="1.8, 9.0, 10.0, 11.0, 12.0, 13.0, 14.0, 15.0, 16.0, 17.0, 18.0, 19.0, 20.0, 21.0"
2026-06-23 08:31:42,634 [main] INFO  com.polarion.psvn.launcher.PolarionSVNApplication - org.osgi.framework.system.packages = com.sun.java.accessibility.util, com.sun.jdi, com.sun.jdi.connect, com.sun.jdi.connect.spi, com.sun.jdi.event, com.sun.jdi.request, com.sun.management, com.sun.net.httpserver, com.sun.net.httpserver.spi, com.sun.nio.file, com.sun.nio.sctp, com.sun.security.auth, com.sun.security.auth.callback, com.sun.security.auth.login, com.sun.security.auth.module, com.sun.security.jgss, com.sun.source.doctree, com.sun.source.tree, com.sun.source.util, com.sun.tools.attach, com.sun.tools.attach.spi, com.sun.tools.javac, com.sun.tools.jconsole, java.applet, java.awt, java.awt.color, java.awt.datatransfer, java.awt.desktop, java.awt.dnd, java.awt.event, java.awt.font, java.awt.geom, java.awt.im, java.awt.im.spi, java.awt.image, java.awt.image.renderable, java.awt.print, java.beans, java.beans.beancontext, java.io, java.lang, java.lang.annotation, java.lang.constant, java.lang.foreign, java.lang.instrument, java.lang.invoke, java.lang.management, java.lang.module, java.lang.ref, java.lang.reflect, java.lang.runtime, java.math, java.net, java.net.http, java.net.spi, java.nio, java.nio.channels, java.nio.channels.spi, java.nio.charset, java.nio.charset.spi, java.nio.file, java.nio.file.attribute, java.nio.file.spi, java.rmi, java.rmi.dgc, java.rmi.registry, java.rmi.server, java.security, java.security.cert, java.security.interfaces, java.security.spec, java.sql, java.text, java.text.spi, java.time, java.time.chrono, java.time.format, java.time.temporal, java.time.zone, java.util, java.util.concurrent, java.util.concurrent.atomic, java.util.concurrent.locks, java.util.function, java.util.jar, java.util.logging, java.util.prefs, java.util.random, java.util.regex, java.util.spi, java.util.stream, java.util.zip, javax.accessibility, javax.annotation.processing, javax.crypto, javax.crypto.interfaces, javax.crypto.spec, javax.imageio, javax.imageio.event, javax.imageio.metadata, javax.imageio.plugins.bmp, javax.imageio.plugins.jpeg, javax.imageio.plugins.tiff, javax.imageio.spi, javax.imageio.stream, javax.lang.model, javax.lang.model.element, javax.lang.model.type, javax.lang.model.util, javax.management, javax.management.loading, javax.management.modelmbean, javax.management.monitor, javax.management.openmbean, javax.management.relation, javax.management.remote, javax.management.remote.rmi, javax.management.timer, javax.naming, javax.naming.directory, javax.naming.event, javax.naming.ldap, javax.naming.ldap.spi, javax.naming.spi, javax.net, javax.net.ssl, javax.print, javax.print.attribute, javax.print.attribute.standard, javax.print.event, javax.rmi.ssl, javax.script, javax.security.auth, javax.security.auth.callback, javax.security.auth.kerberos, javax.security.auth.login, javax.security.auth.spi, javax.security.auth.x500, javax.security.cert, javax.security.sasl, javax.smartcardio, javax.sound.midi, javax.sound.midi.spi, javax.sound.sampled, javax.sound.sampled.spi, javax.sql, javax.sql.rowset, javax.sql.rowset.serial, javax.sql.rowset.spi, javax.swing, javax.swing.border, javax.swing.colorchooser, javax.swing.event, javax.swing.filechooser, javax.swing.plaf, javax.swing.plaf.basic, javax.swing.plaf.metal, javax.swing.plaf.multi, javax.swing.plaf.nimbus, javax.swing.plaf.synth, javax.swing.table, javax.swing.text, javax.swing.text.html, javax.swing.text.html.parser, javax.swing.text.rtf, javax.swing.tree, javax.swing.undo, javax.tools, javax.transaction.xa, javax.xml, javax.xml.catalog, javax.xml.crypto, javax.xml.crypto.dom, javax.xml.crypto.dsig, javax.xml.crypto.dsig.dom, javax.xml.crypto.dsig.keyinfo, javax.xml.crypto.dsig.spec, javax.xml.datatype, javax.xml.namespace, javax.xml.parsers, javax.xml.stream, javax.xml.stream.events, javax.xml.stream.util, javax.xml.transform, javax.xml.transform.dom, javax.xml.transform.sax, javax.xml.transform.stax, javax.xml.transform.stream, javax.xml.validation, javax.xml.xpath, jdk.dynalink, jdk.dynalink.beans, jdk.dynalink.linker, jdk.dynalink.linker.support, jdk.dynalink.support, jdk.javadoc.doclet, jdk.jfr, jdk.jfr.consumer, jdk.jshell, jdk.jshell.execution, jdk.jshell.spi, jdk.jshell.tool, jdk.management.jfr, jdk.net, jdk.nio, jdk.nio.mapmode, jdk.security.jarsigner, jdk.swing.interop, netscape.javascript, org.ietf.jgss, org.w3c.dom, org.w3c.dom.bootstrap, org.w3c.dom.css, org.w3c.dom.events, org.w3c.dom.html, org.w3c.dom.ls, org.w3c.dom.ranges, org.w3c.dom.stylesheets, org.w3c.dom.traversal, org.w3c.dom.views, org.w3c.dom.xpath, org.xml.sax, org.xml.sax.ext, org.xml.sax.helpers, sun.misc, sun.reflect
2026-06-23 08:31:42,635 [main] INFO  com.polarion.psvn.launcher.PolarionSVNApplication - org.osgi.framework.uuid = bda453ad-4c4e-4c20-8cb4-2c069c575a0c
2026-06-23 08:31:42,635 [main] INFO  com.polarion.psvn.launcher.PolarionSVNApplication - org.osgi.framework.vendor = Eclipse
2026-06-23 08:31:42,635 [main] INFO  com.polarion.psvn.launcher.PolarionSVNApplication - org.osgi.framework.version = 1.10.0
2026-06-23 08:31:42,635 [main] INFO  com.polarion.psvn.launcher.PolarionSVNApplication - org.osgi.supports.framework.extension = true
2026-06-23 08:31:42,635 [main] INFO  com.polarion.psvn.launcher.PolarionSVNApplication - org.osgi.supports.framework.fragment = true
2026-06-23 08:31:42,635 [main] INFO  com.polarion.psvn.launcher.PolarionSVNApplication - org.osgi.supports.framework.requirebundle = true
2026-06-23 08:31:42,635 [main] INFO  com.polarion.psvn.launcher.PolarionSVNApplication - org.owasp.esapi.resources = /opt/polarion/polarion/plugins/com.polarion.core.util_3.26.12/resources/esapi/
2026-06-23 08:31:42,635 [main] INFO  com.polarion.psvn.launcher.PolarionSVNApplication - os.arch = amd64
2026-06-23 08:31:42,635 [main] INFO  com.polarion.psvn.launcher.PolarionSVNApplication - os.name = Linux
2026-06-23 08:31:42,635 [main] INFO  com.polarion.psvn.launcher.PolarionSVNApplication - os.version = 6.1.0-44-amd64
2026-06-23 08:31:42,635 [main] INFO  com.polarion.psvn.launcher.PolarionSVNApplication - osgi.arch = x86_64
2026-06-23 08:31:42,635 [main] INFO  com.polarion.psvn.launcher.PolarionSVNApplication - osgi.bundles = org.eclipse.equinox.common@1:start,com.siemens.polarion.eclipse.configurator@1:start,org.eclipse.equinox.simpleconfigurator@1:start,org.eclipse.core.runtime@3:start
2026-06-23 08:31:42,635 [main] INFO  com.polarion.psvn.launcher.PolarionSVNApplication - osgi.bundles.defaultStartLevel = 4
2026-06-23 08:31:42,635 [main] INFO  com.polarion.psvn.launcher.PolarionSVNApplication - osgi.compatibility.bootdelegation = true
2026-06-23 08:31:42,635 [main] INFO  com.polarion.psvn.launcher.PolarionSVNApplication - osgi.compatibility.bootdelegation.default = true
2026-06-23 08:31:42,635 [main] INFO  com.polarion.psvn.launcher.PolarionSVNApplication - osgi.configuration.area = file:/opt/polarion/data/workspace/.config/
2026-06-23 08:31:42,635 [main] INFO  com.polarion.psvn.launcher.PolarionSVNApplication - osgi.framework = file:/opt/polarion/polarion/plugins/org.eclipse.osgi_3.18.500.v20230801-1826.jar
2026-06-23 08:31:42,635 [main] INFO  com.polarion.psvn.launcher.PolarionSVNApplication - osgi.framework.shape = jar
2026-06-23 08:31:42,635 [main] INFO  com.polarion.psvn.launcher.PolarionSVNApplication - osgi.framework.useSystemProperties = true
2026-06-23 08:31:42,635 [main] INFO  com.polarion.psvn.launcher.PolarionSVNApplication - osgi.install.area = file:/opt/polarion/polarion/
2026-06-23 08:31:42,635 [main] INFO  com.polarion.psvn.launcher.PolarionSVNApplication - osgi.instance.area = file:/opt/polarion/data/workspace/
2026-06-23 08:31:42,635 [main] INFO  com.polarion.psvn.launcher.PolarionSVNApplication - osgi.logfile = /opt/polarion/data/workspace/.metadata/.log
2026-06-23 08:31:42,635 [main] INFO  com.polarion.psvn.launcher.PolarionSVNApplication - osgi.nl = en_US
2026-06-23 08:31:42,635 [main] INFO  com.polarion.psvn.launcher.PolarionSVNApplication - osgi.os = linux
2026-06-23 08:31:42,635 [main] INFO  com.polarion.psvn.launcher.PolarionSVNApplication - osgi.parentClassloader = ext
2026-06-23 08:31:42,635 [main] INFO  com.polarion.psvn.launcher.PolarionSVNApplication - osgi.sharedConfiguration.area = file:/opt/polarion/polarion/configuration/
2026-06-23 08:31:42,635 [main] INFO  com.polarion.psvn.launcher.PolarionSVNApplication - osgi.syspath = /opt/polarion/polarion/plugins
2026-06-23 08:31:42,635 [main] INFO  com.polarion.psvn.launcher.PolarionSVNApplication - osgi.tracefile = /opt/polarion/data/workspace/.metadata/trace.log
2026-06-23 08:31:42,636 [main] INFO  com.polarion.psvn.launcher.PolarionSVNApplication - osgi.ws = gtk
2026-06-23 08:31:42,636 [main] INFO  com.polarion.psvn.launcher.PolarionSVNApplication - password = **PASSWORD**HIDDEN**
2026-06-23 08:31:42,636 [main] INFO  com.polarion.psvn.launcher.PolarionSVNApplication - path.separator = :
2026-06-23 08:31:42,636 [main] INFO  com.polarion.psvn.launcher.PolarionSVNApplication - pdfbox.fontcache = /opt/polarion/data/workspace/polarion-data
2026-06-23 08:31:42,636 [main] INFO  com.polarion.psvn.launcher.PolarionSVNApplication - pdfexport.config = /opt/polarion/polarion/configuration/pdfexport.xml
2026-06-23 08:31:42,636 [main] INFO  com.polarion.psvn.launcher.PolarionSVNApplication - polarion.build.default.deploy.repository.id = polarion-shared
2026-06-23 08:31:42,636 [main] INFO  com.polarion.psvn.launcher.PolarionSVNApplication - polarion.build.default.deploy.repository.url = file:///opt/polarion/data/shared-maven-repo
2026-06-23 08:31:42,636 [main] INFO  com.polarion.psvn.launcher.PolarionSVNApplication - polarion.build.maven.location.maven2 = /opt/polarion/polarion/../maven/distribution
2026-06-23 08:31:42,636 [main] INFO  com.polarion.psvn.launcher.PolarionSVNApplication - polarion.global.doc.cache.size = 100
2026-06-23 08:31:42,636 [main] INFO  com.polarion.psvn.launcher.PolarionSVNApplication - polarion.global.doc.cache.with.history = false
2026-06-23 08:31:42,636 [main] INFO  com.polarion.psvn.launcher.PolarionSVNApplication - polarion.tx.doc.cache.size = 100
2026-06-23 08:31:42,636 [main] INFO  com.polarion.psvn.launcher.PolarionSVNApplication - productLink.com.polarion.alm = https://polarion.plm.automation.siemens.com/products/polarion-alm
2026-06-23 08:31:42,636 [main] INFO  com.polarion.psvn.launcher.PolarionSVNApplication - productLink.com.polarion.qa = https://polarion.plm.automation.siemens.com/products/polarion-qa
2026-06-23 08:31:42,636 [main] INFO  com.polarion.psvn.launcher.PolarionSVNApplication - productLink.com.polarion.requirements = https://polarion.plm.automation.siemens.com/products/polarion-requirements
2026-06-23 08:31:42,636 [main] INFO  com.polarion.psvn.launcher.PolarionSVNApplication - repo = https://debian12-nehbabsq-23606.polarion.net.plm.eds.com/repointernal
2026-06-23 08:31:42,636 [main] INFO  com.polarion.psvn.launcher.PolarionSVNApplication - repoSystem = svn://localhost/
2026-06-23 08:31:42,636 [main] INFO  com.polarion.psvn.launcher.PolarionSVNApplication - rolesForNewUserAccount = user
2026-06-23 08:31:42,636 [main] INFO  com.polarion.psvn.launcher.PolarionSVNApplication - RRDir = /opt/polarion/data/RR
2026-06-23 08:31:42,636 [main] INFO  com.polarion.psvn.launcher.PolarionSVNApplication - SDKDir = /opt/polarion/polarion/SDK
2026-06-23 08:31:42,636 [main] INFO  com.polarion.psvn.launcher.PolarionSVNApplication - secure.approvals = false
2026-06-23 08:31:42,636 [main] INFO  com.polarion.psvn.launcher.PolarionSVNApplication - shutdownCatchPhrase = shutdown
2026-06-23 08:31:42,636 [main] INFO  com.polarion.psvn.launcher.PolarionSVNApplication - simple.profiler.enabled = false
2026-06-23 08:31:42,636 [main] INFO  com.polarion.psvn.launcher.PolarionSVNApplication - skip.data.preloading = false
2026-06-23 08:31:42,636 [main] INFO  com.polarion.psvn.launcher.PolarionSVNApplication - stderr.encoding = UTF-8
2026-06-23 08:31:42,636 [main] INFO  com.polarion.psvn.launcher.PolarionSVNApplication - stdout.encoding = UTF-8
2026-06-23 08:31:42,636 [main] INFO  com.polarion.psvn.launcher.PolarionSVNApplication - storeUrl.com.polarion.requirements = https://polarion.plm.automation.siemens.com/products/licensing?product=REQUIREMENTS
2026-06-23 08:31:42,636 [main] INFO  com.polarion.psvn.launcher.PolarionSVNApplication - sun.arch.data.model = 64
2026-06-23 08:31:42,636 [main] INFO  com.polarion.psvn.launcher.PolarionSVNApplication - sun.boot.library.path = /usr/java/jdk-21.0.10+7/lib
2026-06-23 08:31:42,636 [main] INFO  com.polarion.psvn.launcher.PolarionSVNApplication - sun.cpu.endian = little
2026-06-23 08:31:42,637 [main] INFO  com.polarion.psvn.launcher.PolarionSVNApplication - sun.io.unicode.encoding = UnicodeLittle
2026-06-23 08:31:42,637 [main] INFO  com.polarion.psvn.launcher.PolarionSVNApplication - sun.java.command = org.eclipse.core.launcher.Main -nosplash -data /opt/polarion/data/workspace -configuration /opt/polarion/data/workspace/.config
2026-06-23 08:31:42,637 [main] INFO  com.polarion.psvn.launcher.PolarionSVNApplication - sun.java.launcher = SUN_STANDARD
2026-06-23 08:31:42,637 [main] INFO  com.polarion.psvn.launcher.PolarionSVNApplication - sun.jnu.encoding = UTF-8
2026-06-23 08:31:42,637 [main] INFO  com.polarion.psvn.launcher.PolarionSVNApplication - sun.management.compiler = HotSpot 64-Bit Tiered Compilers
2026-06-23 08:31:42,637 [main] INFO  com.polarion.psvn.launcher.PolarionSVNApplication - support.contact = https://support.sw.siemens.com/
2026-06-23 08:31:42,637 [main] INFO  com.polarion.psvn.launcher.PolarionSVNApplication - support.license.email = gds_licensing.disw@siemens.com
2026-06-23 08:31:42,637 [main] INFO  com.polarion.psvn.launcher.PolarionSVNApplication - support.sales.url = https://www.siemens.com/en-us/products/polarion/
2026-06-23 08:31:42,637 [main] INFO  com.polarion.psvn.launcher.PolarionSVNApplication - svnkit.http.encoding = UTF-8
2026-06-23 08:31:42,637 [main] INFO  com.polarion.psvn.launcher.PolarionSVNApplication - svnkit.library.gnome-keyring.enabled = false
2026-06-23 08:31:42,637 [main] INFO  com.polarion.psvn.launcher.PolarionSVNApplication - TomcatService.ajp13-port = 8889
2026-06-23 08:31:42,637 [main] INFO  com.polarion.psvn.launcher.PolarionSVNApplication - TomcatService.request.safeListedHosts = *
2026-06-23 08:31:42,637 [main] INFO  com.polarion.psvn.launcher.PolarionSVNApplication - user.country = US
2026-06-23 08:31:42,637 [main] INFO  com.polarion.psvn.launcher.PolarionSVNApplication - user.dir = /opt/polarion/data
2026-06-23 08:31:42,637 [main] INFO  com.polarion.psvn.launcher.PolarionSVNApplication - user.home = /opt/polarion/data
2026-06-23 08:31:42,637 [main] INFO  com.polarion.psvn.launcher.PolarionSVNApplication - user.language = en
2026-06-23 08:31:42,637 [main] INFO  com.polarion.psvn.launcher.PolarionSVNApplication - user.name = polarion
2026-06-23 08:31:42,637 [main] INFO  com.polarion.psvn.launcher.PolarionSVNApplication - user.timezone = Europe/Prague
2026-06-23 08:31:42,637 [main] INFO  com.polarion.psvn.launcher.PolarionSVNApplication - userAccountVault = /opt/polarion/data/workspace/user-account-vault
2026-06-23 08:31:42,637 [main] INFO  com.polarion.psvn.launcher.PolarionSVNApplication - workDir = /opt/polarion/data/workspace/polarion-data
2026-06-23 08:31:42,637 [main] INFO  com.polarion.psvn.launcher.PolarionSVNApplication - **** END of Java system properties
2026-06-23 08:31:42,641 [main] INFO  com.polarion.psvn.launcher.PolarionSVNApplication - XML parsers factory: com.sun.org.apache.xerces.internal.jaxp.DocumentBuilderFactoryImpl
2026-06-23 08:31:42,642 [main] INFO  com.polarion.psvn.launcher.internal.platform.PlatformService - Starting Platform...
2026-06-23 08:31:42,660 [main] INFO  PolarionLicensing - Trying to connect to SALT Server: 29000@czprglcsv6s004.net.plm.eds.com;29000@di2iesnn0375wv0.net.plm.eds.com
2026-06-23 08:31:43,355 [main] INFO  PolarionLicensing - Connected to SALT Server: 29000@czprglcsv6s004.net.plm.eds.com;29000@di2iesnn0375wv0.net.plm.eds.com
2026-06-23 08:31:43,370 [main] INFO  com.polarion.platform.hivemind.EclipseHiveMindPlatform - Processing bundles:
2026-06-23 08:31:43,371 [main] INFO  com.polarion.platform.hivemind.EclipseHiveMindPlatform -   [0] - org.eclipse.osgi
2026-06-23 08:31:43,379 [main] INFO  com.polarion.platform.hivemind.EclipseHiveMindPlatform -   [1] - org.eclipse.equinox.common
2026-06-23 08:31:43,380 [main] INFO  com.polarion.platform.hivemind.EclipseHiveMindPlatform -   [2] - com.siemens.polarion.eclipse.configurator
2026-06-23 08:31:43,380 [main] INFO  com.polarion.platform.hivemind.EclipseHiveMindPlatform -   [3] - org.eclipse.equinox.simpleconfigurator
2026-06-23 08:31:43,381 [main] INFO  com.polarion.platform.hivemind.EclipseHiveMindPlatform -   [4] - org.eclipse.core.runtime
2026-06-23 08:31:43,385 [main] INFO  com.polarion.platform.hivemind.EclipseHiveMindPlatform -   [5] - antlr-runtime
2026-06-23 08:31:43,385 [main] INFO  com.polarion.platform.hivemind.EclipseHiveMindPlatform -   [6] - antlr4
2026-06-23 08:31:43,385 [main] INFO  com.polarion.platform.hivemind.EclipseHiveMindPlatform -   [7] - antlr4-runtime
2026-06-23 08:31:43,386 [main] INFO  com.polarion.platform.hivemind.EclipseHiveMindPlatform -   [8] - bcpkix
2026-06-23 08:31:43,389 [main] INFO  com.polarion.platform.hivemind.EclipseHiveMindPlatform -   [9] - bcprov.patched
2026-06-23 08:31:43,398 [main] INFO  com.polarion.platform.hivemind.EclipseHiveMindPlatform -   [10] - bcutil
2026-06-23 08:31:43,400 [main] INFO  com.polarion.platform.hivemind.EclipseHiveMindPlatform -   [11] - cache-api
2026-06-23 08:31:43,400 [main] INFO  com.polarion.platform.hivemind.EclipseHiveMindPlatform -   [12] - checker-qual
2026-06-23 08:31:43,401 [main] INFO  com.polarion.platform.hivemind.EclipseHiveMindPlatform -   [13] - com.auth0.java-jwt
2026-06-23 08:31:43,401 [main] INFO  com.polarion.platform.hivemind.EclipseHiveMindPlatform -   [14] - com.azure.core
2026-06-23 08:31:43,402 [main] INFO  com.polarion.platform.hivemind.EclipseHiveMindPlatform -   [15] - com.azure.core.amqp
2026-06-23 08:31:43,402 [main] INFO  com.polarion.platform.hivemind.EclipseHiveMindPlatform -   [16] - com.azure.core.http.jdk.httpclient
2026-06-23 08:31:43,402 [main] INFO  com.polarion.platform.hivemind.EclipseHiveMindPlatform -   [17] - com.azure.json
2026-06-23 08:31:43,403 [main] INFO  com.polarion.platform.hivemind.EclipseHiveMindPlatform -   [18] - com.azure.messaging.eventhubs
2026-06-23 08:31:43,403 [main] INFO  com.polarion.platform.hivemind.EclipseHiveMindPlatform -   [19] - com.azure.messaging.eventhubs.checkpointstore.blob
2026-06-23 08:31:43,403 [main] INFO  com.polarion.platform.hivemind.EclipseHiveMindPlatform -   [20] - com.azure.storage.blob
2026-06-23 08:31:43,404 [main] INFO  com.polarion.platform.hivemind.EclipseHiveMindPlatform -   [21] - com.azure.storage.common
2026-06-23 08:31:43,404 [main] INFO  com.polarion.platform.hivemind.EclipseHiveMindPlatform -   [22] - com.azure.storage.internal.avro
2026-06-23 08:31:43,404 [main] INFO  com.polarion.platform.hivemind.EclipseHiveMindPlatform -   [23] - com.azure.xml
2026-06-23 08:31:43,404 [main] INFO  com.polarion.platform.hivemind.EclipseHiveMindPlatform -   [24] - com.fasterxml.classmate
2026-06-23 08:31:43,405 [main] INFO  com.polarion.platform.hivemind.EclipseHiveMindPlatform -   [25] - com.fasterxml.jackson-dataformat-yaml
2026-06-23 08:31:43,405 [main] INFO  com.polarion.platform.hivemind.EclipseHiveMindPlatform -   [26] - com.fasterxml.jackson.annotations
2026-06-23 08:31:43,405 [main] INFO  com.polarion.platform.hivemind.EclipseHiveMindPlatform -   [27] - com.fasterxml.jackson.core
2026-06-23 08:31:43,405 [main] INFO  com.polarion.platform.hivemind.EclipseHiveMindPlatform -   [28] - com.fasterxml.jackson.databind
2026-06-23 08:31:43,406 [main] INFO  com.polarion.platform.hivemind.EclipseHiveMindPlatform -   [29] - com.fasterxml.jackson.dataformat.xml
2026-06-23 08:31:43,406 [main] INFO  com.polarion.platform.hivemind.EclipseHiveMindPlatform -   [30] - com.fasterxml.jackson.datatype-jsr310
2026-06-23 08:31:43,406 [main] INFO  com.polarion.platform.hivemind.EclipseHiveMindPlatform -   [31] - com.fasterxml.jackson.jakarta.rs.base
2026-06-23 08:31:43,407 [main] INFO  com.polarion.platform.hivemind.EclipseHiveMindPlatform -   [32] - com.fasterxml.jackson.jakarta.rs.json.provider
2026-06-23 08:31:43,407 [main] INFO  com.polarion.platform.hivemind.EclipseHiveMindPlatform -   [33] - com.fasterxml.jackson.jakarta.rs.xml.provider
2026-06-23 08:31:43,407 [main] INFO  com.polarion.platform.hivemind.EclipseHiveMindPlatform -   [34] - com.fasterxml.jackson.module.jakarta.xmlbind.annotations
2026-06-23 08:31:43,408 [main] INFO  com.polarion.platform.hivemind.EclipseHiveMindPlatform -   [35] - com.fasterxml.woodstox.core
2026-06-23 08:31:43,408 [main] INFO  com.polarion.platform.hivemind.EclipseHiveMindPlatform -   [36] - com.google.errorprone.annotations
2026-06-23 08:31:43,408 [main] INFO  com.polarion.platform.hivemind.EclipseHiveMindPlatform -   [37] - com.google.gson
2026-06-23 08:31:43,409 [main] INFO  com.polarion.platform.hivemind.EclipseHiveMindPlatform -   [38] - com.google.guava
2026-06-23 08:31:43,411 [main] INFO  com.polarion.platform.hivemind.EclipseHiveMindPlatform -   [39] - com.google.guava.failureaccess
2026-06-23 08:31:43,412 [main] INFO  com.polarion.platform.hivemind.EclipseHiveMindPlatform -   [40] - com.ibm.icu
2026-06-23 08:31:43,413 [main] INFO  com.polarion.platform.hivemind.EclipseHiveMindPlatform -   [41] - com.icl.saxon.patched
2026-06-23 08:31:43,413 [main] INFO  com.polarion.platform.hivemind.EclipseHiveMindPlatform -   [42] - com.jayway.jsonpath.json-path
2026-06-23 08:31:43,413 [main] INFO  com.polarion.platform.hivemind.EclipseHiveMindPlatform -   [43] - com.jcraft.jsch
2026-06-23 08:31:43,414 [main] INFO  com.polarion.platform.hivemind.EclipseHiveMindPlatform -   [44] - com.microsoft.azure.qpid.proton.j.extensions
2026-06-23 08:31:43,414 [main] INFO  com.polarion.platform.hivemind.EclipseHiveMindPlatform -   [45] - com.networknt.json-schema-validator
2026-06-23 08:31:43,414 [main] INFO  com.polarion.platform.hivemind.EclipseHiveMindPlatform -   [46] - com.nimbusds.content-type
2026-06-23 08:31:43,415 [main] INFO  com.polarion.platform.hivemind.EclipseHiveMindPlatform -   [47] - com.nimbusds.lang-tag
2026-06-23 08:31:43,415 [main] INFO  com.polarion.platform.hivemind.EclipseHiveMindPlatform -   [48] - com.nimbusds.nimbus-jose-jwt
2026-06-23 08:31:43,415 [main] INFO  com.polarion.platform.hivemind.EclipseHiveMindPlatform -   [49] - com.oracle.database.ojdbc11
2026-06-23 08:31:43,416 [main] INFO  com.polarion.platform.hivemind.EclipseHiveMindPlatform -   [50] - com.oracle.database.orai18n
2026-06-23 08:31:43,416 [main] INFO  com.polarion.platform.hivemind.EclipseHiveMindPlatform -   [51] - com.polarion.alm.builder
2026-06-23 08:31:43,419 [main] INFO  com.polarion.platform.hivemind.EclipseHiveMindPlatform - Add bundle com.polarion.alm.builder to HiveMind
2026-06-23 08:31:43,419 [main] INFO  com.polarion.platform.hivemind.EclipseHiveMindPlatform -   [52] - com.polarion.alm.checker
2026-06-23 08:31:43,420 [main] INFO  com.polarion.platform.hivemind.EclipseHiveMindPlatform - Add bundle com.polarion.alm.checker to HiveMind
2026-06-23 08:31:43,420 [main] INFO  com.polarion.platform.hivemind.EclipseHiveMindPlatform -   [53] - com.polarion.alm.impex
2026-06-23 08:31:43,426 [main] INFO  com.polarion.platform.hivemind.EclipseHiveMindPlatform - Add bundle com.polarion.alm.impex to HiveMind
2026-06-23 08:31:43,426 [main] INFO  com.polarion.platform.hivemind.EclipseHiveMindPlatform -   [54] - com.polarion.alm.install
2026-06-23 08:31:43,426 [main] INFO  com.polarion.platform.hivemind.EclipseHiveMindPlatform -   [55] - com.polarion.alm.oslc
2026-06-23 08:31:43,429 [main] INFO  com.polarion.platform.hivemind.EclipseHiveMindPlatform - Add bundle com.polarion.alm.oslc to HiveMind
2026-06-23 08:31:43,429 [main] INFO  com.polarion.platform.hivemind.EclipseHiveMindPlatform -   [56] - com.polarion.alm.projects
2026-06-23 08:31:43,429 [main] INFO  com.polarion.platform.hivemind.EclipseHiveMindPlatform - Add bundle com.polarion.alm.projects to HiveMind
2026-06-23 08:31:43,429 [main] INFO  com.polarion.platform.hivemind.EclipseHiveMindPlatform -   [57] - com.polarion.alm.qcentre
2026-06-23 08:31:43,430 [main] INFO  com.polarion.platform.hivemind.EclipseHiveMindPlatform - Add bundle com.polarion.alm.qcentre to HiveMind
2026-06-23 08:31:43,430 [main] INFO  com.polarion.platform.hivemind.EclipseHiveMindPlatform -   [58] - com.polarion.alm.tracker
2026-06-23 08:31:43,431 [main] INFO  com.polarion.platform.hivemind.EclipseHiveMindPlatform - Add bundle com.polarion.alm.tracker to HiveMind
2026-06-23 08:31:43,431 [main] INFO  com.polarion.platform.hivemind.EclipseHiveMindPlatform -   [59] - com.polarion.alm.ui
2026-06-23 08:31:43,437 [main] INFO  com.polarion.platform.hivemind.EclipseHiveMindPlatform - Add bundle com.polarion.alm.ui to HiveMind
2026-06-23 08:31:43,437 [main] INFO  com.polarion.platform.hivemind.EclipseHiveMindPlatform -   [60] - com.polarion.alm.ui.diagrams.mxgraph
2026-06-23 08:31:43,437 [main] INFO  com.polarion.platform.hivemind.EclipseHiveMindPlatform -   [61] - com.polarion.alm.wiki
2026-06-23 08:31:43,439 [main] INFO  com.polarion.platform.hivemind.EclipseHiveMindPlatform - Add bundle com.polarion.alm.wiki to HiveMind
2026-06-23 08:31:43,439 [main] INFO  com.polarion.platform.hivemind.EclipseHiveMindPlatform -   [62] - com.polarion.alm.ws
2026-06-23 08:31:43,450 [main] INFO  com.polarion.platform.hivemind.EclipseHiveMindPlatform -   [63] - com.polarion.alm.ws.client
2026-06-23 08:31:43,450 [main] INFO  com.polarion.platform.hivemind.EclipseHiveMindPlatform -   [64] - com.polarion.cluster
2026-06-23 08:31:43,452 [main] INFO  com.polarion.platform.hivemind.EclipseHiveMindPlatform - Add bundle com.polarion.cluster to HiveMind
2026-06-23 08:31:43,452 [main] INFO  com.polarion.platform.hivemind.EclipseHiveMindPlatform -   [65] - com.polarion.core.boot
2026-06-23 08:31:43,453 [main] INFO  com.polarion.platform.hivemind.EclipseHiveMindPlatform -   [66] - com.polarion.core.util
2026-06-23 08:31:43,453 [main] INFO  com.polarion.platform.hivemind.EclipseHiveMindPlatform -   [67] - com.polarion.fop
2026-06-23 08:31:43,454 [main] INFO  com.polarion.platform.hivemind.EclipseHiveMindPlatform -   [68] - com.polarion.platform
2026-06-23 08:31:43,458 [main] INFO  com.polarion.platform.hivemind.EclipseHiveMindPlatform - Add bundle com.polarion.platform to HiveMind
2026-06-23 08:31:43,458 [main] INFO  com.polarion.platform.hivemind.EclipseHiveMindPlatform -   [69] - com.polarion.platform.guice
2026-06-23 08:31:43,459 [main] INFO  com.polarion.platform.hivemind.EclipseHiveMindPlatform - Add bundle com.polarion.platform.guice to HiveMind
2026-06-23 08:31:43,459 [main] INFO  com.polarion.platform.hivemind.EclipseHiveMindPlatform -   [70] - com.polarion.platform.hivemind
2026-06-23 08:31:43,459 [main] INFO  com.polarion.platform.hivemind.EclipseHiveMindPlatform - Add bundle com.polarion.platform.hivemind to HiveMind
2026-06-23 08:31:43,459 [main] INFO  com.polarion.platform.hivemind.EclipseHiveMindPlatform -   [71] - com.polarion.platform.jobs
2026-06-23 08:31:43,461 [main] INFO  com.polarion.platform.hivemind.EclipseHiveMindPlatform - Add bundle com.polarion.platform.jobs to HiveMind
2026-06-23 08:31:43,461 [main] INFO  com.polarion.platform.hivemind.EclipseHiveMindPlatform -   [72] - com.polarion.platform.monitoring
2026-06-23 08:31:43,463 [main] INFO  com.polarion.platform.hivemind.EclipseHiveMindPlatform - Add bundle com.polarion.platform.monitoring to HiveMind
2026-06-23 08:31:43,463 [main] INFO  com.polarion.platform.hivemind.EclipseHiveMindPlatform -   [73] - com.polarion.platform.persistence
2026-06-23 08:31:43,465 [main] INFO  com.polarion.platform.hivemind.EclipseHiveMindPlatform - Add bundle com.polarion.platform.persistence to HiveMind
2026-06-23 08:31:43,466 [main] INFO  com.polarion.platform.hivemind.EclipseHiveMindPlatform -   [74] - com.polarion.platform.repository
2026-06-23 08:31:43,468 [main] INFO  com.polarion.platform.hivemind.EclipseHiveMindPlatform - Add bundle com.polarion.platform.repository to HiveMind
2026-06-23 08:31:43,468 [main] INFO  com.polarion.platform.hivemind.EclipseHiveMindPlatform -   [75] - com.polarion.platform.repository.driver.svn
2026-06-23 08:31:43,469 [main] INFO  com.polarion.platform.hivemind.EclipseHiveMindPlatform - Add bundle com.polarion.platform.repository.driver.svn to HiveMind
2026-06-23 08:31:43,469 [main] INFO  com.polarion.platform.hivemind.EclipseHiveMindPlatform -   [76] - com.polarion.platform.repository.external
2026-06-23 08:31:43,471 [main] INFO  com.polarion.platform.hivemind.EclipseHiveMindPlatform - Add bundle com.polarion.platform.repository.external to HiveMind
2026-06-23 08:31:43,472 [main] INFO  com.polarion.platform.hivemind.EclipseHiveMindPlatform -   [77] - com.polarion.platform.repository.external.git
2026-06-23 08:31:43,474 [main] INFO  com.polarion.platform.hivemind.EclipseHiveMindPlatform - Add bundle com.polarion.platform.repository.external.git to HiveMind
2026-06-23 08:31:43,474 [main] INFO  com.polarion.platform.hivemind.EclipseHiveMindPlatform -   [78] - com.polarion.platform.repository.external.svn
2026-06-23 08:31:43,476 [main] INFO  com.polarion.platform.hivemind.EclipseHiveMindPlatform - Add bundle com.polarion.platform.repository.external.svn to HiveMind
2026-06-23 08:31:43,476 [main] INFO  com.polarion.platform.hivemind.EclipseHiveMindPlatform -   [79] - com.polarion.platform.sql
2026-06-23 08:31:43,477 [main] INFO  com.polarion.platform.hivemind.EclipseHiveMindPlatform - Add bundle com.polarion.platform.sql to HiveMind
2026-06-23 08:31:43,477 [main] INFO  com.polarion.platform.hivemind.EclipseHiveMindPlatform -   [80] - com.polarion.portal.tomcat
2026-06-23 08:31:43,485 [main] INFO  com.polarion.platform.hivemind.EclipseHiveMindPlatform -   [81] - com.polarion.psvn.launcher
2026-06-23 08:31:43,486 [main] INFO  com.polarion.platform.hivemind.EclipseHiveMindPlatform - Add bundle com.polarion.psvn.launcher to HiveMind
2026-06-23 08:31:43,486 [main] INFO  com.polarion.platform.hivemind.EclipseHiveMindPlatform -   [82] - com.polarion.purevariants
2026-06-23 08:31:43,487 [main] INFO  com.polarion.platform.hivemind.EclipseHiveMindPlatform - Add bundle com.polarion.purevariants to HiveMind
2026-06-23 08:31:43,487 [main] INFO  com.polarion.platform.hivemind.EclipseHiveMindPlatform -   [83] - com.polarion.qcentre
2026-06-23 08:31:43,487 [main] INFO  com.polarion.platform.hivemind.EclipseHiveMindPlatform -   [84] - com.polarion.scripting
2026-06-23 08:31:43,489 [main] INFO  com.polarion.platform.hivemind.EclipseHiveMindPlatform - Add bundle com.polarion.scripting to HiveMind
2026-06-23 08:31:43,489 [main] INFO  com.polarion.platform.hivemind.EclipseHiveMindPlatform -   [85] - com.polarion.scripting.servlet
2026-06-23 08:31:43,490 [main] INFO  com.polarion.platform.hivemind.EclipseHiveMindPlatform -   [86] - com.polarion.subterra.base
2026-06-23 08:31:43,491 [main] INFO  com.polarion.platform.hivemind.EclipseHiveMindPlatform -   [87] - com.polarion.subterra.index
2026-06-23 08:31:43,492 [main] INFO  com.polarion.platform.hivemind.EclipseHiveMindPlatform - Add bundle com.polarion.subterra.index to HiveMind
2026-06-23 08:31:43,492 [main] INFO  com.polarion.platform.hivemind.EclipseHiveMindPlatform -   [88] - com.polarion.subterra.persistence
2026-06-23 08:31:43,494 [main] INFO  com.polarion.platform.hivemind.EclipseHiveMindPlatform - Add bundle com.polarion.subterra.persistence to HiveMind
2026-06-23 08:31:43,494 [main] INFO  com.polarion.platform.hivemind.EclipseHiveMindPlatform -   [89] - com.polarion.subterra.persistence.document
2026-06-23 08:31:43,497 [main] INFO  com.polarion.platform.hivemind.EclipseHiveMindPlatform - Add bundle com.polarion.subterra.persistence.document to HiveMind
2026-06-23 08:31:43,497 [main] INFO  com.polarion.platform.hivemind.EclipseHiveMindPlatform -   [90] - com.polarion.synchronizer
2026-06-23 08:31:43,497 [main] INFO  com.polarion.platform.hivemind.EclipseHiveMindPlatform - Add bundle com.polarion.synchronizer to HiveMind
2026-06-23 08:31:43,498 [main] INFO  com.polarion.platform.hivemind.EclipseHiveMindPlatform -   [91] - com.polarion.synchronizer.proxy.hpalm
2026-06-23 08:31:43,502 [main] INFO  com.polarion.platform.hivemind.EclipseHiveMindPlatform -   [92] - com.polarion.synchronizer.proxy.jira
2026-06-23 08:31:43,503 [main] INFO  com.polarion.platform.hivemind.EclipseHiveMindPlatform -   [93] - com.polarion.synchronizer.proxy.polarion
2026-06-23 08:31:43,504 [main] INFO  com.polarion.platform.hivemind.EclipseHiveMindPlatform -   [94] - com.polarion.synchronizer.proxy.reqif
2026-06-23 08:31:43,506 [main] INFO  com.polarion.platform.hivemind.EclipseHiveMindPlatform -   [95] - com.polarion.synchronizer.ui
2026-06-23 08:31:43,507 [main] INFO  com.polarion.platform.hivemind.EclipseHiveMindPlatform -   [96] - com.polarion.usdp.persistence
2026-06-23 08:31:43,510 [main] INFO  com.polarion.platform.hivemind.EclipseHiveMindPlatform - Add bundle com.polarion.usdp.persistence to HiveMind
2026-06-23 08:31:43,510 [main] INFO  com.polarion.platform.hivemind.EclipseHiveMindPlatform -   [97] - com.siemens.des.logger.api
2026-06-23 08:31:43,511 [main] INFO  com.polarion.platform.hivemind.EclipseHiveMindPlatform -   [98] - com.siemens.plm.bitools.analytics
2026-06-23 08:31:43,511 [main] INFO  com.polarion.platform.hivemind.EclipseHiveMindPlatform -   [99] - com.siemens.polarion.analytics
2026-06-23 08:31:43,511 [main] INFO  com.polarion.platform.hivemind.EclipseHiveMindPlatform -   [100] - com.siemens.polarion.annotations
2026-06-23 08:31:43,513 [main] INFO  com.polarion.platform.hivemind.EclipseHiveMindPlatform -   [101] - com.siemens.polarion.ct.collectors.git
2026-06-23 08:31:43,514 [main] INFO  com.polarion.platform.hivemind.EclipseHiveMindPlatform - Add bundle com.siemens.polarion.ct.collectors.git to HiveMind
2026-06-23 08:31:43,514 [main] INFO  com.polarion.platform.hivemind.EclipseHiveMindPlatform -   [102] - com.siemens.polarion.db.migration
2026-06-23 08:31:43,516 [main] INFO  com.polarion.platform.hivemind.EclipseHiveMindPlatform -   [103] - com.siemens.polarion.integration.ci
2026-06-23 08:31:43,516 [main] INFO  com.polarion.platform.hivemind.EclipseHiveMindPlatform - Add bundle com.siemens.polarion.integration.ci to HiveMind
2026-06-23 08:31:43,516 [main] INFO  com.polarion.platform.hivemind.EclipseHiveMindPlatform -   [104] - com.siemens.polarion.localization
2026-06-23 08:31:43,516 [main] INFO  com.polarion.platform.hivemind.EclipseHiveMindPlatform -   [105] - com.siemens.polarion.msteamsintegration
2026-06-23 08:31:43,517 [main] INFO  com.polarion.platform.hivemind.EclipseHiveMindPlatform -   [106] - com.siemens.polarion.previewer
2026-06-23 08:31:43,517 [main] INFO  com.polarion.platform.hivemind.EclipseHiveMindPlatform - Add bundle com.siemens.polarion.previewer to HiveMind
2026-06-23 08:31:43,517 [main] INFO  com.polarion.platform.hivemind.EclipseHiveMindPlatform -   [107] - com.siemens.polarion.previewer.external
2026-06-23 08:31:43,518 [main] INFO  com.polarion.platform.hivemind.EclipseHiveMindPlatform - Add bundle com.siemens.polarion.previewer.external to HiveMind
2026-06-23 08:31:43,518 [main] INFO  com.polarion.platform.hivemind.EclipseHiveMindPlatform -   [108] - com.siemens.polarion.rest
2026-06-23 08:31:43,518 [main] INFO  com.polarion.platform.hivemind.EclipseHiveMindPlatform - Add bundle com.siemens.polarion.rest to HiveMind
2026-06-23 08:31:43,518 [main] INFO  com.polarion.platform.hivemind.EclipseHiveMindPlatform -   [109] - com.siemens.polarion.rt
2026-06-23 08:31:43,519 [main] INFO  com.polarion.platform.hivemind.EclipseHiveMindPlatform -   [110] - com.siemens.polarion.rt.api
2026-06-23 08:31:43,519 [main] INFO  com.polarion.platform.hivemind.EclipseHiveMindPlatform -   [111] - com.siemens.polarion.rt.collectors.git
2026-06-23 08:31:43,519 [main] INFO  com.polarion.platform.hivemind.EclipseHiveMindPlatform -   [112] - com.siemens.polarion.rt.communication.common
2026-06-23 08:31:43,520 [main] INFO  com.polarion.platform.hivemind.EclipseHiveMindPlatform -   [113] - com.siemens.polarion.rt.communication.polarion
2026-06-23 08:31:43,520 [main] INFO  com.polarion.platform.hivemind.EclipseHiveMindPlatform - Add bundle com.siemens.polarion.rt.communication.polarion to HiveMind
2026-06-23 08:31:43,520 [main] INFO  com.polarion.platform.hivemind.EclipseHiveMindPlatform -   [114] - com.siemens.polarion.rt.communication.rt
2026-06-23 08:31:43,520 [main] INFO  com.polarion.platform.hivemind.EclipseHiveMindPlatform -   [115] - com.siemens.polarion.rt.parsers.c
2026-06-23 08:31:43,521 [main] INFO  com.polarion.platform.hivemind.EclipseHiveMindPlatform -   [116] - com.siemens.polarion.rt.ui
2026-06-23 08:31:43,521 [main] INFO  com.polarion.platform.hivemind.EclipseHiveMindPlatform -   [117] - com.siemens.polarion.salt.wrapper
2026-06-23 08:31:43,521 [main] INFO  com.polarion.platform.hivemind.EclipseHiveMindPlatform -   [118] - com.siemens.polarion.secrets.manager
2026-06-23 08:31:43,521 [main] INFO  com.polarion.platform.hivemind.EclipseHiveMindPlatform -   [119] - com.siemens.polarion.svnwebclient
2026-06-23 08:31:43,522 [main] INFO  com.polarion.platform.hivemind.EclipseHiveMindPlatform -   [120] - com.siemens.polarion.synchronizer.proxy.tfs
2026-06-23 08:31:43,522 [main] INFO  com.polarion.platform.hivemind.EclipseHiveMindPlatform -   [121] - com.siemens.polarion.tcconfigurator
2026-06-23 08:31:43,522 [main] INFO  com.polarion.platform.hivemind.EclipseHiveMindPlatform - Add bundle com.siemens.polarion.tcconfigurator to HiveMind
2026-06-23 08:31:43,522 [main] INFO  com.polarion.platform.hivemind.EclipseHiveMindPlatform -   [122] - com.siemens.polarion.teamcenter.authenticator
2026-06-23 08:31:43,525 [main] INFO  com.polarion.platform.hivemind.EclipseHiveMindPlatform -   [123] - com.siemens.polarion.variantsolver
2026-06-23 08:31:43,525 [main] INFO  com.polarion.platform.hivemind.EclipseHiveMindPlatform -   [124] - com.sun.istack.commons-runtime
2026-06-23 08:31:43,525 [main] INFO  com.polarion.platform.hivemind.EclipseHiveMindPlatform -   [125] - com.sun.jna
2026-06-23 08:31:43,526 [main] INFO  com.polarion.platform.hivemind.EclipseHiveMindPlatform -   [126] - com.sun.jna.platform
2026-06-23 08:31:43,534 [main] INFO  com.polarion.platform.hivemind.EclipseHiveMindPlatform -   [127] - com.trilead.ssh2
2026-06-23 08:31:43,536 [main] INFO  com.polarion.platform.hivemind.EclipseHiveMindPlatform -   [128] - com.zaxxer.hikariCP
2026-06-23 08:31:43,537 [main] INFO  com.polarion.platform.hivemind.EclipseHiveMindPlatform -   [129] - commons-fileupload2-core
2026-06-23 08:31:43,541 [main] INFO  com.polarion.platform.hivemind.EclipseHiveMindPlatform -   [130] - commons-fileupload2-jakarta-servlet6
2026-06-23 08:31:43,542 [main] INFO  com.polarion.platform.hivemind.EclipseHiveMindPlatform -   [131] - commons-io
2026-06-23 08:31:43,542 [main] INFO  com.polarion.platform.hivemind.EclipseHiveMindPlatform -   [132] - des-sdk-core
2026-06-23 08:31:43,542 [main] INFO  com.polarion.platform.hivemind.EclipseHiveMindPlatform -   [133] - des-sdk-dss
2026-06-23 08:31:43,542 [main] INFO  com.polarion.platform.hivemind.EclipseHiveMindPlatform -   [134] - hibernate-commons-annotation
2026-06-23 08:31:43,543 [main] INFO  com.polarion.platform.hivemind.EclipseHiveMindPlatform -   [135] - hibernate-hikaricp
2026-06-23 08:31:43,543 [main] INFO  com.polarion.platform.hivemind.EclipseHiveMindPlatform -   [136] - html5diff
2026-06-23 08:31:43,543 [main] INFO  com.polarion.platform.hivemind.EclipseHiveMindPlatform -   [137] - io.dropwizard.metrics.core
2026-06-23 08:31:43,543 [main] INFO  com.polarion.platform.hivemind.EclipseHiveMindPlatform -   [138] - io.github.classgraph
2026-06-23 08:31:43,544 [main] INFO  com.polarion.platform.hivemind.EclipseHiveMindPlatform -   [139] - io.github.resilience4j.circuitbreaker
2026-06-23 08:31:43,544 [main] INFO  com.polarion.platform.hivemind.EclipseHiveMindPlatform -   [140] - io.github.resilience4j.core
2026-06-23 08:31:43,544 [main] INFO  com.polarion.platform.hivemind.EclipseHiveMindPlatform -   [141] - io.github.resilience4j.retry
2026-06-23 08:31:43,544 [main] INFO  com.polarion.platform.hivemind.EclipseHiveMindPlatform -   [142] - io.netty.buffer
2026-06-23 08:31:43,545 [main] INFO  com.polarion.platform.hivemind.EclipseHiveMindPlatform -   [143] - io.netty.codec
2026-06-23 08:31:43,546 [main] INFO  com.polarion.platform.hivemind.EclipseHiveMindPlatform -   [144] - io.netty.common
2026-06-23 08:31:43,549 [main] INFO  com.polarion.platform.hivemind.EclipseHiveMindPlatform -   [145] - io.netty.handler
2026-06-23 08:31:43,549 [main] INFO  com.polarion.platform.hivemind.EclipseHiveMindPlatform -   [146] - io.netty.resolver
2026-06-23 08:31:43,549 [main] INFO  com.polarion.platform.hivemind.EclipseHiveMindPlatform -   [147] - io.netty.transport
2026-06-23 08:31:43,550 [main] INFO  com.polarion.platform.hivemind.EclipseHiveMindPlatform -   [148] - io.netty.transport-native-unix-common
2026-06-23 08:31:43,552 [main] INFO  com.polarion.platform.hivemind.EclipseHiveMindPlatform -   [149] - io.projectreactor.reactor.core
2026-06-23 08:31:43,553 [main] INFO  com.polarion.platform.hivemind.EclipseHiveMindPlatform -   [150] - io.swagger-annotations-jakarta
2026-06-23 08:31:43,554 [main] INFO  com.polarion.platform.hivemind.EclipseHiveMindPlatform -   [151] - io.swagger-core-jakarta
2026-06-23 08:31:43,555 [main] INFO  com.polarion.platform.hivemind.EclipseHiveMindPlatform -   [152] - io.swagger-integration-jakarta
2026-06-23 08:31:43,556 [main] INFO  com.polarion.platform.hivemind.EclipseHiveMindPlatform -   [153] - io.swagger-jaxrs2-jakarta
2026-06-23 08:31:43,558 [main] INFO  com.polarion.platform.hivemind.EclipseHiveMindPlatform -   [154] - io.swagger-models-jakarta
2026-06-23 08:31:43,559 [main] INFO  com.polarion.platform.hivemind.EclipseHiveMindPlatform -   [155] - io.vavr
2026-06-23 08:31:43,560 [main] INFO  com.polarion.platform.hivemind.EclipseHiveMindPlatform -   [156] - jakaroma
2026-06-23 08:31:43,565 [main] INFO  com.polarion.platform.hivemind.EclipseHiveMindPlatform -   [157] - jakarta.activation-api
2026-06-23 08:31:43,567 [main] INFO  com.polarion.platform.hivemind.EclipseHiveMindPlatform -   [158] - jakarta.annotation-api
2026-06-23 08:31:43,567 [main] INFO  com.polarion.platform.hivemind.EclipseHiveMindPlatform -   [159] - jakarta.inject-api
2026-06-23 08:31:43,567 [main] INFO  com.polarion.platform.hivemind.EclipseHiveMindPlatform -   [160] - jakarta.mail
2026-06-23 08:31:43,567 [main] INFO  com.polarion.platform.hivemind.EclipseHiveMindPlatform -   [161] - jakarta.mail-api
2026-06-23 08:31:43,568 [main] INFO  com.polarion.platform.hivemind.EclipseHiveMindPlatform -   [162] - jakarta.persistence-api
2026-06-23 08:31:43,568 [main] INFO  com.polarion.platform.hivemind.EclipseHiveMindPlatform -   [163] - jakarta.servlet-api
2026-06-23 08:31:43,568 [main] INFO  com.polarion.platform.hivemind.EclipseHiveMindPlatform -   [164] - jakarta.transaction-api
2026-06-23 08:31:43,568 [main] INFO  com.polarion.platform.hivemind.EclipseHiveMindPlatform -   [165] - jakarta.validation.validation-api
2026-06-23 08:31:43,568 [main] INFO  com.polarion.platform.hivemind.EclipseHiveMindPlatform -   [166] - jakarta.websocket-api
2026-06-23 08:31:43,568 [main] INFO  com.polarion.platform.hivemind.EclipseHiveMindPlatform -   [167] - jakarta.ws.rs-api
2026-06-23 08:31:43,579 [main] INFO  com.polarion.platform.hivemind.EclipseHiveMindPlatform -   [168] - jakarta.xml.bind-api
2026-06-23 08:31:43,579 [main] INFO  com.polarion.platform.hivemind.EclipseHiveMindPlatform -   [169] - jaxb-runtime
2026-06-23 08:31:43,582 [main] INFO  com.polarion.platform.hivemind.EclipseHiveMindPlatform -   [170] - jcip-annotations
2026-06-23 08:31:43,584 [main] INFO  com.polarion.platform.hivemind.EclipseHiveMindPlatform -   [171] - jcl.over.slf4j
2026-06-23 08:31:43,591 [main] INFO  com.polarion.platform.hivemind.EclipseHiveMindPlatform -   [172] - kuromoji-core
2026-06-23 08:31:43,591 [main] INFO  com.polarion.platform.hivemind.EclipseHiveMindPlatform -   [173] - kuromoji-ipadic
2026-06-23 08:31:43,591 [main] INFO  com.polarion.platform.hivemind.EclipseHiveMindPlatform -   [174] - micrometer-commons
2026-06-23 08:31:43,592 [main] INFO  com.polarion.platform.hivemind.EclipseHiveMindPlatform -   [175] - micrometer-observation
2026-06-23 08:31:43,592 [main] INFO  com.polarion.platform.hivemind.EclipseHiveMindPlatform -   [176] - neko-htmlunit
2026-06-23 08:31:43,592 [main] INFO  com.polarion.platform.hivemind.EclipseHiveMindPlatform -   [177] - net.bytebuddy.byte-buddy
2026-06-23 08:31:43,613 [main] INFO  com.polarion.platform.hivemind.EclipseHiveMindPlatform -   [178] - net.java.dev.jna
2026-06-23 08:31:43,615 [main] INFO  com.polarion.platform.hivemind.EclipseHiveMindPlatform -   [179] - net.minidev.accessors-smart
2026-06-23 08:31:43,617 [main] INFO  com.polarion.platform.hivemind.EclipseHiveMindPlatform -   [180] - net.minidev.asm
2026-06-23 08:31:43,619 [main] INFO  com.polarion.platform.hivemind.EclipseHiveMindPlatform -   [181] - net.minidev.json-smart
2026-06-23 08:31:43,619 [main] INFO  com.polarion.platform.hivemind.EclipseHiveMindPlatform -   [182] - net.sf.saxon
2026-06-23 08:31:43,619 [main] INFO  com.polarion.platform.hivemind.EclipseHiveMindPlatform -   [183] - net.shibboleth.utilities.java.support
2026-06-23 08:31:43,622 [main] INFO  com.polarion.platform.hivemind.EclipseHiveMindPlatform -   [184] - net.sourceforge.cssparser
2026-06-23 08:31:43,622 [main] INFO  com.polarion.platform.hivemind.EclipseHiveMindPlatform -   [185] - net.sourceforge.htmlcleaner
2026-06-23 08:31:43,622 [main] INFO  com.polarion.platform.hivemind.EclipseHiveMindPlatform -   [186] - oauth2-oidc-sdk
2026-06-23 08:31:43,623 [main] INFO  com.polarion.platform.hivemind.EclipseHiveMindPlatform -   [187] - org.abego.treelayout.core
2026-06-23 08:31:43,625 [main] INFO  com.polarion.platform.hivemind.EclipseHiveMindPlatform -   [188] - org.antlr.ST4
2026-06-23 08:31:43,626 [main] INFO  com.polarion.platform.hivemind.EclipseHiveMindPlatform -   [189] - org.apache.ant
2026-06-23 08:31:43,630 [main] INFO  com.polarion.platform.hivemind.EclipseHiveMindPlatform -   [190] - org.apache.avro
2026-06-23 08:31:43,630 [main] INFO  com.polarion.platform.hivemind.EclipseHiveMindPlatform -   [191] - org.apache.axis
2026-06-23 08:31:43,631 [main] INFO  com.polarion.platform.hivemind.EclipseHiveMindPlatform -   [192] - org.apache.batik.patched
2026-06-23 08:31:43,632 [main] INFO  com.polarion.platform.hivemind.EclipseHiveMindPlatform -   [193] - org.apache.commons-lang3
2026-06-23 08:31:43,632 [main] INFO  com.polarion.platform.hivemind.EclipseHiveMindPlatform -   [194] - org.apache.commons.codec
2026-06-23 08:31:43,632 [main] INFO  com.polarion.platform.hivemind.EclipseHiveMindPlatform -   [195] - org.apache.commons.collections
2026-06-23 08:31:43,632 [main] INFO  com.polarion.platform.hivemind.EclipseHiveMindPlatform -   [196] - org.apache.commons.commons-beanutils
2026-06-23 08:31:43,633 [main] INFO  com.polarion.platform.hivemind.EclipseHiveMindPlatform -   [197] - org.apache.commons.commons-codec
2026-06-23 08:31:43,634 [main] INFO  com.polarion.platform.hivemind.EclipseHiveMindPlatform -   [198] - org.apache.commons.commons-collections4
2026-06-23 08:31:43,634 [main] INFO  com.polarion.platform.hivemind.EclipseHiveMindPlatform -   [199] - org.apache.commons.commons-compress
2026-06-23 08:31:43,636 [main] INFO  com.polarion.platform.hivemind.EclipseHiveMindPlatform -   [200] - org.apache.commons.digester.patched
2026-06-23 08:31:43,636 [main] INFO  com.polarion.platform.hivemind.EclipseHiveMindPlatform -   [201] - org.apache.commons.exec
2026-06-23 08:31:43,636 [main] INFO  com.polarion.platform.hivemind.EclipseHiveMindPlatform -   [202] - org.apache.commons.lang
2026-06-23 08:31:43,636 [main] INFO  com.polarion.platform.hivemind.EclipseHiveMindPlatform -   [203] - org.apache.commons.logging
2026-06-23 08:31:43,637 [main] INFO  com.polarion.platform.hivemind.EclipseHiveMindPlatform -   [204] - org.apache.curator-client
2026-06-23 08:31:43,637 [main] INFO  com.polarion.platform.hivemind.EclipseHiveMindPlatform -   [205] - org.apache.curator-framework
2026-06-23 08:31:43,638 [main] INFO  com.polarion.platform.hivemind.EclipseHiveMindPlatform -   [206] - org.apache.curator-recipes
2026-06-23 08:31:43,638 [main] INFO  com.polarion.platform.hivemind.EclipseHiveMindPlatform -   [207] - org.apache.felix.scr
2026-06-23 08:31:43,638 [main] INFO  com.polarion.platform.hivemind.EclipseHiveMindPlatform -   [208] - org.apache.fop
2026-06-23 08:31:43,646 [main] INFO  com.polarion.platform.hivemind.EclipseHiveMindPlatform -   [209] - org.apache.hivemind
2026-06-23 08:31:43,649 [main] INFO  com.polarion.platform.hivemind.EclipseHiveMindPlatform - Add bundle org.apache.hivemind to HiveMind
2026-06-23 08:31:43,649 [main] INFO  com.polarion.platform.hivemind.EclipseHiveMindPlatform -   [210] - org.apache.httpcomponents.httpclient
2026-06-23 08:31:43,657 [main] INFO  com.polarion.platform.hivemind.EclipseHiveMindPlatform -   [211] - org.apache.httpcomponents.httpcore
2026-06-23 08:31:43,657 [main] INFO  com.polarion.platform.hivemind.EclipseHiveMindPlatform -   [212] - org.apache.httpcomponents.httpmime
2026-06-23 08:31:43,657 [main] INFO  com.polarion.platform.hivemind.EclipseHiveMindPlatform -   [213] - org.apache.kafka.kafka-clients
2026-06-23 08:31:43,658 [main] INFO  com.polarion.platform.hivemind.EclipseHiveMindPlatform -   [214] - org.apache.kafka.kafka-streams
2026-06-23 08:31:43,658 [main] INFO  com.polarion.platform.hivemind.EclipseHiveMindPlatform -   [215] - org.apache.logging.log4j.1.2-api
2026-06-23 08:31:43,659 [main] INFO  com.polarion.platform.hivemind.EclipseHiveMindPlatform -   [216] - org.apache.logging.log4j.api
2026-06-23 08:31:43,660 [main] INFO  com.polarion.platform.hivemind.EclipseHiveMindPlatform -   [217] - org.apache.logging.log4j.apiconf
2026-06-23 08:31:43,660 [main] INFO  com.polarion.platform.hivemind.EclipseHiveMindPlatform -   [218] - org.apache.logging.log4j.core
2026-06-23 08:31:43,660 [main] INFO  com.polarion.platform.hivemind.EclipseHiveMindPlatform -   [219] - org.apache.lucene.analysis-common
2026-06-23 08:31:43,668 [main] INFO  com.polarion.platform.hivemind.EclipseHiveMindPlatform -   [220] - org.apache.lucene.core
2026-06-23 08:31:43,675 [main] INFO  com.polarion.platform.hivemind.EclipseHiveMindPlatform -   [221] - org.apache.lucene.grouping
2026-06-23 08:31:43,675 [main] INFO  com.polarion.platform.hivemind.EclipseHiveMindPlatform -   [222] - org.apache.lucene.queryparser
2026-06-23 08:31:43,677 [main] INFO  com.polarion.platform.hivemind.EclipseHiveMindPlatform -   [223] - org.apache.maven.core
2026-06-23 08:31:43,682 [main] INFO  com.polarion.platform.hivemind.EclipseHiveMindPlatform -   [224] - org.apache.maven.embedder
2026-06-23 08:31:43,682 [main] INFO  com.polarion.platform.hivemind.EclipseHiveMindPlatform -   [225] - org.apache.maven.model
2026-06-23 08:31:43,682 [main] INFO  com.polarion.platform.hivemind.EclipseHiveMindPlatform -   [226] - org.apache.maven.model.builder
2026-06-23 08:31:43,683 [main] INFO  com.polarion.platform.hivemind.EclipseHiveMindPlatform -   [227] - org.apache.oro
2026-06-23 08:31:43,683 [main] INFO  com.polarion.platform.hivemind.EclipseHiveMindPlatform -   [228] - org.apache.pdfbox.fontbox
2026-06-23 08:31:43,684 [main] INFO  com.polarion.platform.hivemind.EclipseHiveMindPlatform -   [229] - org.apache.poi
2026-06-23 08:31:43,686 [main] INFO  com.polarion.platform.hivemind.EclipseHiveMindPlatform -   [230] - org.apache.qpid.proton-j
2026-06-23 08:31:43,688 [main] INFO  com.polarion.platform.hivemind.EclipseHiveMindPlatform -   [231] - org.apache.santuario.xmlsec
2026-06-23 08:31:43,689 [main] INFO  com.polarion.platform.hivemind.EclipseHiveMindPlatform -   [232] - org.apache.tika.patched
2026-06-23 08:31:43,765 [main] INFO  com.polarion.platform.hivemind.EclipseHiveMindPlatform -   [233] - org.apache.velocity.engine-core
2026-06-23 08:31:43,767 [main] INFO  com.polarion.platform.hivemind.EclipseHiveMindPlatform -   [234] - org.apache.xalan
2026-06-23 08:31:43,768 [main] INFO  com.polarion.platform.hivemind.EclipseHiveMindPlatform -   [235] - org.apache.xercesImpl
2026-06-23 08:31:43,769 [main] INFO  com.polarion.platform.hivemind.EclipseHiveMindPlatform -   [236] - org.apache.xml.serializer
2026-06-23 08:31:43,771 [main] INFO  com.polarion.platform.hivemind.EclipseHiveMindPlatform -   [237] - org.apache.xmlgraphics.commons.patched
2026-06-23 08:31:43,772 [main] INFO  com.polarion.platform.hivemind.EclipseHiveMindPlatform -   [238] - org.apache.zookeeper
2026-06-23 08:31:43,774 [main] INFO  com.polarion.platform.hivemind.EclipseHiveMindPlatform -   [239] - org.apache.zookeeper-jute
2026-06-23 08:31:43,774 [main] INFO  com.polarion.platform.hivemind.EclipseHiveMindPlatform -   [240] - org.codehaus.plexus.classworlds
2026-06-23 08:31:43,775 [main] INFO  com.polarion.platform.hivemind.EclipseHiveMindPlatform -   [241] - org.codehaus.plexus.utils
2026-06-23 08:31:43,776 [main] INFO  com.polarion.platform.hivemind.EclipseHiveMindPlatform -   [242] - org.codehaus.woodstox.stax2-api
2026-06-23 08:31:43,776 [main] INFO  com.polarion.platform.hivemind.EclipseHiveMindPlatform -   [243] - org.cryptacular
2026-06-23 08:31:43,777 [main] INFO  com.polarion.platform.hivemind.EclipseHiveMindPlatform -   [244] - org.dom4j
2026-06-23 08:31:43,777 [main] INFO  com.polarion.platform.hivemind.EclipseHiveMindPlatform -   [245] - org.eclipse.core.contenttype
2026-06-23 08:31:43,777 [main] INFO  com.polarion.platform.hivemind.EclipseHiveMindPlatform -   [246] - org.eclipse.core.expressions
2026-06-23 08:31:43,778 [main] INFO  com.polarion.platform.hivemind.EclipseHiveMindPlatform -   [247] - org.eclipse.core.filesystem
2026-06-23 08:31:43,780 [main] INFO  com.polarion.platform.hivemind.EclipseHiveMindPlatform -   [248] - org.eclipse.core.filesystem.linux.x86_64
2026-06-23 08:31:43,781 [main] INFO  com.polarion.platform.hivemind.EclipseHiveMindPlatform -   [249] - org.eclipse.core.jobs
2026-06-23 08:31:43,782 [main] INFO  com.polarion.platform.hivemind.EclipseHiveMindPlatform -   [250] - org.eclipse.core.net
2026-06-23 08:31:43,783 [main] INFO  com.polarion.platform.hivemind.EclipseHiveMindPlatform -   [251] - org.eclipse.core.net.linux
2026-06-23 08:31:43,783 [main] INFO  com.polarion.platform.hivemind.EclipseHiveMindPlatform -   [252] - org.eclipse.core.resources
2026-06-23 08:31:43,784 [main] INFO  com.polarion.platform.hivemind.EclipseHiveMindPlatform -   [253] - org.eclipse.equinox.app
2026-06-23 08:31:43,786 [main] INFO  com.polarion.platform.hivemind.EclipseHiveMindPlatform -   [254] - org.eclipse.equinox.event
2026-06-23 08:31:43,789 [main] INFO  com.polarion.platform.hivemind.EclipseHiveMindPlatform -   [255] - org.eclipse.equinox.launcher
2026-06-23 08:31:43,789 [main] INFO  com.polarion.platform.hivemind.EclipseHiveMindPlatform -   [256] - org.eclipse.equinox.launcher.gtk.linux.x86_64
2026-06-23 08:31:43,789 [main] INFO  com.polarion.platform.hivemind.EclipseHiveMindPlatform -   [257] - org.eclipse.equinox.preferences
2026-06-23 08:31:43,791 [main] INFO  com.polarion.platform.hivemind.EclipseHiveMindPlatform -   [258] - org.eclipse.equinox.registry
2026-06-23 08:31:43,793 [main] INFO  com.polarion.platform.hivemind.EclipseHiveMindPlatform -   [259] - org.eclipse.equinox.security
2026-06-23 08:31:43,793 [main] INFO  com.polarion.platform.hivemind.EclipseHiveMindPlatform -   [260] - org.eclipse.equinox.security.linux
2026-06-23 08:31:43,794 [main] INFO  com.polarion.platform.hivemind.EclipseHiveMindPlatform -   [261] - org.eclipse.jgit
2026-06-23 08:31:43,800 [main] INFO  com.polarion.platform.hivemind.EclipseHiveMindPlatform -   [262] - org.eclipse.osgi.services
2026-06-23 08:31:43,801 [main] INFO  com.polarion.platform.hivemind.EclipseHiveMindPlatform -   [263] - org.eclipse.osgi.util
2026-06-23 08:31:43,801 [main] INFO  com.polarion.platform.hivemind.EclipseHiveMindPlatform -   [264] - org.ehcache
2026-06-23 08:31:43,806 [main] INFO  com.polarion.platform.hivemind.EclipseHiveMindPlatform -   [265] - org.gitlab.java-gitlab-api
2026-06-23 08:31:43,806 [main] INFO  com.polarion.platform.hivemind.EclipseHiveMindPlatform -   [266] - org.glassfish.hk2.osgi-resource-locator
2026-06-23 08:31:43,806 [main] INFO  com.polarion.platform.hivemind.EclipseHiveMindPlatform -   [267] - org.glassfish.jaxb-core
2026-06-23 08:31:43,807 [main] INFO  com.polarion.platform.hivemind.EclipseHiveMindPlatform -   [268] - org.glassfish.jaxb.txw2
2026-06-23 08:31:43,808 [main] INFO  com.polarion.platform.hivemind.EclipseHiveMindPlatform -   [269] - org.glassfish.jersey
2026-06-23 08:31:43,811 [main] INFO  com.polarion.platform.hivemind.EclipseHiveMindPlatform -   [270] - org.glassfish.jersey-entity-filtering
2026-06-23 08:31:43,813 [main] INFO  com.polarion.platform.hivemind.EclipseHiveMindPlatform -   [271] - org.graalvm.js
2026-06-23 08:31:43,814 [main] INFO  com.polarion.platform.hivemind.EclipseHiveMindPlatform -   [272] - org.graalvm.js-scriptengine
2026-06-23 08:31:43,815 [main] INFO  com.polarion.platform.hivemind.EclipseHiveMindPlatform -   [273] - org.graalvm.regex
2026-06-23 08:31:43,817 [main] INFO  com.polarion.platform.hivemind.EclipseHiveMindPlatform -   [274] - org.graalvm.sdk
2026-06-23 08:31:43,818 [main] INFO  com.polarion.platform.hivemind.EclipseHiveMindPlatform -   [275] - org.graalvm.truffle-api
2026-06-23 08:31:43,818 [main] INFO  com.polarion.platform.hivemind.EclipseHiveMindPlatform -   [276] - org.hibernate-models
2026-06-23 08:31:43,818 [main] INFO  com.polarion.platform.hivemind.EclipseHiveMindPlatform -   [277] - org.hibernate.orm.core
2026-06-23 08:31:43,820 [main] INFO  com.polarion.platform.hivemind.EclipseHiveMindPlatform -   [278] - org.javassist
2026-06-23 08:31:43,821 [main] INFO  com.polarion.platform.hivemind.EclipseHiveMindPlatform -   [279] - org.jboss-logging
2026-06-23 08:31:43,821 [main] INFO  com.polarion.platform.hivemind.EclipseHiveMindPlatform -   [280] - org.jboss.jandex
2026-06-23 08:31:43,822 [main] INFO  com.polarion.platform.hivemind.EclipseHiveMindPlatform -   [281] - org.jsoup
2026-06-23 08:31:43,823 [main] INFO  com.polarion.platform.hivemind.EclipseHiveMindPlatform -   [282] - org.jsr-305
2026-06-23 08:31:43,824 [main] INFO  com.polarion.platform.hivemind.EclipseHiveMindPlatform -   [283] - org.jvnet.mimepull
2026-06-23 08:31:43,824 [main] INFO  com.polarion.platform.hivemind.EclipseHiveMindPlatform -   [284] - org.objectweb.asm
2026-06-23 08:31:43,824 [main] INFO  com.polarion.platform.hivemind.EclipseHiveMindPlatform -   [285] - org.objectweb.jotm
2026-06-23 08:31:43,826 [main] INFO  com.polarion.platform.hivemind.EclipseHiveMindPlatform -   [286] - org.opensaml.core
2026-06-23 08:31:43,827 [main] INFO  com.polarion.platform.hivemind.EclipseHiveMindPlatform -   [287] - org.opensaml.messaging.api
2026-06-23 08:31:43,827 [main] INFO  com.polarion.platform.hivemind.EclipseHiveMindPlatform -   [288] - org.opensaml.messaging.impl
2026-06-23 08:31:43,827 [main] INFO  com.polarion.platform.hivemind.EclipseHiveMindPlatform -   [289] - org.opensaml.profile.api
2026-06-23 08:31:43,828 [main] INFO  com.polarion.platform.hivemind.EclipseHiveMindPlatform -   [290] - org.opensaml.profile.impl
2026-06-23 08:31:43,828 [main] INFO  com.polarion.platform.hivemind.EclipseHiveMindPlatform -   [291] - org.opensaml.saml.api
2026-06-23 08:31:43,829 [main] INFO  com.polarion.platform.hivemind.EclipseHiveMindPlatform -   [292] - org.opensaml.saml.impl
2026-06-23 08:31:43,829 [main] INFO  com.polarion.platform.hivemind.EclipseHiveMindPlatform -   [293] - org.opensaml.security.api
2026-06-23 08:31:43,831 [main] INFO  com.polarion.platform.hivemind.EclipseHiveMindPlatform -   [294] - org.opensaml.security.impl
2026-06-23 08:31:43,831 [main] INFO  com.polarion.platform.hivemind.EclipseHiveMindPlatform -   [295] - org.opensaml.soap.api
2026-06-23 08:31:43,832 [main] INFO  com.polarion.platform.hivemind.EclipseHiveMindPlatform -   [296] - org.opensaml.soap.impl
2026-06-23 08:31:43,833 [main] INFO  com.polarion.platform.hivemind.EclipseHiveMindPlatform -   [297] - org.opensaml.storage.api
2026-06-23 08:31:43,833 [main] INFO  com.polarion.platform.hivemind.EclipseHiveMindPlatform -   [298] - org.opensaml.storage.impl
2026-06-23 08:31:43,834 [main] INFO  com.polarion.platform.hivemind.EclipseHiveMindPlatform -   [299] - org.opensaml.xmlsec.api
2026-06-23 08:31:43,834 [main] INFO  com.polarion.platform.hivemind.EclipseHiveMindPlatform -   [300] - org.opensaml.xmlsec.impl
2026-06-23 08:31:43,834 [main] INFO  com.polarion.platform.hivemind.EclipseHiveMindPlatform -   [301] - org.osgi.service.cm
2026-06-23 08:31:43,835 [main] INFO  com.polarion.platform.hivemind.EclipseHiveMindPlatform -   [302] - org.osgi.service.component
2026-06-23 08:31:43,835 [main] INFO  com.polarion.platform.hivemind.EclipseHiveMindPlatform -   [303] - org.osgi.service.device
2026-06-23 08:31:43,836 [main] INFO  com.polarion.platform.hivemind.EclipseHiveMindPlatform -   [304] - org.osgi.service.event
2026-06-23 08:31:43,836 [main] INFO  com.polarion.platform.hivemind.EclipseHiveMindPlatform -   [305] - org.osgi.service.metatype
2026-06-23 08:31:43,837 [main] INFO  com.polarion.platform.hivemind.EclipseHiveMindPlatform -   [306] - org.osgi.service.prefs
2026-06-23 08:31:43,838 [main] INFO  com.polarion.platform.hivemind.EclipseHiveMindPlatform -   [307] - org.osgi.service.provisioning
2026-06-23 08:31:43,839 [main] INFO  com.polarion.platform.hivemind.EclipseHiveMindPlatform -   [308] - org.osgi.service.upnp
2026-06-23 08:31:43,839 [main] INFO  com.polarion.platform.hivemind.EclipseHiveMindPlatform -   [309] - org.osgi.service.useradmin
2026-06-23 08:31:43,839 [main] INFO  com.polarion.platform.hivemind.EclipseHiveMindPlatform -   [310] - org.osgi.service.wireadmin
2026-06-23 08:31:43,840 [main] INFO  com.polarion.platform.hivemind.EclipseHiveMindPlatform -   [311] - org.osgi.util.function
2026-06-23 08:31:43,840 [main] INFO  com.polarion.platform.hivemind.EclipseHiveMindPlatform -   [312] - org.osgi.util.measurement
2026-06-23 08:31:43,841 [main] INFO  com.polarion.platform.hivemind.EclipseHiveMindPlatform -   [313] - org.osgi.util.position
2026-06-23 08:31:43,841 [main] INFO  com.polarion.platform.hivemind.EclipseHiveMindPlatform -   [314] - org.osgi.util.promise
2026-06-23 08:31:43,842 [main] INFO  com.polarion.platform.hivemind.EclipseHiveMindPlatform -   [315] - org.osgi.util.xml
2026-06-23 08:31:43,842 [main] INFO  com.polarion.platform.hivemind.EclipseHiveMindPlatform -   [316] - org.owasp.esapi
2026-06-23 08:31:43,843 [main] INFO  com.polarion.platform.hivemind.EclipseHiveMindPlatform -   [317] - org.postgresql
2026-06-23 08:31:43,844 [main] INFO  com.polarion.platform.hivemind.EclipseHiveMindPlatform -   [318] - org.reactive.streams
2026-06-23 08:31:43,844 [main] INFO  com.polarion.platform.hivemind.EclipseHiveMindPlatform -   [319] - org.rocksdb.rocksdbjni
2026-06-23 08:31:43,845 [main] INFO  com.polarion.platform.hivemind.EclipseHiveMindPlatform -   [320] - org.springframework.spring-aop
2026-06-23 08:31:43,845 [main] INFO  com.polarion.platform.hivemind.EclipseHiveMindPlatform -   [321] - org.springframework.spring-beans
2026-06-23 08:31:43,846 [main] INFO  com.polarion.platform.hivemind.EclipseHiveMindPlatform -   [322] - org.springframework.spring-context
2026-06-23 08:31:43,848 [main] INFO  com.polarion.platform.hivemind.EclipseHiveMindPlatform -   [323] - org.springframework.spring-core
2026-06-23 08:31:43,848 [main] INFO  com.polarion.platform.hivemind.EclipseHiveMindPlatform -   [324] - org.springframework.spring-data-commons
2026-06-23 08:31:43,849 [main] INFO  com.polarion.platform.hivemind.EclipseHiveMindPlatform -   [325] - org.springframework.spring-data-jpa
2026-06-23 08:31:43,850 [main] INFO  com.polarion.platform.hivemind.EclipseHiveMindPlatform -   [326] - org.springframework.spring-expression
2026-06-23 08:31:43,850 [main] INFO  com.polarion.platform.hivemind.EclipseHiveMindPlatform -   [327] - org.springframework.spring-jcl
2026-06-23 08:31:43,851 [main] INFO  com.polarion.platform.hivemind.EclipseHiveMindPlatform -   [328] - org.springframework.spring-jdbc
2026-06-23 08:31:43,853 [main] INFO  com.polarion.platform.hivemind.EclipseHiveMindPlatform -   [329] - org.springframework.spring-orm
2026-06-23 08:31:43,855 [main] INFO  com.polarion.platform.hivemind.EclipseHiveMindPlatform -   [330] - org.springframework.spring-test
2026-06-23 08:31:43,856 [main] INFO  com.polarion.platform.hivemind.EclipseHiveMindPlatform -   [331] - org.springframework.spring-tx
2026-06-23 08:31:43,857 [main] INFO  com.polarion.platform.hivemind.EclipseHiveMindPlatform -   [332] - org.springframework.spring-web
2026-06-23 08:31:43,857 [main] INFO  com.polarion.platform.hivemind.EclipseHiveMindPlatform -   [333] - org.springframework.spring-webmvc
2026-06-23 08:31:43,859 [main] INFO  com.polarion.platform.hivemind.EclipseHiveMindPlatform -   [334] - org.tmatesoft.sqljet
2026-06-23 08:31:43,859 [main] INFO  com.polarion.platform.hivemind.EclipseHiveMindPlatform -   [335] - org.tmatesoft.svnkit
2026-06-23 08:31:43,861 [main] INFO  com.polarion.platform.hivemind.EclipseHiveMindPlatform -   [336] - org.xerial.snappy
2026-06-23 08:31:43,862 [main] INFO  com.polarion.platform.hivemind.EclipseHiveMindPlatform -   [337] - org.xmlresolver.xmlresolver
2026-06-23 08:31:43,862 [main] INFO  com.polarion.platform.hivemind.EclipseHiveMindPlatform -   [338] - org.yaml.snakeyaml
2026-06-23 08:31:43,863 [main] INFO  com.polarion.platform.hivemind.EclipseHiveMindPlatform -   [339] - quartz
2026-06-23 08:31:43,864 [main] INFO  com.polarion.platform.hivemind.EclipseHiveMindPlatform -   [340] - saaj-api
2026-06-23 08:31:43,865 [main] INFO  com.polarion.platform.hivemind.EclipseHiveMindPlatform -   [341] - sdk-lifecycle-collab
2026-06-23 08:31:43,866 [main] INFO  com.polarion.platform.hivemind.EclipseHiveMindPlatform -   [342] - sdk-lifecycle-docmgmt
2026-06-23 08:31:43,866 [main] INFO  com.polarion.platform.hivemind.EclipseHiveMindPlatform -   [343] - siemens.des.clientsecurity
2026-06-23 08:31:43,867 [main] INFO  com.polarion.platform.hivemind.EclipseHiveMindPlatform -   [344] - slf4j.api
2026-06-23 08:31:43,868 [main] INFO  com.polarion.platform.hivemind.EclipseHiveMindPlatform -   [345] - xml-apis
2026-06-23 08:31:43,868 [main] INFO  com.polarion.platform.hivemind.EclipseHiveMindPlatform -   [346] - xml.apis.ext.patched
2026-06-23 08:31:43,869 [main] INFO  com.polarion.platform.hivemind.EclipseHiveMindPlatform -   [347] - xstream
2026-06-23 08:31:43,870 [main] INFO  com.polarion.platform.hivemind.EclipseHiveMindPlatform -   [348] - z3-solver_4.15.2.patched
2026-06-23 08:31:43,874 [main] INFO  com.polarion.platform.hivemind.EclipseHiveMindPlatform -   [349] - com.polarion.alm.extension.vcontext
2026-06-23 08:31:43,876 [main] INFO  com.polarion.platform.hivemind.EclipseHiveMindPlatform - Add bundle com.polarion.alm.extension.vcontext to HiveMind
2026-06-23 08:31:44,749 [main] WARN  com.polarion.psvn.launcher.SystemErrLogger - Something is written to System.err, the original message follows.
com.polarion.core.util.ThrowableUtils$StackTraceException
	at com.polarion.core.util.ThrowableUtils.getTrace(ThrowableUtils.java:109)
	at com.polarion.psvn.launcher.SystemErrLogger.log(SystemErrLogger.java:264)
	at com.polarion.psvn.launcher.SystemErrLogger.println(SystemErrLogger.java:108)
	at org.slf4j.helpers.Reporter.warn(Reporter.java:171)
	at org.slf4j.LoggerFactory.bind(LoggerFactory.java:206)
	at org.slf4j.LoggerFactory.performInitialization(LoggerFactory.java:187)
	at org.slf4j.LoggerFactory.getProvider(LoggerFactory.java:511)
	at org.slf4j.LoggerFactory.getILoggerFactory(LoggerFactory.java:497)
	at io.netty.util.internal.logging.Slf4JLoggerFactory.<init>(Slf4JLoggerFactory.java:42)
	at io.netty.util.internal.logging.Slf4JLoggerFactory$NopInstanceHolder.<clinit>(Slf4JLoggerFactory.java:63)
	at io.netty.util.internal.logging.Slf4JLoggerFactory.getInstanceWithNopCheck(Slf4JLoggerFactory.java:59)
	at io.netty.util.internal.logging.InternalLoggerFactory.useSlf4JLoggerFactory(InternalLoggerFactory.java:62)
	at io.netty.util.internal.logging.InternalLoggerFactory.newDefaultFactory(InternalLoggerFactory.java:42)
	at io.netty.util.internal.logging.InternalLoggerFactory.getDefaultFactory(InternalLoggerFactory.java:111)
	at io.netty.util.internal.logging.InternalLoggerFactory.getInstance(InternalLoggerFactory.java:134)
	at io.netty.util.internal.logging.InternalLoggerFactory.getInstance(InternalLoggerFactory.java:127)
	at io.netty.channel.MultithreadEventLoopGroup.<clinit>(MultithreadEventLoopGroup.java:35)
	at com.polarion.core.util.remote.server.SocketRemoteControlServer.<init>(SocketRemoteControlServer.java:73)
	at com.polarion.platform.internal.rpc.CommandServer.start(CommandServer.java:73)
	at com.polarion.platform.spi.shutdown.AbstractShutdownService.<init>(AbstractShutdownService.java:178)
	at com.polarion.platform.hivemind.internal.shutdown.HiveMindShutdownService.<init>(HiveMindShutdownService.java:56)
	at java.base/jdk.internal.reflect.DirectConstructorHandleAccessor.newInstance(DirectConstructorHandleAccessor.java:62)
	at java.base/java.lang.reflect.Constructor.newInstanceWithCaller(Constructor.java:502)
	at java.base/java.lang.reflect.Constructor.newInstance(Constructor.java:486)
	at org.apache.hivemind.util.ConstructorUtils.invoke(ConstructorUtils.java:139)
	at org.apache.hivemind.service.impl.BuilderFactoryLogic.instantiateExplicitConstructorInstance(BuilderFactoryLogic.java:135)
	at org.apache.hivemind.service.impl.BuilderFactoryLogic.instantiateCoreServiceInstance(BuilderFactoryLogic.java:109)
	at org.apache.hivemind.service.impl.BuilderFactoryLogic.createService(BuilderFactoryLogic.java:75)
	at org.apache.hivemind.service.impl.BuilderFactory.createCoreServiceImplementation(BuilderFactory.java:42)
	at org.apache.hivemind.impl.InvokeFactoryServiceConstructor.constructCoreServiceImplementation(InvokeFactoryServiceConstructor.java:62)
	at org.apache.hivemind.impl.servicemodel.AbstractServiceModelImpl.constructCoreServiceImplementation(AbstractServiceModelImpl.java:108)
	at org.apache.hivemind.impl.servicemodel.AbstractServiceModelImpl.constructNewServiceImplementation(AbstractServiceModelImpl.java:157)
	at org.apache.hivemind.impl.servicemodel.AbstractServiceModelImpl.constructServiceImplementation(AbstractServiceModelImpl.java:141)
	at org.apache.hivemind.impl.servicemodel.SingletonServiceModel.getActualServiceImplementation(SingletonServiceModel.java:69)
	at $IShutdownService_19ef32d7985._service($IShutdownService_19ef32d7985.java)
	at $IShutdownService_19ef32d7985._instantiateServiceImplementation($IShutdownService_19ef32d7985.java)
	at org.apache.hivemind.impl.servicemodel.SingletonServiceModel.instantiateService(SingletonServiceModel.java:273)
	at org.apache.hivemind.impl.ServicePointImpl.forceServiceInstantiation(ServicePointImpl.java:310)
	at org.apache.hivemind.service.impl.EagerLoader.run(EagerLoader.java:39)
	at org.apache.hivemind.impl.StartupImpl.run(StartupImpl.java:45)
	at $Runnable_19ef32d795f.run($Runnable_19ef32d795f.java)
	at $Runnable_19ef32d795e.run($Runnable_19ef32d795e.java)
	at org.apache.hivemind.impl.RegistryInfrastructureImpl.startup(RegistryInfrastructureImpl.java:436)
	at org.apache.hivemind.impl.RegistryBuilder.constructRegistry(RegistryBuilder.java:154)
	at com.polarion.platform.hivemind.EclipseHiveMindPlatform.createHiveMindRegistry(EclipseHiveMindPlatform.java:99)
	at com.polarion.platform.hivemind.EclipseHiveMindPlatform.getRegistry(EclipseHiveMindPlatform.java:76)
	at com.polarion.platform.hivemind.AbstractHiveMindPlatform.lookupService(AbstractHiveMindPlatform.java:67)
	at com.polarion.platform.internal.SaltSecurityManager.addShutdownHook(SaltSecurityManager.java:700)
	at com.polarion.platform.internal.SaltSecurityManager.<init>(SaltSecurityManager.java:81)
	at com.polarion.platform.internal.LicenseManagerFactory.getLicenseManager(LicenseManagerFactory.java:30)
	at com.polarion.psvn.launcher.internal.platform.PlatformService.start(PlatformService.java:89)
	at com.polarion.psvn.launcher.PolarionSVNApplication.runImpl(PolarionSVNApplication.java:155)
	at com.polarion.psvn.launcher.PolarionSVNApplication.run(PolarionSVNApplication.java:100)
	at com.polarion.core.boot.launchers.BasicAppLauncher.launch(BasicAppLauncher.java:53)
	at com.polarion.core.boot.impl.AppLaunchersManager.start(AppLaunchersManager.java:184)
	at org.eclipse.equinox.internal.app.EclipseAppHandle.run(EclipseAppHandle.java:203)
	at org.eclipse.core.runtime.internal.adaptor.EclipseAppLauncher.runApplication(EclipseAppLauncher.java:136)
	at org.eclipse.core.runtime.internal.adaptor.EclipseAppLauncher.start(EclipseAppLauncher.java:104)
	at org.eclipse.core.runtime.adaptor.EclipseStarter.run(EclipseStarter.java:402)
	at org.eclipse.core.runtime.adaptor.EclipseStarter.run(EclipseStarter.java:255)
	at java.base/jdk.internal.reflect.DirectMethodHandleAccessor.invoke(DirectMethodHandleAccessor.java:103)
	at java.base/java.lang.reflect.Method.invoke(Method.java:580)
	at org.eclipse.equinox.launcher.Main.invokeFramework(Main.java:651)
	at org.eclipse.equinox.launcher.Main.basicRun(Main.java:588)
	at org.eclipse.equinox.launcher.Main.run(Main.java:1459)
	at org.eclipse.equinox.launcher.Main.main(Main.java:1432)
	at org.eclipse.core.launcher.Main.main(Main.java:44)
2026-06-23 08:31:44,751 [main] WARN  com.polarion.psvn.launcher.SystemErrLogger - SLF4J(W): No SLF4J providers were found.
2026-06-23 08:31:44,751 [main] WARN  com.polarion.psvn.launcher.SystemErrLogger - SLF4J(W): Defaulting to no-operation (NOP) logger implementation
2026-06-23 08:31:44,752 [main] WARN  com.polarion.psvn.launcher.SystemErrLogger - SLF4J(W): See https://www.slf4j.org/codes.html#noProviders for further details.
2026-06-23 08:31:44,914 [main] INFO  com.polarion.core.util.remote.server.SocketRemoteControlServer - Remote control server socket is ready to listen on /10.249.246.1:8887
2026-06-23 08:32:06,510 [main] INFO  PolarionLicensing - Removing allocations by null
2026-06-23 08:32:06,517 [main] INFO  PolarionLicensing - STATS:concurrentVariantsUser,current:0,peak:0,limit:120000
2026-06-23 08:32:06,517 [main] INFO  PolarionLicensing - STATS:concurrentVariantConfiguratorUser,current:0,peak:0,limit:0
2026-06-23 08:32:06,517 [main] INFO  PolarionLicensing - STATS:concurrentSafeUser,current:0,peak:0,limit:120000
2026-06-23 08:32:06,518 [main] INFO  PolarionLicensing - STATS:concurrentRhapsodyUser,current:0,peak:0,limit:120000
2026-06-23 08:32:06,518 [main] INFO  PolarionLicensing - STATS:concurrentCopilotUser,current:0,peak:0,limit:120000
2026-06-23 08:32:06,518 [main] INFO  PolarionLicensing - STATS:concurrentAutomotiveUser,current:0,peak:0,limit:0
2026-06-23 08:32:06,523 [main] INFO  PolarionLicensing - 1 namedReviewerUser assignments (out of 120000) loaded: [admin]
2026-06-23 08:32:06,524 [main] INFO  PolarionLicensing - 1 concurrentReviewerUser assignments (out of -1) loaded: [admin]
2026-06-23 08:32:06,524 [main] INFO  PolarionLicensing - STATS:concurrentReviewerUser,current:0,peak:0,limit:120000
2026-06-23 08:32:06,524 [main] INFO  PolarionLicensing - 0 namedXReviewerUser assignments (out of 0) loaded: []
2026-06-23 08:32:06,524 [main] INFO  PolarionLicensing - 0 concurrentXReviewerUser assignments (out of 0) loaded: []
2026-06-23 08:32:06,524 [main] INFO  PolarionLicensing - STATS:concurrentXReviewerUser,current:0,peak:0,limit:0
2026-06-23 08:32:06,524 [main] INFO  PolarionLicensing - 0 namedXBaseUser assignments (out of 0) loaded: []
2026-06-23 08:32:06,524 [main] INFO  PolarionLicensing - 0 concurrentXBaseUser assignments (out of 0) loaded: []
2026-06-23 08:32:06,524 [main] INFO  PolarionLicensing - STATS:concurrentXBaseUser,current:0,peak:0,limit:0
2026-06-23 08:32:06,524 [main] INFO  PolarionLicensing - 0 namedXEssentialsUser assignments (out of 0) loaded: []
2026-06-23 08:32:06,524 [main] INFO  PolarionLicensing - 0 concurrentXEssentialsUser assignments (out of 0) loaded: []
2026-06-23 08:32:06,524 [main] INFO  PolarionLicensing - STATS:concurrentXEssentialsUser,current:0,peak:0,limit:0
2026-06-23 08:32:06,524 [main] INFO  PolarionLicensing - 0 namedXProUser assignments (out of 0) loaded: []
2026-06-23 08:32:06,524 [main] INFO  PolarionLicensing - 0 concurrentXProUser assignments (out of 0) loaded: []
2026-06-23 08:32:06,524 [main] INFO  PolarionLicensing - STATS:concurrentXProUser,current:0,peak:0,limit:0
2026-06-23 08:32:06,524 [main] INFO  PolarionLicensing - 0 namedXStandardUser assignments (out of 0) loaded: []
2026-06-23 08:32:06,525 [main] INFO  PolarionLicensing - 0 concurrentXStandardUser assignments (out of 0) loaded: []
2026-06-23 08:32:06,525 [main] INFO  PolarionLicensing - STATS:concurrentXStandardUser,current:0,peak:0,limit:0
2026-06-23 08:32:06,525 [main] INFO  PolarionLicensing - 0 namedXEnterpriseUser assignments (out of 0) loaded: []
2026-06-23 08:32:06,525 [main] INFO  PolarionLicensing - 0 concurrentXEnterpriseUser assignments (out of 0) loaded: []
2026-06-23 08:32:06,525 [main] INFO  PolarionLicensing - STATS:concurrentXEnterpriseUser,current:0,peak:0,limit:0
2026-06-23 08:32:06,525 [main] INFO  PolarionLicensing - 0 namedXAdvancedUser assignments (out of 0) loaded: []
2026-06-23 08:32:06,525 [main] INFO  PolarionLicensing - 0 concurrentXAdvancedUser assignments (out of 0) loaded: []
2026-06-23 08:32:06,525 [main] INFO  PolarionLicensing - STATS:concurrentXAdvancedUser,current:0,peak:0,limit:0
2026-06-23 08:32:06,525 [main] INFO  PolarionLicensing - 0 namedXExtendedUser assignments (out of 0) loaded: []
2026-06-23 08:32:06,525 [main] INFO  PolarionLicensing - 0 concurrentXExtendedUser assignments (out of 0) loaded: []
2026-06-23 08:32:06,525 [main] INFO  PolarionLicensing - STATS:concurrentXExtendedUser,current:0,peak:0,limit:0
2026-06-23 08:32:06,525 [main] INFO  PolarionLicensing - 0 namedXPremiumUser assignments (out of 0) loaded: []
2026-06-23 08:32:06,525 [main] INFO  PolarionLicensing - 0 concurrentXPremiumUser assignments (out of 0) loaded: []
2026-06-23 08:32:06,525 [main] INFO  PolarionLicensing - STATS:concurrentXPremiumUser,current:0,peak:0,limit:0
2026-06-23 08:32:06,525 [main] INFO  PolarionLicensing - 0 namedXAutomotiveUser assignments (out of 0) loaded: []
2026-06-23 08:32:06,525 [main] INFO  PolarionLicensing - 0 concurrentXAutomotiveUser assignments (out of 0) loaded: []
2026-06-23 08:32:06,525 [main] INFO  PolarionLicensing - STATS:concurrentXAutomotiveUser,current:0,peak:0,limit:0
2026-06-23 08:32:06,525 [main] INFO  PolarionLicensing - 1 namedProUser assignments (out of 120000) loaded: [admin]
2026-06-23 08:32:06,525 [main] INFO  PolarionLicensing - 1 concurrentProUser assignments (out of -1) loaded: [admin]
2026-06-23 08:32:06,525 [main] INFO  PolarionLicensing - STATS:concurrentProUser,current:0,peak:0,limit:120000
2026-06-23 08:32:06,526 [main] INFO  PolarionLicensing - 1 namedRequirementsUser assignments (out of 120000) loaded: [admin]
2026-06-23 08:32:06,526 [main] INFO  PolarionLicensing - 1 concurrentRequirementsUser assignments (out of -1) loaded: [admin]
2026-06-23 08:32:06,526 [main] INFO  PolarionLicensing - STATS:concurrentRequirementsUser,current:0,peak:0,limit:120000
2026-06-23 08:32:06,526 [main] INFO  PolarionLicensing - 1 namedQAUser assignments (out of 120000) loaded: [admin]
2026-06-23 08:32:06,526 [main] INFO  PolarionLicensing - 1 concurrentQAUser assignments (out of -1) loaded: [admin]
2026-06-23 08:32:06,526 [main] INFO  PolarionLicensing - STATS:concurrentQAUser,current:0,peak:0,limit:120000
2026-06-23 08:32:06,526 [main] INFO  PolarionLicensing - 1 namedALMUser assignments (out of 120000) loaded: [admin]
2026-06-23 08:32:06,527 [main] INFO  PolarionLicensing - 1 concurrentALMUser assignments (out of -1) loaded: [admin]
2026-06-23 08:32:06,527 [main] INFO  PolarionLicensing - STATS:concurrentALMUser,current:0,peak:0,limit:120000
2026-06-23 08:32:06,535 [main] INFO  com.polarion.platform.internal.cache.CacheConfigurator - EHCache uses internal configuration
2026-06-23 08:32:07,519 [main] INFO  com.polarion.platform.internal.cache.CachingProviderHandler - All the caches have been destroyed because of not clean shutdown. You can ignore this message if Polarion started in reindex mode.
2026-06-23 08:32:07,668 [main] INFO  com.polarion.platform.startup - Current authentication configuration source is xml file: /opt/polarion/data/authentication/authentication.xml
2026-06-23 08:32:07,713 [main] INFO  (SECURITY) com.polarion.platform.internal.security.auth.LoginFlowUserPassword - [AUTH-0001] - User 'polarion' authenticated. Source: system.
2026-06-23 08:32:07,721 [main] INFO  (SECURITY) com.siemens.polarion.secrets.manager.vault.providers.impl.FileBackedVaultProvider - [ENC-0004] - Read secret with key: polarion.svnauth.password.generation.key
2026-06-23 08:32:07,722 [main] INFO  (SECURITY) com.siemens.polarion.secrets.manager.vault.providers.impl.FileBackedVaultProvider - [ENC-0004] - Read secret with key: polarion.svn.sso.auth.encrypt.decrypt.key
2026-06-23 08:32:07,733 [main] INFO  com.polarion.platform.cluster.ClusterService - Initializing cluster service
2026-06-23 08:32:07,733 [main] INFO  com.polarion.platform.cluster.ClusterService - Cluster service is disabled.
2026-06-23 08:32:07,738 [main] INFO  (SECURITY) com.siemens.polarion.secrets.manager.vault.providers.impl.FileBackedVaultProvider - [ENC-0004] - Read secret with key: polarion.usercredentials.encrypt.decrypt.key
2026-06-23 08:32:07,741 [main] INFO  PolarionLicensing - Reloading users file
2026-06-23 08:32:07,741 [main] INFO  PolarionLicensing - Clearing old data
2026-06-23 08:32:07,741 [main] INFO  PolarionLicensing - Filling new data
2026-06-23 08:32:07,742 [main] INFO  PolarionLicensing - 1 namedReviewerUser assignments (out of 120000) loaded: [admin]
2026-06-23 08:32:07,742 [main] INFO  PolarionLicensing - 1 concurrentReviewerUser assignments (out of -1) loaded: [admin]
2026-06-23 08:32:07,742 [main] INFO  PolarionLicensing - 0 namedXReviewerUser assignments (out of 0) loaded: []
2026-06-23 08:32:07,742 [main] INFO  PolarionLicensing - 0 concurrentXReviewerUser assignments (out of 0) loaded: []
2026-06-23 08:32:07,742 [main] INFO  PolarionLicensing - 0 namedXBaseUser assignments (out of 0) loaded: []
2026-06-23 08:32:07,742 [main] INFO  PolarionLicensing - 0 concurrentXBaseUser assignments (out of 0) loaded: []
2026-06-23 08:32:07,742 [main] INFO  PolarionLicensing - 0 namedXEssentialsUser assignments (out of 0) loaded: []
2026-06-23 08:32:07,742 [main] INFO  PolarionLicensing - 0 concurrentXEssentialsUser assignments (out of 0) loaded: []
2026-06-23 08:32:07,742 [main] INFO  PolarionLicensing - 0 namedXProUser assignments (out of 0) loaded: []
2026-06-23 08:32:07,742 [main] INFO  PolarionLicensing - 0 concurrentXProUser assignments (out of 0) loaded: []
2026-06-23 08:32:07,742 [main] INFO  PolarionLicensing - 0 namedXStandardUser assignments (out of 0) loaded: []
2026-06-23 08:32:07,742 [main] INFO  PolarionLicensing - 0 concurrentXStandardUser assignments (out of 0) loaded: []
2026-06-23 08:32:07,742 [main] INFO  PolarionLicensing - 0 namedXEnterpriseUser assignments (out of 0) loaded: []
2026-06-23 08:32:07,742 [main] INFO  PolarionLicensing - 0 concurrentXEnterpriseUser assignments (out of 0) loaded: []
2026-06-23 08:32:07,742 [main] INFO  PolarionLicensing - 0 namedXAdvancedUser assignments (out of 0) loaded: []
2026-06-23 08:32:07,742 [main] INFO  PolarionLicensing - 0 concurrentXAdvancedUser assignments (out of 0) loaded: []
2026-06-23 08:32:07,742 [main] INFO  PolarionLicensing - 0 namedXExtendedUser assignments (out of 0) loaded: []
2026-06-23 08:32:07,742 [main] INFO  PolarionLicensing - 0 concurrentXExtendedUser assignments (out of 0) loaded: []
2026-06-23 08:32:07,742 [main] INFO  PolarionLicensing - 0 namedXPremiumUser assignments (out of 0) loaded: []
2026-06-23 08:32:07,742 [main] INFO  PolarionLicensing - 0 concurrentXPremiumUser assignments (out of 0) loaded: []
2026-06-23 08:32:07,742 [main] INFO  PolarionLicensing - 0 namedXAutomotiveUser assignments (out of 0) loaded: []
2026-06-23 08:32:07,742 [main] INFO  PolarionLicensing - 0 concurrentXAutomotiveUser assignments (out of 0) loaded: []
2026-06-23 08:32:07,742 [main] INFO  PolarionLicensing - 1 namedProUser assignments (out of 120000) loaded: [admin]
2026-06-23 08:32:07,742 [main] INFO  PolarionLicensing - 1 concurrentProUser assignments (out of -1) loaded: [admin]
2026-06-23 08:32:07,743 [main] INFO  PolarionLicensing - 1 namedRequirementsUser assignments (out of 120000) loaded: [admin]
2026-06-23 08:32:07,743 [main] INFO  PolarionLicensing - 1 concurrentRequirementsUser assignments (out of -1) loaded: [admin]
2026-06-23 08:32:07,743 [main] INFO  PolarionLicensing - 1 namedQAUser assignments (out of 120000) loaded: [admin]
2026-06-23 08:32:07,743 [main] INFO  PolarionLicensing - 1 concurrentQAUser assignments (out of -1) loaded: [admin]
2026-06-23 08:32:07,743 [main] INFO  PolarionLicensing - 1 namedALMUser assignments (out of 120000) loaded: [admin]
2026-06-23 08:32:07,743 [main] INFO  PolarionLicensing - 1 concurrentALMUser assignments (out of -1) loaded: [admin]
2026-06-23 08:32:07,744 [main] INFO  PolarionLicensing - checkAllocation took  [ TIME 0.000526 s. ]
2026-06-23 08:32:07,744 [main] INFO  PolarionLicensing - Filling new data - done
2026-06-23 08:32:07,744 [main] INFO  PolarionLicensing - Verifying new data
2026-06-23 08:32:07,744 [main] INFO  PolarionLicensing - STATS:concurrentVariantsUser,current:0,peak:0,limit:120000
2026-06-23 08:32:07,744 [main] INFO  PolarionLicensing - STATS:concurrentVariantConfiguratorUser,current:0,peak:0,limit:0
2026-06-23 08:32:07,744 [main] INFO  PolarionLicensing - STATS:concurrentSafeUser,current:0,peak:0,limit:120000
2026-06-23 08:32:07,744 [main] INFO  PolarionLicensing - STATS:concurrentRhapsodyUser,current:0,peak:0,limit:120000
2026-06-23 08:32:07,744 [main] INFO  PolarionLicensing - STATS:concurrentCopilotUser,current:0,peak:0,limit:120000
2026-06-23 08:32:07,744 [main] INFO  PolarionLicensing - STATS:concurrentAutomotiveUser,current:0,peak:0,limit:0
2026-06-23 08:32:07,744 [main] INFO  PolarionLicensing - STATS:concurrentReviewerUser,current:0,peak:0,limit:120000
2026-06-23 08:32:07,744 [main] INFO  PolarionLicensing - STATS:concurrentXReviewerUser,current:0,peak:0,limit:0
2026-06-23 08:32:07,744 [main] INFO  PolarionLicensing - STATS:concurrentXBaseUser,current:0,peak:0,limit:0
2026-06-23 08:32:07,744 [main] INFO  PolarionLicensing - STATS:concurrentXEssentialsUser,current:0,peak:0,limit:0
2026-06-23 08:32:07,744 [main] INFO  PolarionLicensing - STATS:concurrentXProUser,current:0,peak:0,limit:0
2026-06-23 08:32:07,744 [main] INFO  PolarionLicensing - STATS:concurrentXStandardUser,current:0,peak:0,limit:0
2026-06-23 08:32:07,744 [main] INFO  PolarionLicensing - STATS:concurrentXEnterpriseUser,current:0,peak:0,limit:0
2026-06-23 08:32:07,744 [main] INFO  PolarionLicensing - STATS:concurrentXAdvancedUser,current:0,peak:0,limit:0
2026-06-23 08:32:07,744 [main] INFO  PolarionLicensing - STATS:concurrentXExtendedUser,current:0,peak:0,limit:0
2026-06-23 08:32:07,744 [main] INFO  PolarionLicensing - STATS:concurrentXPremiumUser,current:0,peak:0,limit:0
2026-06-23 08:32:07,744 [main] INFO  PolarionLicensing - STATS:concurrentXAutomotiveUser,current:0,peak:0,limit:0
2026-06-23 08:32:07,744 [main] INFO  PolarionLicensing - STATS:concurrentProUser,current:0,peak:0,limit:120000
2026-06-23 08:32:07,744 [main] INFO  PolarionLicensing - STATS:concurrentRequirementsUser,current:0,peak:0,limit:120000
2026-06-23 08:32:07,744 [main] INFO  PolarionLicensing - STATS:concurrentQAUser,current:0,peak:0,limit:120000
2026-06-23 08:32:07,744 [main] INFO  PolarionLicensing - STATS:concurrentALMUser,current:0,peak:0,limit:120000
2026-06-23 08:32:07,744 [main] INFO  PolarionLicensing - Verifying new data - done
2026-06-23 08:32:07,744 [main] INFO  PolarionLicensing - Reloading users file ... took  [ TIME 0.0031 s. ]
2026-06-23 08:32:07,746 [main] INFO  PolarionLicensing - 
*******************************************************************
 Polarion successfully activated
*******************************************************************
2026-06-23 08:32:07,801 [main] INFO  com.polarion.scripting.util.ScriptEngineExtensionActivator - ScriptEngineExtensionActivator::startScriptEngineBundleExtension
2026-06-23 08:32:07,813 [main] INFO  com.polarion.scripting.util.ScriptEngineExtensionActivator - Bundle state:8
2026-06-23 08:32:07,836 [main] INFO  com.polarion.scripting.util.ScriptEngineExtensionActivator - Bundle state:32
2026-06-23 08:32:07,836 [main] INFO  com.polarion.scripting.util.ScriptEngineExtensionActivator - Bundle state:32
2026-06-23 08:32:07,836 [main] INFO  com.polarion.scripting.util.ScriptEngineExtensionActivator - Bundle state:32
2026-06-23 08:32:07,837 [main] INFO  com.polarion.scripting.util.ScriptEngineExtensionActivator - Bundle state:32
2026-06-23 08:32:07,837 [main] INFO  com.polarion.scripting.util.ScriptEngineExtensionActivator - Bundle state:32
2026-06-23 08:32:07,841 [main] INFO  com.polarion.scripting.util.ScriptEngineExtensionActivator - ScriptEngineExtensionActivator::registerScriptEngineService
2026-06-23 08:32:07,841 [main] WARN  com.polarion.scripting.util.ScriptEngineExtensionActivator - No Service References implementing ScriptEngineFactory, were found
2026-06-23 08:32:08,953 [main] INFO  com.polarion.platform.sql.internal.SqlModule - Initializing database...
2026-06-23 08:32:09,069 [main] INFO  com.polarion.platform.sql.internal.PgServerInfo - PG server listening on localhost:5435
2026-06-23 08:32:09,070 [main] INFO  (SECURITY) com.siemens.polarion.secrets.manager.vault.providers.impl.FileBackedVaultProvider - [ENC-0004] - Read secret with key: polarion.platform.sql.admin.user.login.key
2026-06-23 08:32:09,071 [main] INFO  (SECURITY) com.siemens.polarion.secrets.manager.vault.providers.impl.FileBackedVaultProvider - [ENC-0004] - Read secret with key: polarion.platform.sql.admin.user.password.key
2026-06-23 08:32:09,072 [main] INFO  (SECURITY) com.siemens.polarion.secrets.manager.vault.providers.impl.FileBackedVaultProvider - [ENC-0004] - Read secret with key: polarion.platform.sql.ro.user.login.key
2026-06-23 08:32:09,073 [main] INFO  (SECURITY) com.siemens.polarion.secrets.manager.vault.providers.impl.FileBackedVaultProvider - [ENC-0004] - Read secret with key: polarion.platform.sql.ro.user.password.key
2026-06-23 08:32:09,073 [main] INFO  (SECURITY) com.siemens.polarion.secrets.manager.vault.providers.impl.FileBackedVaultProvider - [ENC-0004] - Read secret with key: polarion.platform.sql.external.user.login.key
2026-06-23 08:32:09,117 [main] INFO  com.polarion.platform.sql.internal.PgConnection - JDBC url of database 'polarion' is: jdbc:postgresql://localhost:5433/polarion
2026-06-23 08:32:09,117 [main] INFO  com.polarion.platform.sql.internal.PgConnection - JDBC url of database 'polarion' is: jdbc:postgresql://localhost:5433/polarion
2026-06-23 08:32:09,124 [main] INFO  com.polarion.platform.sql.internal.PgConnection - JDBC url of database 'polarion_history' is: jdbc:postgresql://localhost:5433/polarion_history
2026-06-23 08:32:09,161 [main] INFO  com.polarion.platform.sql.internal.SqlModule - Initializing database finished [ TIME 0.207 s. ]
2026-06-23 08:32:09,766 [main] INFO  com.polarion.portal.tomcat.TomcatPlugin - Tomcat home directory was set to /opt/polarion/data/workspace/.metadata/.plugins/com.polarion.portal.tomcat
2026-06-23 08:32:10,074 [main] INFO  com.polarion.platform.startup - Opening historical database...
2026-06-23 08:32:10,902 [main] INFO  com.siemens.polarion.db.migration.manage.MigrationScriptManager - Migration scripts directory resolved.
2026-06-23 08:32:10,904 [main] INFO  com.siemens.polarion.db.migration.manage.MigrationScriptManager - Script 20240424000009_DPP292938_CreateScriptTable.sql is already applied for database polarion_history, skipping it.
2026-06-23 08:32:10,905 [main] INFO  com.siemens.polarion.db.migration.manage.MigrationScriptManager - Script 20231025000008_DPP266420_AddBranchingFieldToModule.sql is already applied for database polarion_history, skipping it.
2026-06-23 08:32:10,905 [main] INFO  com.siemens.polarion.db.migration.manage.MigrationScriptManager - Script 20231025000005_DPP254736_CreateRichPageCommentTable.sql is already applied for database polarion_history, skipping it.
2026-06-23 08:32:10,905 [main] INFO  com.siemens.polarion.db.migration.manage.MigrationScriptManager - Script 20241024000011_DPP336708_RenameColumnsInScriptTable.sql is already applied for database polarion_history, skipping it.
2026-06-23 08:32:10,905 [main] INFO  com.siemens.polarion.db.migration.manage.MigrationScriptManager - Script 20231025000007_DPP265784_AddTestStepToWorkitem.sql is already applied for database polarion_history, skipping it.
2026-06-23 08:32:10,905 [main] INFO  com.siemens.polarion.db.migration.manage.MigrationScriptManager - Script 20231025000006_DPP254768_CreateTcVariantStructForModule.sql is already applied for database polarion_history, skipping it.
2026-06-23 08:32:10,906 [main] INFO  com.siemens.polarion.db.migration.manage.MigrationScriptManager - Script 20241024000010_DPP325957_AddUpstreamCollectionsRel.sql is already applied for database polarion_history, skipping it.
2026-06-23 08:32:10,935 [main] INFO  com.siemens.polarion.db.migration.manage.MigrationTableManager - Updating migration information with already applied schema changes for database polarion_history.
2026-06-23 08:32:10,964 [main] INFO  com.polarion.platform.startup - Opening of historical database finished [ TIME 0.89 s. ]
2026-06-23 08:32:10,964 [main] INFO  com.polarion.platform.startup - Opening head database...
2026-06-23 08:32:11,405 [main] INFO  com.siemens.polarion.db.migration.manage.MigrationScriptManager - Migration scripts directory resolved.
2026-06-23 08:32:11,406 [main] INFO  com.siemens.polarion.db.migration.manage.MigrationScriptManager - Script 20240424000009_DPP292938_CreateScriptTable.sql is already applied for database polarion, skipping it.
2026-06-23 08:32:11,406 [main] INFO  com.siemens.polarion.db.migration.manage.MigrationScriptManager - Script 20231025000008_DPP266420_AddBranchingFieldToModule.sql is already applied for database polarion, skipping it.
2026-06-23 08:32:11,407 [main] INFO  com.siemens.polarion.db.migration.manage.MigrationScriptManager - Script 20231025000005_DPP254736_CreateRichPageCommentTable.sql is already applied for database polarion, skipping it.
2026-06-23 08:32:11,408 [main] INFO  com.siemens.polarion.db.migration.manage.MigrationScriptManager - Script 20241024000011_DPP336708_RenameColumnsInScriptTable.sql is already applied for database polarion, skipping it.
2026-06-23 08:32:11,408 [main] INFO  com.siemens.polarion.db.migration.manage.MigrationScriptManager - Script 20231025000007_DPP265784_AddTestStepToWorkitem.sql is already applied for database polarion, skipping it.
2026-06-23 08:32:11,408 [main] INFO  com.siemens.polarion.db.migration.manage.MigrationScriptManager - Script 20231025000006_DPP254768_CreateTcVariantStructForModule.sql is already applied for database polarion, skipping it.
2026-06-23 08:32:11,410 [main] INFO  com.siemens.polarion.db.migration.manage.MigrationScriptManager - Script 20241024000010_DPP325957_AddUpstreamCollectionsRel.sql is already applied for database polarion, skipping it.
2026-06-23 08:32:11,425 [main] INFO  com.siemens.polarion.db.migration.manage.MigrationTableManager - Updating migration information with already applied schema changes for database polarion.
2026-06-23 08:32:11,441 [main] INFO  com.polarion.platform.startup - Opening of head database finished [ TIME 0.477 s. ]
2026-06-23 08:32:11,441 [main] INFO  com.polarion.psvn.launcher.internal.platform.PlatformService - Platform boot started
2026-06-23 08:32:11,459 [main | u:p] INFO  com.polarion.platform.internal.service.repository.PlatformRepositoryService - Repository Service Created
2026-06-23 08:32:11,459 [main | u:p] INFO  com.polarion.platform.internal.service.repository.PlatformRepositoryService - Repository Service Initialized
2026-06-23 08:32:11,472 [main | u:p] INFO  com.polarion.core.util.profiling.SimpleProfiler - Initialization
2026-06-23 08:32:11,517 [main | u:p] INFO  org.objectweb.jotm - JOTM started with a local transaction factory which is not bound.
2026-06-23 08:32:11,517 [main | u:p] INFO  org.objectweb.jotm - CAROL initialization
2026-06-23 08:32:11,539 [main | u:p] INFO  com.polarion.platform.internal.service.repository.listeners.job.PullingJob - lastFullyProcessedRevision [3]
2026-06-23 08:32:11,541 [main | u:p] INFO  com.polarion.platform.internal.service.repository.PlatformRepositoryService - END initializeService
2026-06-23 08:32:11,542 [main | u:p] INFO  com.polarion.psvn.launcher.internal.platform.PlatformService - Polarion startup estimation:  [ TIME 31 s. ]
2026-06-23 08:32:11,542 [main | u:p] INFO  com.polarion.platform.startup -  -- Polarion startup estimation:  [ TIME 31 s. ]
2026-06-23 08:32:11,555 [main | u:p] INFO  com.polarion.platform.monitoring - Full monitoring results are stored in file /opt/polarion/data/workspace/monitoring/results.txt
2026-06-23 08:32:11,573 [main | u:p] INFO  com.polarion.platform.monitoring - Executing actions from stage PREBOOT
2026-06-23 08:32:11,574 [main | u:p] INFO  com.polarion.platform.monitoring - Executing action 'system.info.disk.data.free'
2026-06-23 08:32:11,575 [main | u:p] INFO  com.polarion.platform.monitoring - system.info.disk.data.free (Free data disk '/opt/polarion/data' space) = Disk Space 
20.19 GB
 [Tue Jun 23 08:32:11 CEST 2026]
2026-06-23 08:32:11,587 [main | u:p] INFO  com.polarion.platform.monitoring - Executing action 'system.info.jvm.version'
2026-06-23 08:32:11,587 [main | u:p] INFO  com.polarion.platform.monitoring - system.info.jvm.version (JVM Version) = JVM Version 
Eclipse Adoptium OpenJDK 64-Bit Server VM 21.0.10+7-LTS
 [Tue Jun 23 08:32:11 CEST 2026]
2026-06-23 08:32:11,595 [main | u:p] INFO  com.polarion.platform.monitoring - Executing action 'system.info.os.version'
2026-06-23 08:32:11,595 [main | u:p] INFO  com.polarion.platform.monitoring - system.info.os.version (OS Version) = OS Version 
Linux 6.1.0-44-amd64 amd64
 [Tue Jun 23 08:32:11 CEST 2026]
2026-06-23 08:32:11,604 [main | u:p] INFO  com.polarion.platform.monitoring - Finished with actions from stage PREBOOT: {OK=3}
2026-06-23 08:32:11,605 [main | u:p] INFO  com.polarion.platform.startup - Platform startup ... took  [ TIME 29.7 s. ]
2026-06-23 08:32:11,607 [main | u:p] INFO  TXLOGGER - Summary for 'Platform startup': transactions: 0, svn: 0.0166 s [92% checkPath (1x)] (4x), LastFullyProcessedRevisionRegistry: 0.00554 s [100% getOrWaitForLastRegisteredRevision (1x)] (1x)
2026-06-23 08:32:11,608 [main | u:p] INFO  com.polarion.psvn.launcher.internal.platform.PlatformService - calling ILowLevelPersistence.boot to start persistence
2026-06-23 08:32:11,623 [main | u:p] INFO  com.polarion.platform.persistence.internal.pe.LowLevelDataService - Persistence initialization started
2026-06-23 08:32:11,660 [main | u:p] INFO  com.polarion.platform.repository.internal.context.RepositoryContextService - Context recognition started
2026-06-23 08:32:11,660 [main | u:p] INFO  com.polarion.platform.startup - ------------------------------
2026-06-23 08:32:11,660 [main | u:p] INFO  com.polarion.platform.startup - Context recognition (Phase: 2/9)
2026-06-23 08:32:11,665 [main | u:p] INFO  com.polarion.platform.repository.internal.context.RepositoryContextService - Context recognition finished [ TIME 0.00492 s. ]
2026-06-23 08:32:11,665 [main | u:p] INFO  com.polarion.platform.repository.internal.context.RepositoryContextService - Context tree: 
ROOT_CTX_NAME (ContextNature[Root], ContextId[context [global]])
+-default (ContextNature[Repository], ContextId[cluster default, context [global]])
  +-Demo Projects (ContextNature[ProjectGroup], ContextId[cluster default, context --Demo Projects])
  | +-drivepilot (ContextNature[Project], ContextId[cluster default, context drivepilot])
  | +-elibrary (ContextNature[Project], ContextId[cluster default, context elibrary])
  +-library (ContextNature[Project], ContextId[cluster default, context library])
2026-06-23 08:32:11,665 [main | u:p] INFO  com.polarion.platform.startup - Context recognition ... took  [ TIME 0.06 s. ]
2026-06-23 08:32:11,665 [main | u:p] INFO  TXLOGGER - Summary for 'Context recognition': transactions: 0, svn: 0.00827 s [54% info (4x), 26% getDir2 content (2x), 20% getFile content (1x)] (7x)
2026-06-23 08:32:11,765 [main | u:p] INFO  com.polarion.platform.persistence.internal.CustomFieldsService - Custom fields control field is not set for prototype: BaselineCollection
2026-06-23 08:32:11,766 [main | u:p] INFO  com.polarion.platform.persistence.internal.CustomFieldsService - Custom fields control field is not set for prototype: TestRun
2026-06-23 08:32:11,766 [main | u:p] INFO  com.polarion.platform.persistence.internal.CustomFieldsService - Custom fields control field is not set for prototype: Plan
2026-06-23 08:32:11,768 [main | u:p] INFO  com.polarion.platform.startup - ------------------------------
2026-06-23 08:32:11,768 [main | u:p] INFO  com.polarion.platform.startup - Context initialization (Phase: 3/9)
2026-06-23 08:32:11,776 [pool-3-thread-1] INFO  com.polarion.platform.startup -  -- Initializing context: [GLOBAL] (1/6) ...
2026-06-23 08:32:11,777 [pool-3-thread-1] INFO  com.polarion.platform.persistence.internal.pe.contextinitializer.ContextInitializationStateTracker - Initializing context: [GLOBAL] (1/6) ...
2026-06-23 08:32:11,783 [pool-3-thread-2] INFO  com.polarion.platform.startup -  -- Initializing cluster: default (2/6) ...
2026-06-23 08:32:11,783 [pool-3-thread-2] INFO  com.polarion.platform.persistence.internal.pe.contextinitializer.ContextInitializationStateTracker - Initializing cluster: default (2/6) ...
2026-06-23 08:32:11,795 [pool-3-thread-1] INFO  com.polarion.platform.persistence.internal.pe.contextinitializer.ContextInitializationStateTracker - Initializing context: [GLOBAL] (1/6) TOOK  [ TIME 0.0084 s. ]
2026-06-23 08:32:11,796 [pool-3-thread-1] INFO  com.polarion.platform.startup -  -- Initializing context: --Demo Projects (3/6) ...
2026-06-23 08:32:11,796 [pool-3-thread-1] INFO  com.polarion.platform.persistence.internal.pe.contextinitializer.ContextInitializationStateTracker - Initializing context: --Demo Projects (3/6) ...
2026-06-23 08:32:11,846 [pool-3-thread-1] INFO  com.polarion.platform.repository.driver.svn.internal.JavaSvnDriver - notExistingTargetPathsCache: caching not existing path '/Demo Projects/.polarion'
2026-06-23 08:32:11,849 [pool-3-thread-1] INFO  com.polarion.platform.repository.driver.svn.internal.JavaSvnDriver - notExistingTargetPathsCache: caching not existing path '/Demo Projects/modules'
2026-06-23 08:32:11,850 [pool-3-thread-1] INFO  com.polarion.platform.repository.driver.svn.internal.JavaSvnDriver - notExistingTargetPathsCache: caching not existing path '/Demo Projects/documents'
2026-06-23 08:32:11,851 [pool-3-thread-1] INFO  com.polarion.platform.repository.driver.svn.internal.JavaSvnDriver - notExistingTargetPathsCache: caching not existing path '/Demo Projects/_wiki'
2026-06-23 08:32:11,854 [pool-3-thread-1] INFO  com.polarion.subterra.persistence.document.internal.ObjectMapsOnDisk - Populating lastIdUsedMap for /opt/polarion/data/workspace/polarion-data/object-maps/_--Demo Projects
2026-06-23 08:32:11,855 [pool-3-thread-1] INFO  com.polarion.platform.persistence.internal.pe.contextinitializer.ContextInitializationStateTracker - Initializing context: --Demo Projects (3/6) TOOK  [ TIME 0.0594 s. ]
2026-06-23 08:32:11,855 [pool-3-thread-1] INFO  com.polarion.platform.startup -  -- Initializing context: elibrary (4/6) ...
2026-06-23 08:32:11,855 [pool-3-thread-1] INFO  com.polarion.platform.persistence.internal.pe.contextinitializer.ContextInitializationStateTracker - Initializing context: elibrary (4/6) ...
2026-06-23 08:32:12,016 [pool-3-thread-1] INFO  com.polarion.platform.repository.driver.svn.internal.JavaSvnDriver - notExistingTargetPathsCache: caching not existing path '/Demo Projects/elibrary/documents'
2026-06-23 08:32:12,110 [pool-3-thread-2] INFO  com.polarion.subterra.persistence.document.internal.ObjectMapsOnDisk - Populating lastIdUsedMap for /opt/polarion/data/workspace/polarion-data/object-maps/_
2026-06-23 08:32:12,118 [pool-3-thread-2] INFO  com.polarion.platform.persistence.internal.pe.contextinitializer.ContextInitializationStateTracker - Initializing cluster: default (2/6) TOOK  [ TIME 0.335 s. ]
2026-06-23 08:32:12,118 [pool-3-thread-2] INFO  com.polarion.platform.startup -  -- Initializing context: drivepilot (5/6) ...
2026-06-23 08:32:12,118 [pool-3-thread-2] INFO  com.polarion.platform.persistence.internal.pe.contextinitializer.ContextInitializationStateTracker - Initializing context: drivepilot (5/6) ...
2026-06-23 08:32:12,194 [pool-3-thread-2] INFO  com.polarion.platform.repository.driver.svn.internal.JavaSvnDriver - notExistingTargetPathsCache: caching not existing path '/Demo Projects/drivepilot/documents'
2026-06-23 08:32:12,330 [pool-3-thread-1] INFO  com.polarion.subterra.persistence.document.internal.ObjectMapsOnDisk - Populating lastIdUsedMap for /opt/polarion/data/workspace/polarion-data/object-maps/_elibrary
2026-06-23 08:32:12,426 [pool-3-thread-1] INFO  com.polarion.platform.persistence.internal.pe.contextinitializer.ContextInitializationStateTracker - Initializing context: elibrary (4/6) TOOK  [ TIME 0.571 s. ]
2026-06-23 08:32:12,426 [pool-3-thread-1] INFO  com.polarion.platform.startup -  -- Initializing context: library (6/6) ...
2026-06-23 08:32:12,426 [pool-3-thread-1] INFO  com.polarion.platform.persistence.internal.pe.contextinitializer.ContextInitializationStateTracker - Initializing context: library (6/6) ...
2026-06-23 08:32:12,480 [pool-3-thread-1] INFO  com.polarion.platform.repository.driver.svn.internal.JavaSvnDriver - notExistingTargetPathsCache: caching not existing path '/library/documents'
2026-06-23 08:32:12,604 [pool-3-thread-2] INFO  com.polarion.subterra.persistence.document.internal.ObjectMapsOnDisk - Populating lastIdUsedMap for /opt/polarion/data/workspace/polarion-data/object-maps/_drivepilot
2026-06-23 08:32:12,661 [pool-3-thread-1] INFO  com.polarion.subterra.persistence.document.internal.ObjectMapsOnDisk - Populating lastIdUsedMap for /opt/polarion/data/workspace/polarion-data/object-maps/_library
2026-06-23 08:32:12,678 [pool-3-thread-2] INFO  com.polarion.platform.persistence.internal.pe.contextinitializer.ContextInitializationStateTracker - Initializing context: drivepilot (5/6) TOOK  [ TIME 0.559 s. ]
2026-06-23 08:32:12,696 [pool-3-thread-1] INFO  com.polarion.platform.persistence.internal.pe.contextinitializer.ContextInitializationStateTracker - Initializing context: library (6/6) TOOK  [ TIME 0.269 s. ]
2026-06-23 08:32:12,700 [main | u:p] INFO  com.polarion.platform.startup - Context initialization ... took  [ TIME 1.04 s. ]
2026-06-23 08:32:12,701 [main | u:p] INFO  TXLOGGER - Summary for 'Context initialization': transactions: 0, svn: 0.534 s [91% log2 (21x)] (60x), ObjectMaps: 0.351 s [60% saveIfNeeded (2686x), 20% addLocation (1095x), 6% getPrimaryObjectLocation (380x)] (10618x), StripedGlobalHandler: 0.03 s [100% remove (406x)] (406x)
2026-06-23 08:32:12,719 [main | u:p] INFO  com.polarion.subterra.persistence.document.internal.LHCPersistentData - Saving of /opt/polarion/data/workspace/polarion-data/database/lhc.ser, size 133789 [ TIME 0.0157 s. ]
2026-06-23 08:32:12,719 [main | u:p] INFO  com.polarion.alm.projects.internal.ProjectPersistenceModule - No saved project groups, assuming there were none
2026-06-23 08:32:12,720 [main | u:p] WARN  com.polarion.platform.persistence.internal.pe.RevisionsPersistenceModule - Unable to find the last processed revisions list, will index all
2026-06-23 08:32:12,720 [main | u:p] INFO  com.polarion.platform.persistence.internal.pe.RevisionsPersistenceModule - Processing new revisions [START].
2026-06-23 08:32:12,720 [main | u:p] INFO  com.polarion.platform.startup - ------------------------------
2026-06-23 08:32:12,720 [main | u:p] INFO  com.polarion.platform.startup - Revisions processing (Phase: 4/9)
2026-06-23 08:32:12,893 [main | u:p] INFO  TXLOGGER - Tx 67bccb7a2cc01_0_67bccb7a2cc01_0_: finished. Total: 0.165 s, CPU [user: 0.11 s], Allocated memory: 21.5 MB
2026-06-23 08:32:13,009 [main | u:p] INFO  com.polarion.platform.startup -  -- Processing new revisions from repository default in context ContextId[context [global]]
2026-06-23 08:32:13,069 [Thread-10] INFO  com.polarion.platform.repository.driver.svn.internal.JavaSvnDriver - Just processing revision 1
2026-06-23 08:32:13,070 [Thread-10] INFO  com.polarion.platform.repository.driver.svn.internal.JavaSvnDriver - Just processing revision 2
2026-06-23 08:32:13,070 [Thread-10] INFO  com.polarion.platform.repository.driver.svn.internal.JavaSvnDriver - Just processing revision 3
2026-06-23 08:32:15,070 [main | u:p] INFO  com.polarion.platform.persistence.internal.pe.RevisionsPersistenceModule - Processing new revisions from repository default in context ContextId[context [global]] finished
2026-06-23 08:32:15,070 [main | u:p] INFO  com.polarion.platform.persistence.internal.pe.RevisionsPersistenceModule - Processing new revisions [FINISHED].
2026-06-23 08:32:15,071 [main | u:p] INFO  com.polarion.platform.startup - Revisions processing ... took  [ TIME 2.37 s. ]
2026-06-23 08:32:15,071 [main | u:p] INFO  TXLOGGER - Summary for 'Revisions processing': transactions: 26, RepositoryConfigService: 0.282 s [100% getReadConfiguration (55x)] (55x), svn: 0.113 s [46% info (56x), 46% log2 (1x)] (97x)
2026-06-23 08:32:15,074 [main | u:p] INFO  com.polarion.alm.builder.internal.persistence.BuilderPersistenceModule - Build artifacts change detection was disabled, but there is no saved state
2026-06-23 08:32:15,074 [main | u:p] INFO  com.polarion.platform.startup - ------------------------------
2026-06-23 08:32:15,074 [main | u:p] INFO  com.polarion.platform.startup - Build artifacts recognition (Phase: 5/9)
2026-06-23 08:32:15,074 [main | u:p] INFO  com.polarion.alm.builder.internal.persistence.BuilderPersistenceModule - Inspecting repository for build artifacts-related changes
2026-06-23 08:32:15,074 [main | u:p] INFO  com.polarion.alm.builder.internal.persistence.BuilderPersistenceModule - Processing build artifacts from context ContextId[context [global]]
2026-06-23 08:32:15,074 [main | u:p] INFO  com.polarion.alm.builder.internal.persistence.BuilderPersistenceModule - Processing build artifacts configuration from context ContextId[context [global]]
2026-06-23 08:32:15,075 [main | u:p] INFO  com.polarion.alm.builder.internal.persistence.BuilderPersistenceModule - Recognizing build artifacts from context ContextId[context [global]] (may take long time)
2026-06-23 08:32:15,109 [main | u:p] INFO  com.polarion.alm.builder.internal.persistence.BuilderPersistenceModule - Build artifacts configuration from context ContextId[context [global]] has been successfully processed
2026-06-23 08:32:15,112 [main | u:p] INFO  com.polarion.alm.builder.internal.persistence.BuilderPersistenceModule - ... processing build artifacts from context ContextId[context [global]] finished [ TIME 0.0379 s. ]
2026-06-23 08:32:15,112 [main | u:p] INFO  com.polarion.platform.startup -  -- Processing build artifacts from context: [GLOBAL] (1/6)
2026-06-23 08:32:15,112 [main | u:p] INFO  com.polarion.alm.builder.internal.persistence.BuilderPersistenceModule - Processing build artifacts from context ContextId[cluster default, context [global]]
2026-06-23 08:32:15,112 [main | u:p] INFO  com.polarion.alm.builder.internal.persistence.BuilderPersistenceModule - Processing build artifacts configuration from context ContextId[cluster default, context [global]]
2026-06-23 08:32:15,120 [main | u:p] INFO  com.polarion.alm.builder.internal.persistence.BuilderPersistenceModule - Recognizing build artifacts from context ContextId[cluster default, context [global]] (may take long time)
2026-06-23 08:32:15,135 [main | u:p] INFO  com.polarion.alm.builder.internal.persistence.BuilderPersistenceModule - Build artifacts configuration from context ContextId[cluster default, context [global]] has been successfully processed
2026-06-23 08:32:15,139 [main | u:p] INFO  com.polarion.alm.builder.internal.persistence.BuilderPersistenceModule - ... processing build artifacts from context ContextId[cluster default, context [global]] finished [ TIME 0.0267 s. ]
2026-06-23 08:32:15,139 [main | u:p] INFO  com.polarion.platform.startup -  -- Processing build artifacts from cluster: default (2/6)
2026-06-23 08:32:15,139 [main | u:p] INFO  com.polarion.alm.builder.internal.persistence.BuilderPersistenceModule - Processing build artifacts from context ContextId[cluster default, context --Demo Projects]
2026-06-23 08:32:15,139 [main | u:p] INFO  com.polarion.alm.builder.internal.persistence.BuilderPersistenceModule - Processing build artifacts configuration from context ContextId[cluster default, context --Demo Projects]
2026-06-23 08:32:15,144 [main | u:p] INFO  com.polarion.alm.builder.internal.persistence.BuilderPersistenceModule - Recognizing build artifacts from context ContextId[cluster default, context --Demo Projects] (may take long time)
2026-06-23 08:32:15,166 [main | u:p] INFO  com.polarion.alm.builder.internal.persistence.BuilderPersistenceModule - Build artifacts configuration from context ContextId[cluster default, context --Demo Projects] has been successfully processed
2026-06-23 08:32:15,170 [main | u:p] INFO  com.polarion.alm.builder.internal.persistence.BuilderPersistenceModule - ... processing build artifacts from context ContextId[cluster default, context --Demo Projects] finished [ TIME 0.0304 s. ]
2026-06-23 08:32:15,170 [main | u:p] INFO  com.polarion.platform.startup -  -- Processing build artifacts from context: --Demo Projects (3/6)
2026-06-23 08:32:15,170 [main | u:p] INFO  com.polarion.alm.builder.internal.persistence.BuilderPersistenceModule - Processing build artifacts from context ContextId[cluster default, context library]
2026-06-23 08:32:15,170 [main | u:p] INFO  com.polarion.alm.builder.internal.persistence.BuilderPersistenceModule - Processing build artifacts configuration from context ContextId[cluster default, context library]
2026-06-23 08:32:15,174 [main | u:p] INFO  com.polarion.alm.builder.internal.persistence.BuilderPersistenceModule - Recognizing build artifacts from context ContextId[cluster default, context library] (may take long time)
2026-06-23 08:32:15,174 [main | u:p] INFO  com.polarion.alm.builder.internal.persistence.BuilderPersistenceModule - ... auto-recognition was disabled by configuration (only configured build artifacts will be recognized)
2026-06-23 08:32:15,190 [main | u:p] INFO  com.polarion.alm.builder.internal.persistence.BuilderPersistenceModule - Build artifacts configuration from context ContextId[cluster default, context library] has been successfully processed
2026-06-23 08:32:15,190 [main | u:p] INFO  com.polarion.alm.builder.internal.persistence.BuilderPersistenceModule - ... processing build artifacts from context ContextId[cluster default, context library] finished [ TIME 0.0203 s. ]
2026-06-23 08:32:15,190 [main | u:p] INFO  com.polarion.platform.startup -  -- Processing build artifacts from context: library (4/6)
2026-06-23 08:32:15,190 [main | u:p] INFO  com.polarion.alm.builder.internal.persistence.BuilderPersistenceModule - Processing build artifacts from context ContextId[cluster default, context drivepilot]
2026-06-23 08:32:15,190 [main | u:p] INFO  com.polarion.alm.builder.internal.persistence.BuilderPersistenceModule - Processing build artifacts configuration from context ContextId[cluster default, context drivepilot]
2026-06-23 08:32:15,198 [main | u:p] INFO  com.polarion.alm.builder.internal.persistence.BuilderPersistenceModule - Recognizing build artifacts from context ContextId[cluster default, context drivepilot] (may take long time)
2026-06-23 08:32:15,244 [main | u:p] INFO  com.polarion.alm.builder.internal.persistence.BuilderPersistenceModule - Build artifacts configuration from context ContextId[cluster default, context drivepilot] has been successfully processed
2026-06-23 08:32:15,244 [main | u:p] INFO  com.polarion.alm.builder.internal.persistence.BuilderPersistenceModule - ... processing build artifacts from context ContextId[cluster default, context drivepilot] finished [ TIME 0.054 s. ]
2026-06-23 08:32:15,244 [main | u:p] INFO  com.polarion.platform.startup -  -- Processing build artifacts from context: drivepilot (5/6)
2026-06-23 08:32:15,244 [main | u:p] INFO  com.polarion.alm.builder.internal.persistence.BuilderPersistenceModule - Processing build artifacts from context ContextId[cluster default, context elibrary]
2026-06-23 08:32:15,244 [main | u:p] INFO  com.polarion.alm.builder.internal.persistence.BuilderPersistenceModule - Processing build artifacts configuration from context ContextId[cluster default, context elibrary]
2026-06-23 08:32:15,250 [main | u:p] INFO  com.polarion.alm.builder.internal.persistence.BuilderPersistenceModule - Recognizing build artifacts from context ContextId[cluster default, context elibrary] (may take long time)
2026-06-23 08:32:15,279 [main | u:p] INFO  com.polarion.alm.builder.internal.persistence.BuilderPersistenceModule - Build artifacts configuration from context ContextId[cluster default, context elibrary] has been successfully processed
2026-06-23 08:32:15,279 [main | u:p] INFO  com.polarion.alm.builder.internal.persistence.BuilderPersistenceModule - ... processing build artifacts from context ContextId[cluster default, context elibrary] finished [ TIME 0.0349 s. ]
2026-06-23 08:32:15,279 [main | u:p] INFO  com.polarion.platform.startup -  -- Processing build artifacts from context: elibrary (6/6)
2026-06-23 08:32:15,280 [main | u:p] INFO  com.polarion.alm.builder.internal.persistence.BuilderPersistenceModule - ... repository inspection finished [ TIME 0.206 s. ]
2026-06-23 08:32:15,280 [main | u:p] INFO  com.polarion.platform.startup - Build artifacts recognition ... took  [ TIME 0.21 s. ]
2026-06-23 08:32:15,280 [main | u:p] INFO  TXLOGGER - Summary for 'Build artifacts recognition': transactions: 30, RepositoryConfigService: 0.12 s [100% getReadConfiguration (65x)] (65x), svn: 0.06 s [90% info (120x)] (179x)
2026-06-23 08:32:15,280 [main | u:p] INFO  com.polarion.platform.startup - ------------------------------
2026-06-23 08:32:15,280 [main | u:p] INFO  com.polarion.platform.startup - BIR inspection (Phase: 6/9)
2026-06-23 08:32:15,280 [main | u:p] INFO  com.polarion.alm.builder.internal.persistence.BuilderPersistenceModule - Inspecting BIR for new or removed builds
2026-06-23 08:32:15,281 [main | u:p] INFO  com.polarion.alm.builder.internal.persistence.BuilderPersistenceModule - ... 0 build(s) were removed (including calculations from previous run)
2026-06-23 08:32:15,281 [main | u:p] INFO  com.polarion.alm.builder.internal.persistence.BuilderPersistenceModule - ... 5 build(s) were added or modified
2026-06-23 08:32:15,318 [main | u:p] INFO  com.polarion.alm.builder.internal.persistence.BuilderPersistenceModule - ... BIR inspection finished [ TIME 0.0378 s. ]
2026-06-23 08:32:15,318 [main | u:p] INFO  com.polarion.platform.startup - BIR inspection ... took  [ TIME 0.04 s. ]
2026-06-23 08:32:15,318 [main | u:p] INFO  TXLOGGER - Summary for 'BIR inspection': transactions: 0, PersistenceEngineListener: 0.0000258 s [84% objectsCreated (5x)] (10x)
2026-06-23 08:32:15,344 [main | u:p] INFO  com.polarion.platform.startup - ------------------------------
2026-06-23 08:32:15,344 [main | u:p] INFO  com.polarion.platform.startup - Data indexing (Phase: 7/9)
2026-06-23 08:32:15,344 [main | u:p] INFO  com.polarion.platform.persistence.internal.pe.PersistenceEngineListener - Flushing startup index events, starting iterations.
2026-06-23 08:32:15,344 [main | u:p] INFO  com.polarion.platform.persistence.internal.pe.PersistenceEngineListener - Iteration 1 - processing 77 events
2026-06-23 08:32:15,345 [main | u:p] INFO  com.polarion.alm.tracker.internal.planning.PlanFieldsProvider - livePlanXMLLocation: Location[path /default/.reports/xml/live-plan.xml]
2026-06-23 08:32:15,463 [main | u:p] INFO  com.polarion.subterra.index.impl.lucene.LuceneIndexManager - creating index writer for index: User
2026-06-23 08:32:15,497 [main | u:p] WARN  org.apache.lucene.store.MMapDirectory - You are running with Java 20 or later. To make full use of MMapDirectory, please update Apache Lucene.
2026-06-23 08:32:15,534 [main | u:p] INFO  com.polarion.subterra.index.impl.lucene.LuceneIndexManager - creating index writer for index: Category
2026-06-23 08:32:15,539 [main | u:p] INFO  com.polarion.subterra.index.impl.lucene.LuceneIndexManager - creating index writer for index: WikiPage
2026-06-23 08:32:15,544 [main | u:p] INFO  com.polarion.subterra.index.impl.lucene.LuceneIndexManager - creating index writer for index: Attachment
2026-06-23 08:32:15,551 [main | u:p] INFO  com.polarion.subterra.index.impl.lucene.LuceneIndexManager - creating index writer for index: RichPageAttachment
2026-06-23 08:32:15,560 [main | u:p] INFO  com.polarion.subterra.index.impl.lucene.LuceneIndexManager - creating index writer for index: WorkItem
2026-06-23 08:32:15,565 [main | u:p] INFO  com.polarion.subterra.index.impl.lucene.LuceneIndexManager - creating index writer for index: UserGroup
2026-06-23 08:32:15,570 [main | u:p] INFO  com.polarion.subterra.index.impl.lucene.LuceneIndexManager - creating index writer for index: RichPageComment
2026-06-23 08:32:15,575 [main | u:p] INFO  com.polarion.subterra.index.impl.lucene.LuceneIndexManager - creating index writer for index: BaselineCollection
2026-06-23 08:32:15,580 [main | u:p] INFO  com.polarion.subterra.index.impl.lucene.LuceneIndexManager - creating index writer for index: TestRun
2026-06-23 08:32:15,584 [main | u:p] INFO  com.polarion.subterra.index.impl.lucene.LuceneIndexManager - creating index writer for index: Build
2026-06-23 08:32:15,589 [main | u:p] INFO  com.polarion.subterra.index.impl.lucene.LuceneIndexManager - creating index writer for index: ModuleComment
2026-06-23 08:32:15,593 [main | u:p] INFO  com.polarion.subterra.index.impl.lucene.LuceneIndexManager - creating index writer for index: WatchList
2026-06-23 08:32:15,597 [main | u:p] INFO  com.polarion.subterra.index.impl.lucene.LuceneIndexManager - creating index writer for index: BuildArtifact
2026-06-23 08:32:15,602 [main | u:p] INFO  com.polarion.subterra.index.impl.lucene.LuceneIndexManager - creating index writer for index: Comment
2026-06-23 08:32:15,605 [main | u:p] INFO  com.polarion.subterra.index.impl.lucene.LuceneIndexManager - creating index writer for index: Script
2026-06-23 08:32:15,609 [main | u:p] INFO  com.polarion.subterra.index.impl.lucene.LuceneIndexManager - creating index writer for index: DocumentWorkflowSignature
2026-06-23 08:32:15,613 [main | u:p] INFO  com.polarion.subterra.index.impl.lucene.LuceneIndexManager - creating index writer for index: WikiPageAttachment
2026-06-23 08:32:15,617 [main | u:p] INFO  com.polarion.subterra.index.impl.lucene.LuceneIndexManager - creating index writer for index: TimePoint
2026-06-23 08:32:15,621 [main | u:p] INFO  com.polarion.subterra.index.impl.lucene.LuceneIndexManager - creating index writer for index: Baseline
2026-06-23 08:32:15,625 [main | u:p] INFO  com.polarion.subterra.index.impl.lucene.LuceneIndexManager - creating index writer for index: Plan
2026-06-23 08:32:15,629 [main | u:p] INFO  com.polarion.subterra.index.impl.lucene.LuceneIndexManager - creating index writer for index: TestRunAttachment
2026-06-23 08:32:15,638 [main | u:p] INFO  com.polarion.subterra.index.impl.lucene.LuceneIndexManager - creating index writer for index: WorkRecord
2026-06-23 08:32:15,642 [main | u:p] INFO  com.polarion.subterra.index.impl.lucene.LuceneIndexManager - creating index writer for index: WorkItem-OutlineNumbers
2026-06-23 08:32:15,645 [main | u:p] INFO  com.polarion.subterra.index.impl.lucene.LuceneIndexManager - creating index writer for index: Project
2026-06-23 08:32:15,649 [main | u:p] INFO  com.polarion.subterra.index.impl.lucene.LuceneIndexManager - creating index writer for index: ModuleAttachment
2026-06-23 08:32:15,653 [main | u:p] INFO  com.polarion.subterra.index.impl.lucene.LuceneIndexManager - creating index writer for index: TestRunComment
2026-06-23 08:32:15,657 [main | u:p] INFO  com.polarion.subterra.index.impl.lucene.LuceneIndexManager - creating index writer for index: Revision
2026-06-23 08:32:15,661 [main | u:p] INFO  com.polarion.subterra.index.impl.lucene.LuceneIndexManager - creating index writer for index: RichPage
2026-06-23 08:32:15,665 [main | u:p] INFO  com.polarion.subterra.index.impl.lucene.LuceneIndexManager - creating index writer for index: Module
2026-06-23 08:32:15,669 [main | u:p] INFO  com.polarion.subterra.index.impl.lucene.LuceneIndexManager - creating index writer for index: ProjectGroup
2026-06-23 08:32:15,681 [main | u:p] INFO  com.polarion.subterra.index.impl.lucene.LuceneIndexManager - creating index writer for index: User
2026-06-23 08:32:15,687 [main | u:p] INFO  com.polarion.subterra.index.impl.lucene.LuceneIndexManager - creating index writer for index: Category
2026-06-23 08:32:15,691 [main | u:p] INFO  com.polarion.subterra.index.impl.lucene.LuceneIndexManager - creating index writer for index: WikiPage
2026-06-23 08:32:15,695 [main | u:p] INFO  com.polarion.subterra.index.impl.lucene.LuceneIndexManager - creating index writer for index: Attachment
2026-06-23 08:32:15,700 [main | u:p] INFO  com.polarion.subterra.index.impl.lucene.LuceneIndexManager - creating index writer for index: RichPageAttachment
2026-06-23 08:32:15,704 [main | u:p] INFO  com.polarion.subterra.index.impl.lucene.LuceneIndexManager - creating index writer for index: WorkItem
2026-06-23 08:32:15,709 [main | u:p] INFO  com.polarion.subterra.index.impl.lucene.LuceneIndexManager - creating index writer for index: UserGroup
2026-06-23 08:32:15,713 [main | u:p] INFO  com.polarion.subterra.index.impl.lucene.LuceneIndexManager - creating index writer for index: RichPageComment
2026-06-23 08:32:15,718 [main | u:p] INFO  com.polarion.subterra.index.impl.lucene.LuceneIndexManager - creating index writer for index: BaselineCollection
2026-06-23 08:32:15,723 [main | u:p] INFO  com.polarion.subterra.index.impl.lucene.LuceneIndexManager - creating index writer for index: TestRun
2026-06-23 08:32:15,727 [main | u:p] INFO  com.polarion.subterra.index.impl.lucene.LuceneIndexManager - creating index writer for index: Build
2026-06-23 08:32:15,731 [main | u:p] INFO  com.polarion.subterra.index.impl.lucene.LuceneIndexManager - creating index writer for index: ModuleComment
2026-06-23 08:32:15,739 [main | u:p] INFO  com.polarion.subterra.index.impl.lucene.LuceneIndexManager - creating index writer for index: WatchList
2026-06-23 08:32:15,742 [main | u:p] INFO  com.polarion.subterra.index.impl.lucene.LuceneIndexManager - creating index writer for index: BuildArtifact
2026-06-23 08:32:15,747 [main | u:p] INFO  com.polarion.subterra.index.impl.lucene.LuceneIndexManager - creating index writer for index: Comment
2026-06-23 08:32:15,750 [main | u:p] INFO  com.polarion.subterra.index.impl.lucene.LuceneIndexManager - creating index writer for index: Script
2026-06-23 08:32:15,757 [main | u:p] INFO  com.polarion.subterra.index.impl.lucene.LuceneIndexManager - creating index writer for index: DocumentWorkflowSignature
2026-06-23 08:32:15,762 [main | u:p] INFO  com.polarion.subterra.index.impl.lucene.LuceneIndexManager - creating index writer for index: WikiPageAttachment
2026-06-23 08:32:15,765 [main | u:p] INFO  com.polarion.subterra.index.impl.lucene.LuceneIndexManager - creating index writer for index: TimePoint
2026-06-23 08:32:15,769 [main | u:p] INFO  com.polarion.subterra.index.impl.lucene.LuceneIndexManager - creating index writer for index: Baseline
2026-06-23 08:32:15,773 [main | u:p] INFO  com.polarion.subterra.index.impl.lucene.LuceneIndexManager - creating index writer for index: Plan
2026-06-23 08:32:15,779 [main | u:p] INFO  com.polarion.subterra.index.impl.lucene.LuceneIndexManager - creating index writer for index: TestRunAttachment
2026-06-23 08:32:15,784 [main | u:p] INFO  com.polarion.subterra.index.impl.lucene.LuceneIndexManager - creating index writer for index: WorkRecord
2026-06-23 08:32:15,788 [main | u:p] INFO  com.polarion.subterra.index.impl.lucene.LuceneIndexManager - creating index writer for index: WorkItem-OutlineNumbers
2026-06-23 08:32:15,792 [main | u:p] INFO  com.polarion.subterra.index.impl.lucene.LuceneIndexManager - creating index writer for index: Project
2026-06-23 08:32:15,796 [main | u:p] INFO  com.polarion.subterra.index.impl.lucene.LuceneIndexManager - creating index writer for index: ModuleAttachment
2026-06-23 08:32:15,801 [main | u:p] INFO  com.polarion.subterra.index.impl.lucene.LuceneIndexManager - creating index writer for index: TestRunComment
2026-06-23 08:32:15,805 [main | u:p] INFO  com.polarion.subterra.index.impl.lucene.LuceneIndexManager - creating index writer for index: Revision
2026-06-23 08:32:15,809 [main | u:p] INFO  com.polarion.subterra.index.impl.lucene.LuceneIndexManager - creating index writer for index: RichPage
2026-06-23 08:32:15,813 [main | u:p] INFO  com.polarion.subterra.index.impl.lucene.LuceneIndexManager - creating index writer for index: Module
2026-06-23 08:32:15,817 [main | u:p] INFO  com.polarion.subterra.index.impl.lucene.LuceneIndexManager - creating index writer for index: ProjectGroup
2026-06-23 08:32:15,825 [main | u:p] INFO  com.polarion.subterra.index.impl.ObjectIndex - Default, restricted indexes: [Category, WikiPageAttachment, WikiPage, TimePoint, Attachment, RichPageAttachment, Baseline, Plan, TestRunAttachment, WorkItem, Project, ModuleAttachment, BaselineCollection, TestRun, RichPage, Module]
2026-06-23 08:32:15,854 [PolarionDocIdCreator-0] INFO  com.polarion.subterra.index.impl.lucene.LuceneIndexPair - searcher manager created for index: User
2026-06-23 08:32:15,866 [PolarionDocIdCreator-0] INFO  com.polarion.subterra.index.impl.lucene.LuceneIndexPair - searcher manager created for index: Category
2026-06-23 08:32:15,866 [PolarionDocIdCreator-0] INFO  com.polarion.subterra.index.impl.lucene.LuceneIndexPair - searcher manager created for index: WikiPage
2026-06-23 08:32:15,866 [PolarionDocIdCreator-0] INFO  com.polarion.subterra.index.impl.lucene.LuceneIndexPair - searcher manager created for index: Attachment
2026-06-23 08:32:15,871 [PolarionDocIdCreator-0] INFO  com.polarion.subterra.index.impl.lucene.LuceneIndexPair - searcher manager created for index: RichPageAttachment
2026-06-23 08:32:15,872 [PolarionDocIdCreator-0] INFO  com.polarion.subterra.index.impl.lucene.LuceneIndexPair - searcher manager created for index: WorkItem
2026-06-23 08:32:15,872 [PolarionDocIdCreator-0] INFO  com.polarion.subterra.index.impl.lucene.LuceneIndexPair - searcher manager created for index: UserGroup
2026-06-23 08:32:15,872 [PolarionDocIdCreator-0] INFO  com.polarion.subterra.index.impl.lucene.LuceneIndexPair - searcher manager created for index: RichPageComment
2026-06-23 08:32:15,872 [PolarionDocIdCreator-0] INFO  com.polarion.subterra.index.impl.lucene.LuceneIndexPair - searcher manager created for index: BaselineCollection
2026-06-23 08:32:15,873 [PolarionDocIdCreator-0] INFO  com.polarion.subterra.index.impl.lucene.LuceneIndexPair - searcher manager created for index: TestRun
2026-06-23 08:32:15,873 [PolarionDocIdCreator-0] INFO  com.polarion.subterra.index.impl.lucene.LuceneIndexPair - searcher manager created for index: Build
2026-06-23 08:32:15,873 [PolarionDocIdCreator-0] INFO  com.polarion.subterra.index.impl.lucene.LuceneIndexPair - searcher manager created for index: ModuleComment
2026-06-23 08:32:15,873 [PolarionDocIdCreator-0] INFO  com.polarion.subterra.index.impl.lucene.LuceneIndexPair - searcher manager created for index: WatchList
2026-06-23 08:32:15,874 [PolarionDocIdCreator-0] INFO  com.polarion.subterra.index.impl.lucene.LuceneIndexPair - searcher manager created for index: BuildArtifact
2026-06-23 08:32:15,874 [PolarionDocIdCreator-0] INFO  com.polarion.subterra.index.impl.lucene.LuceneIndexPair - searcher manager created for index: Comment
2026-06-23 08:32:15,874 [PolarionDocIdCreator-0] INFO  com.polarion.subterra.index.impl.lucene.LuceneIndexPair - searcher manager created for index: Script
2026-06-23 08:32:15,874 [PolarionDocIdCreator-0] INFO  com.polarion.subterra.index.impl.lucene.LuceneIndexPair - searcher manager created for index: DocumentWorkflowSignature
2026-06-23 08:32:15,875 [PolarionDocIdCreator-0] INFO  com.polarion.subterra.index.impl.lucene.LuceneIndexPair - searcher manager created for index: WikiPageAttachment
2026-06-23 08:32:15,875 [PolarionDocIdCreator-0] INFO  com.polarion.subterra.index.impl.lucene.LuceneIndexPair - searcher manager created for index: TimePoint
2026-06-23 08:32:15,875 [PolarionDocIdCreator-0] INFO  com.polarion.subterra.index.impl.lucene.LuceneIndexPair - searcher manager created for index: Baseline
2026-06-23 08:32:15,875 [PolarionDocIdCreator-0] INFO  com.polarion.subterra.index.impl.lucene.LuceneIndexPair - searcher manager created for index: Plan
2026-06-23 08:32:15,875 [PolarionDocIdCreator-0] INFO  com.polarion.subterra.index.impl.lucene.LuceneIndexPair - searcher manager created for index: TestRunAttachment
2026-06-23 08:32:15,876 [PolarionDocIdCreator-0] INFO  com.polarion.subterra.index.impl.lucene.LuceneIndexPair - searcher manager created for index: WorkRecord
2026-06-23 08:32:15,877 [PolarionDocIdCreator-0] INFO  com.polarion.subterra.index.impl.lucene.LuceneIndexPair - searcher manager created for index: WorkItem-OutlineNumbers
2026-06-23 08:32:15,877 [PolarionDocIdCreator-0] INFO  com.polarion.subterra.index.impl.lucene.LuceneIndexPair - searcher manager created for index: Project
2026-06-23 08:32:15,884 [PolarionDocIdCreator-0] INFO  com.polarion.subterra.index.impl.lucene.LuceneIndexPair - searcher manager created for index: ModuleAttachment
2026-06-23 08:32:15,884 [PolarionDocIdCreator-0] INFO  com.polarion.subterra.index.impl.lucene.LuceneIndexPair - searcher manager created for index: TestRunComment
2026-06-23 08:32:15,885 [PolarionDocIdCreator-0] INFO  com.polarion.subterra.index.impl.lucene.LuceneIndexPair - searcher manager created for index: Revision
2026-06-23 08:32:15,885 [PolarionDocIdCreator-0] INFO  com.polarion.subterra.index.impl.lucene.LuceneIndexPair - searcher manager created for index: RichPage
2026-06-23 08:32:15,885 [PolarionDocIdCreator-0] INFO  com.polarion.subterra.index.impl.lucene.LuceneIndexPair - searcher manager created for index: Module
2026-06-23 08:32:15,885 [PolarionDocIdCreator-0] INFO  com.polarion.subterra.index.impl.lucene.LuceneIndexPair - searcher manager created for index: ProjectGroup
2026-06-23 08:32:15,886 [PolarionDocIdCreator-0] INFO  com.polarion.subterra.index.impl.lucene.baseline.PolarionDocIdCreator - Bloom filter loading for 31 indices took  [ TIME 0.045 s. ]
2026-06-23 08:32:15,908 [main | u:p] INFO  com.polarion.platform.persistence.internal.pe.PersistenceEngineListener -  - reindexing 1114 existing objects and 0 deleted objects.
2026-06-23 08:32:15,911 [main | u:p] INFO  com.polarion.subterra.index.impl.DerivedLinkedRevisionsCache - Cache started.
2026-06-23 08:32:15,928 [main | u:p] INFO  com.polarion.platform.startup -  -- Refreshing 8 objects in index: Attachment (deferred)
2026-06-23 08:32:15,935 [main | u:p] INFO  com.polarion.platform.startup -  -- Refreshing 1 objects in index: Baseline
2026-06-23 08:32:15,959 [main | u:p] INFO  com.polarion.platform.startup -  -- -- 1 from 1 objects were refreshed (100%)
2026-06-23 08:32:16,017 [main | u:p] INFO  com.polarion.platform.startup -  -- Refreshing 3 objects in index: BaselineCollection
2026-06-23 08:32:16,029 [main | u:p] INFO  com.polarion.platform.startup -  -- -- 3 from 3 objects were refreshed (100%)
2026-06-23 08:32:16,288 [main | u:p] INFO  com.polarion.platform.startup -  -- Refreshing 5 objects in index: Build
2026-06-23 08:32:16,292 [main | u:p] INFO  com.polarion.platform.startup -  -- -- 5 from 5 objects were refreshed (100%)
2026-06-23 08:32:16,347 [main | u:p] INFO  com.polarion.platform.startup -  -- Refreshing 8 objects in index: BuildArtifact
2026-06-23 08:32:16,375 [main | u:p] INFO  com.polarion.platform.startup -  -- -- 8 from 8 objects were refreshed (100%)
2026-06-23 08:32:16,395 [main | u:p] INFO  com.polarion.platform.startup -  -- Refreshing 45 objects in index: Category
2026-06-23 08:32:16,469 [main | u:p] INFO  com.polarion.platform.startup -  -- -- 45 from 45 objects were refreshed (100%)
2026-06-23 08:32:16,521 [main | u:p] INFO  com.polarion.platform.startup -  -- Refreshing 65 objects in index: Comment
2026-06-23 08:32:16,744 [main | u:p] INFO  com.polarion.platform.startup -  -- -- 65 from 65 objects were refreshed (100%)
2026-06-23 08:32:16,875 [main | u:p] INFO  com.polarion.platform.startup -  -- Refreshing 4 objects in index: DocumentWorkflowSignature
2026-06-23 08:32:16,895 [main | u:p] INFO  com.polarion.platform.startup -  -- -- 4 from 4 objects were refreshed (100%)
2026-06-23 08:32:16,911 [main | u:p] INFO  com.polarion.platform.startup -  -- Refreshing 26 objects in index: Module
2026-06-23 08:32:17,046 [ObjectIndex-refreshIndex-1 | u:p] INFO  com.polarion.platform.startup -  -- -- 10 from 26 objects were refreshed (38%)
2026-06-23 08:32:17,085 [ObjectIndex-refreshIndex-2 | u:p] INFO  com.polarion.platform.startup -  -- -- 20 from 26 objects were refreshed (76%)
2026-06-23 08:32:17,482 [ObjectIndex-refreshIndex-2 | u:p] INFO  com.polarion.platform.startup -  -- -- 26 from 26 objects were refreshed (100%)
2026-06-23 08:32:17,577 [ObjectIndex-refreshIndex-1 | u:p] INFO  TXLOGGER - Summary for 'worker thread': Total: 0.663 s, CPU [user: 0.22 s, system: 0.0156 s], Allocated memory: 27.9 MB, transactions: 10, Lucene: 0.323 s [100% refresh (1x)] (1x), resolve: 0.149 s [88% Module (20x)] (74x), svn: 0.101 s [66% getFile content (16x), 33% info (38x)] (66x), DB: 0.069 s [69% update (475x), 15% query (60x)] (858x), SubterraURITable: 0.058 s [100% addIfNotExistsDB (227x)] (227x), RepositoryConfigService: 0.0526 s [88% getReadConfiguration (34x)] (58x)
2026-06-23 08:32:17,579 [ObjectIndex-refreshIndex-2 | u:p] INFO  TXLOGGER - Summary for 'worker thread': Total: 0.658 s, CPU [user: 0.24 s, system: 0.0177 s], Allocated memory: 29.5 MB, transactions: 10, Lucene: 0.292 s [100% refresh (2x)] (2x), resolve: 0.205 s [95% Module (32x)] (116x), svn: 0.147 s [74% getFile content (18x), 25% info (35x)] (66x), DB: 0.124 s [69% update (714x), 19% execute (44x)] (1306x), SubterraURITable: 0.1 s [100% addIfNotExistsDB (340x)] (340x), DBPersist: 0.0562 s [100% persist (16x)] (16x), RepositoryConfigService: 0.0405 s [68% getReadConfiguration (54x), 32% getExistingPrefixes (32x)] (90x)
2026-06-23 08:32:17,579 [main | u:p] INFO  com.polarion.platform.startup -  -- Refreshing 5 objects in index: ModuleAttachment (deferred)
2026-06-23 08:32:17,580 [main | u:p] INFO  com.polarion.platform.startup -  -- Refreshing 4 objects in index: ModuleComment
2026-06-23 08:32:17,581 [main | u:p] INFO  com.polarion.platform.startup -  -- -- 4 from 4 objects were refreshed (100%)
2026-06-23 08:32:17,588 [main | u:p] INFO  com.polarion.platform.startup -  -- Refreshing 19 objects in index: Plan
2026-06-23 08:32:18,188 [main | u:p] INFO  com.polarion.platform.startup -  -- -- 19 from 19 objects were refreshed (100%)
2026-06-23 08:32:18,318 [main | u:p] INFO  com.polarion.platform.startup -  -- Refreshing 3 objects in index: Project
2026-06-23 08:32:18,318 [main | u:p] INFO  com.polarion.platform.startup -  -- -- 3 from 3 objects were refreshed (100%)
2026-06-23 08:32:18,325 [main | u:p] INFO  com.polarion.platform.startup -  -- Refreshing 3 objects in index: ProjectGroup
2026-06-23 08:32:18,330 [main | u:p] INFO  com.polarion.platform.startup -  -- -- 3 from 3 objects were refreshed (100%)
2026-06-23 08:32:18,336 [main | u:p] INFO  com.polarion.platform.startup -  -- Refreshing 3 objects in index: Revision
2026-06-23 08:32:18,337 [main | u:p] INFO  com.polarion.platform.startup -  -- -- 3 from 3 objects were refreshed (100%)
2026-06-23 08:32:18,343 [main | u:p] INFO  com.polarion.platform.startup -  -- Refreshing 74 objects in index: RichPage
2026-06-23 08:32:19,791 [main | u:p] INFO  com.polarion.platform.startup -  -- -- 74 from 74 objects were refreshed (100%)
2026-06-23 08:32:20,086 [main | u:p] INFO  com.polarion.platform.startup -  -- Refreshing 28 objects in index: RichPageAttachment (deferred)
2026-06-23 08:32:20,086 [main | u:p] INFO  com.polarion.platform.startup -  -- Refreshing 27 objects in index: TestRun
2026-06-23 08:32:20,158 [ObjectIndex-refreshIndex-1 | u:p] INFO  com.polarion.platform.startup -  -- -- 10 from 27 objects were refreshed (37%)
2026-06-23 08:32:20,161 [ObjectIndex-refreshIndex-2 | u:p] INFO  com.polarion.platform.startup -  -- -- 20 from 27 objects were refreshed (74%)
2026-06-23 08:32:20,176 [ObjectIndex-refreshIndex-1 | u:p] INFO  com.polarion.platform.persistence.internal.FactoriesProvider - Factory for unknown enumId (platform) created
2026-06-23 08:32:20,357 [ObjectIndex-refreshIndex-2 | u:p] INFO  com.polarion.platform.startup -  -- -- 27 from 27 objects were refreshed (100%)
2026-06-23 08:32:20,394 [ObjectIndex-refreshIndex-1 | u:p] INFO  TXLOGGER - Summary for 'worker thread': Total: 0.305 s, CPU [user: 0.09 s, system: 0.00537 s], Allocated memory: 13.4 MB, transactions: 10, DBPersist: 0.178 s [100% persist (10x)] (10x), resolve: 0.0724 s [96% TestRun (10x)] (40x), RepositoryConfigService: 0.0545 s [72% getReadConfiguration (200x), 28% getExistingPrefixes (26x)] (231x), svn: 0.0527 s [61% info (31x), 20% getFile content (15x)] (59x), Lucene: 0.0436 s [100% refresh (1x)] (1x), DB: 0.0307 s [48% execute (46x), 32% query (30x)] (190x)
2026-06-23 08:32:20,394 [ObjectIndex-refreshIndex-2 | u:p] INFO  TXLOGGER - Summary for 'worker thread': Total: 0.302 s, CPU [user: 0.14 s, system: 0.0138 s], Allocated memory: 22.7 MB, transactions: 10, DBPersist: 0.156 s [100% persist (17x)] (17x), resolve: 0.0911 s [99% TestRun (17x)] (68x), svn: 0.0569 s [77% info (37x), 14% getFile content (21x)] (72x), Lucene: 0.0516 s [100% refresh (2x)] (2x), DB: 0.047 s [36% query (51x), 31% update (75x), 29% execute (66x)] (288x), RepositoryConfigService: 0.034 s [61% getReadConfiguration (291x), 39% getExistingPrefixes (40x)] (335x)
2026-06-23 08:32:20,394 [main | u:p] INFO  com.polarion.platform.startup -  -- Refreshing 8 objects in index: User
2026-06-23 08:32:20,400 [main | u:p] INFO  com.polarion.platform.startup -  -- -- 8 from 8 objects were refreshed (100%)
2026-06-23 08:32:20,409 [main | u:p] INFO  com.polarion.platform.startup -  -- Refreshing 707 objects in index: WorkItem
2026-06-23 08:32:20,781 [ObjectIndex-refreshIndex-1 | u:p] INFO  com.polarion.platform.startup -  -- -- 100 from 707 objects were refreshed (14%)
2026-06-23 08:32:20,845 [ObjectIndex-refreshIndex-2 | u:p] INFO  com.polarion.platform.startup -  -- -- 200 from 707 objects were refreshed (28%)
2026-06-23 08:32:20,988 [ObjectIndex-refreshIndex-2 | u:p] INFO  com.polarion.platform.persistence.internal.FactoriesProvider - Factory for unknown enumId (tshirt-sizes) created
2026-06-23 08:32:21,605 [ObjectIndex-refreshIndex-2 | u:p] INFO  com.polarion.platform.startup -  -- -- 300 from 707 objects were refreshed (42%)
2026-06-23 08:32:21,734 [ObjectIndex-refreshIndex-1 | u:p] INFO  com.polarion.platform.startup -  -- -- 400 from 707 objects were refreshed (56%)
2026-06-23 08:32:21,812 [ObjectIndex-refreshIndex-1 | u:p] INFO  com.polarion.platform.persistence.internal.FactoriesProvider - Factory for unknown enumId (testtype) created
2026-06-23 08:32:21,864 [ObjectIndex-refreshIndex-1 | u:p] INFO  com.polarion.platform.persistence.internal.FactoriesProvider - Factory for unknown enumId (reqtype) created
2026-06-23 08:32:22,251 [ObjectIndex-refreshIndex-2 | u:p] INFO  com.polarion.platform.startup -  -- -- 500 from 707 objects were refreshed (70%)
2026-06-23 08:32:22,330 [ObjectIndex-refreshIndex-1 | u:p] INFO  com.polarion.platform.startup -  -- -- 600 from 707 objects were refreshed (84%)
2026-06-23 08:32:22,645 [ObjectIndex-refreshIndex-1 | u:p] INFO  com.polarion.platform.startup -  -- -- 607 from 707 objects were refreshed (85%)
2026-06-23 08:32:22,722 [ObjectIndex-refreshIndex-2 | u:p] INFO  com.polarion.platform.startup -  -- -- 707 from 707 objects were refreshed (100%)
2026-06-23 08:32:22,972 [ObjectIndex-refreshIndex-1 | u:p] INFO  TXLOGGER - Summary for 'worker thread': Total: 2.56 s, CPU [user: 0.9 s, system: 0.124 s], Allocated memory: 222.1 MB, transactions: 85, resolve: 1.01 s [90% WorkItem (307x)] (3332x), Lucene: 0.895 s [100% refresh (4x)] (4x), svn: 0.45 s [65% info (459x), 31% getFile content (393x)] (948x), DBPersist: 0.422 s [100% persist (307x)] (307x), DB: 0.324 s [49% query (2456x), 36% execute (882x)] (6484x), RepositoryConfigService: 0.291 s [74% getReadConfiguration (3348x), 26% getExistingPrefixes (2783x)] (6159x), StripedGlobalHandler: 0.154 s [60% put (403x), 40% get (6793x)] (7218x)
2026-06-23 08:32:22,972 [ObjectIndex-refreshIndex-2 | u:p] INFO  TXLOGGER - Summary for 'worker thread': Total: 2.56 s, CPU [user: 0.98 s, system: 0.16 s], Allocated memory: 270.7 MB, transactions: 42, resolve: 1.34 s [95% WorkItem (400x)] (3958x), Lucene: 0.652 s [100% refresh (4x)] (4x), svn: 0.604 s [51% getFile content (481x), 45% info (530x)] (1062x), DBPersist: 0.577 s [100% persist (400x)] (400x), DB: 0.454 s [50% query (3200x), 35% execute (1071x)] (8389x), StripedGlobalHandler: 0.202 s [80% put (488x), 20% get (8738x)] (9229x), RepositoryConfigService: 0.168 s [82% getReadConfiguration (4363x)] (7994x), ObjectMaps: 0.155 s [37% getPrimaryObjectProperty (449x), 25% getLastPromoted (449x), 21% getPrimaryObjectLocation (449x)] (2146x)
2026-06-23 08:32:22,973 [main | u:p] INFO  com.polarion.platform.startup -  -- Refreshing 56 objects in index: WorkRecord
2026-06-23 08:32:22,984 [main | u:p] INFO  com.polarion.platform.startup -  -- -- 56 from 56 objects were refreshed (100%)
2026-06-23 08:32:23,822 [main | u:p] INFO  TXLOGGER - Tx Lucene Commit [head]: finished. Total: 0.773 s, CPU [user: 0.38 s, system: 0.0157 s], Allocated memory: 112.2 MB, commit: 0.773 s [38% WorkItem (1x), 12% Category (1x), 9% WorkItem-OutlineNumbers (1x), 6% RichPage (1x), 5% TestRun (1x)] (19x)
2026-06-23 08:32:23,822 [main | u:p] INFO  com.polarion.subterra.index.impl.DerivedLinkedRevisionsCache - Cache stoped, counts per repository: 
2026-06-23 08:32:23,823 [main | u:p] INFO  com.polarion.platform.startup - Planning reindex history of 0 deleted objects BEGIN
2026-06-23 08:32:23,823 [main | u:p] INFO  com.polarion.platform.startup - Planning reindex history of 0 deleted objects END
2026-06-23 08:32:23,823 [main | u:p] INFO  com.polarion.platform.persistence.internal.calcfields.DelegatingCalculatedFieldsListener - Calculated fields mode: async
2026-06-23 08:32:23,825 [main | u:p] INFO  com.polarion.platform.persistence.internal.pe.PersistenceEngineListener - Flushing took  [ TIME 8.48 s. ]
2026-06-23 08:32:23,825 [main | u:p] INFO  com.polarion.platform.startup - Data indexing ... took  [ TIME 8.51 s. ]
2026-06-23 08:32:23,825 [main | u:p] INFO  TXLOGGER - Summary for 'Data indexing': transactions: 210, PersistenceEngineListener: 8.48 s [100% doFinishStartup (1x)] (1x), resolve: 5.55 s [40% WorkItem (987x), 26% RichPage (411x), 11% Plan (19x), 9% Module (2493x)] (8968x), Lucene: 3.72 s [79% refresh (29x), 21% commitAll (1x)] (30x), svn: 3.22 s [73% getFile content (1175x), 26% info (1467x)] (2860x), DBPersist: 1.77 s [100% persist (1061x)] (1061x), DB: 1.31 s [35% query (6028x), 32% execute (2483x), 25% update (3238x)] (19899x), commit: 0.773 s [38% WorkItem (1x), 12% Category (1x), 9% WorkItem-OutlineNumbers (1x), 6% RichPage (1x), 5% TestRun (1x)] (19x), RepositoryConfigService: 0.667 s [77% getReadConfiguration (8334x), 23% getExistingPrefixes (6529x)] (14911x), StripedGlobalHandler: 0.634 s [70% put (1229x), 30% get (16825x)] (18091x), calculatedFieldsContributor: 0.603 s [93% objectsToInv (20x)] (754x), ObjectMaps: 0.494 s [42% getPrimaryObjectProperty (1069x), 24% getLastPromoted (1069x), 21% getPrimaryObjectLocation (1069x)] (5019x)
2026-06-23 08:32:23,828 [main | u:p] INFO  com.polarion.platform.internal.service.repository.ListenerManager - Starting the pulling job for repository: default
2026-06-23 08:32:23,828 [main | u:p] INFO  com.polarion.platform.persistence.internal.pe.LowLevelDataService - Persistence initialization finished [ TIME 12.2 s. ]
2026-06-23 08:32:23,828 [main | u:p] INFO  com.polarion.platform.startup - ------------------------------
2026-06-23 08:32:23,828 [main | u:p] INFO  com.polarion.platform.startup - Fields recalculation (Phase: 8/9)
2026-06-23 08:32:23,834 [main | u:p] INFO  com.polarion.platform.persistence.internal.calcfields.FieldsCalculator - FULL RECALCULATION
2026-06-23 08:32:23,839 [main | u:p] INFO  com.polarion.subterra.index.impl.lucene.LuceneIndexPair - searcher manager created for index: Project
2026-06-23 08:32:23,844 [main | u:p] INFO  com.polarion.platform.persistence.internal.calcfields.FieldsCalculator - Creating Work Items query took:  [ TIME 0.00975 s. ] , query: (project.id:drivepilot AND type:(risk)) OR (project.id:elibrary AND type:(epic))
2026-06-23 08:32:23,862 [main | u:p] INFO  com.polarion.subterra.index.impl.lucene.LuceneIndexPair - searcher manager created for index: WorkItem
2026-06-23 08:32:23,882 [main | u:p] INFO  com.polarion.platform.persistence.internal.calcfields.FieldsCalculator - RECALCULATE STARTED for 7 objects
2026-06-23 08:32:23,894 [main | u:p] INFO  com.polarion.platform.persistence.internal.calcfields.FieldsCalculator - Ordering 7 items by hierarchy took:  [ TIME 0.0117 s. ]
2026-06-23 08:32:23,917 [main | u:p] INFO  com.polarion.platform.persistence.internal.calcfields.FieldsCalculator - Calculating fields for 6 items in batches took:  [ TIME 0.022 s. ]
2026-06-23 08:32:23,933 [main | u:p] INFO  com.polarion.subterra.index.impl.ObjectIndexUpdaterBase -  -- Refreshing 6 objects in index: WorkItem
2026-06-23 08:32:23,937 [main | u:p] INFO  com.polarion.subterra.index.impl.ObjectIndexUpdaterBase -  -- -- 6 from 6 objects were refreshed (100%)
2026-06-23 08:32:24,016 [main | u:p] INFO  com.polarion.platform.persistence.internal.calcfields.FieldsCalculator - Refreshing index for 6 items after fields recalculation took:  [ TIME 0.0994 s. ]
2026-06-23 08:32:24,016 [main | u:p] INFO  com.polarion.platform.persistence.internal.calcfields.FieldsCalculator - RECALCULATE FINISHED for 7 objects in  [ TIME 0.134 s. ]
2026-06-23 08:32:24,016 [main | u:p] INFO  com.polarion.platform.startup - Fields recalculation ... took  [ TIME 0.19 s. ]
2026-06-23 08:32:24,017 [main | u:p] INFO  TXLOGGER - Summary for 'Fields recalculation': transactions: 1, Lucene: 0.0895 s [48% refresh (1x), 46% search (9x)] (75x), DBPersist: 0.0252 s [100% persist (6x)] (6x), StripedGlobalHandler: 0.0108 s [67% get (271x), 33% applyTxChanges (2x)] (273x), DB: 0.0103 s [37% update (25x), 34% execute (33x), 26% query (48x)] (167x), resolve: 0.00899 s [95% WorkItem (39x)] (171x), EHCache: 0.00783 s [100% GET (89x)] (105x)
2026-06-23 08:32:24,017 [main | u:p] INFO  com.polarion.platform.startup - ------------------------------
2026-06-23 08:32:24,017 [main | u:p] INFO  com.polarion.platform.startup - Polarion startup (Phase: 9/9)
2026-06-23 08:32:24,047 [main | u:p] INFO  com.polarion.platform.jobs.internal.service.scheduler.JobSchedulerService - Updating local scheduler state: start
2026-06-23 08:32:24,092 [DBNormalHistoryCreator | u:p] INFO  com.polarion.subterra.index.impl.ObjectIndexUpdaterBase -  -- -- 6 from 6 objects were refreshed (100%)
2026-06-23 08:32:24,134 [main | u:p | u:p] INFO  com.polarion.platform.jobs.internal.service.scheduler.JobSchedulerService - 10 scheduled job(s) configured
2026-06-23 08:32:24,204 [DBNormalHistoryCreator | u:p] INFO  TXLOGGER - Tx command #0: finished. Total: 0.194 s, CPU [user: 0.07 s, system: 0.00915 s], Allocated memory: 19.9 MB, resolve: 0.125 s [61% WorkItems (1x), 31% Category (69x)] (133x), svn: 0.0846 s [57% getFile content (28x), 40% info (48x)] (86x), Lucene: 0.0707 s [100% refresh (1x)] (1x), DBPersist: 0.0231 s [100% persist (6x)] (6x), DB: 0.0193 s [85% execute (80x)] (105x), ObjectMaps: 0.019 s [52% getPrimaryObjectLocations (35x), 26% getPrimaryObjectProperty (28x), 10% getPrimaryObjectLocation (28x)] (149x), DaoTransformer: 0.0134 s [100% WorkItem (6x)] (6x), UriTransformer: 0.0118 s [74% Category (23x), 18% User (11x)] (53x)
2026-06-23 08:32:24,497 [main] INFO  com.polarion.psvn.launcher.internal.platform.PlatformService - Platform boot finished
2026-06-23 08:32:24,497 [main] INFO  com.polarion.psvn.launcher.internal.platform.PlatformService - Platform started
2026-06-23 08:32:24,506 [main] INFO  com.polarion.psvn.launcher.internal.tomcat.TomcatService - Starting Tomcat...
2026-06-23 08:32:24,558 [main] INFO  com.polarion.portal.tomcat.TomcatAppServer - TomcatAppServer.start(): added webapp 'WebappContribution[webappName: webui, contextRoot: webapp/webui, plugin: com.polarion.alm.ui, priority: -10]'; protocol: AJP/1.3, port: 8889
2026-06-23 08:32:24,559 [main] INFO  com.polarion.portal.tomcat.TomcatAppServer - TomcatAppServer.start(): added webapp 'WebappContribution[webappName: polarion, contextRoot: webapp/authapp, plugin: com.polarion.alm.ui, priority: 0]'; protocol: AJP/1.3, port: 8889
2026-06-23 08:32:24,559 [main] INFO  com.polarion.portal.tomcat.TomcatAppServer - TomcatAppServer.start(): added webapp 'WebappContribution[webappName: polarion/.well-known, contextRoot: webapp/well-known, plugin: com.polarion.platform, priority: 0]'; protocol: AJP/1.3, port: 8889
2026-06-23 08:32:24,559 [main] INFO  com.polarion.portal.tomcat.TomcatAppServer - TomcatAppServer.start(): added webapp 'WebappContribution[webappName: polarion/activate, contextRoot: webapp/activation, plugin: com.polarion.psvn.launcher, priority: 0]'; protocol: AJP/1.3, port: 8889
2026-06-23 08:32:24,559 [main] INFO  com.polarion.portal.tomcat.TomcatAppServer - TomcatAppServer.start(): added webapp 'WebappContribution[webappName: polarion/bir, contextRoot: webapp/bir, plugin: com.polarion.alm.ui, priority: 0]'; protocol: AJP/1.3, port: 8889
2026-06-23 08:32:24,559 [main] INFO  com.polarion.portal.tomcat.TomcatAppServer - TomcatAppServer.start(): added webapp 'WebappContribution[webappName: polarion/codemirror-modes, contextRoot: webapp/codemirror-modes, plugin: com.polarion.alm.ui, priority: 0]'; protocol: AJP/1.3, port: 8889
2026-06-23 08:32:24,560 [main] INFO  com.polarion.portal.tomcat.TomcatAppServer - TomcatAppServer.start(): added webapp 'WebappContribution[webappName: polarion/doorsconnector, contextRoot: webapp, plugin: com.polarion.synchronizer, priority: 0]'; protocol: AJP/1.3, port: 8889
2026-06-23 08:32:24,560 [main] INFO  com.polarion.portal.tomcat.TomcatAppServer - TomcatAppServer.start(): added webapp 'WebappContribution[webappName: polarion/export, contextRoot: webapp/export, plugin: com.polarion.alm.ui, priority: 0]'; protocol: AJP/1.3, port: 8889
2026-06-23 08:32:24,560 [main] INFO  com.polarion.portal.tomcat.TomcatAppServer - TomcatAppServer.start(): added webapp 'WebappContribution[webappName: polarion/gwt, contextRoot: war, plugin: com.polarion.alm.ui, priority: 0]'; protocol: AJP/1.3, port: 8889
2026-06-23 08:32:24,560 [main] INFO  com.polarion.portal.tomcat.TomcatAppServer - TomcatAppServer.start(): added webapp 'WebappContribution[webappName: polarion/icons, contextRoot: webapp/icons, plugin: com.polarion.alm.ui, priority: 0]'; protocol: AJP/1.3, port: 8889
2026-06-23 08:32:24,560 [main] INFO  com.polarion.portal.tomcat.TomcatAppServer - TomcatAppServer.start(): added webapp 'WebappContribution[webappName: polarion/internal-login, contextRoot: webapp/internal-login, plugin: com.polarion.alm.ui, priority: 0]'; protocol: AJP/1.3, port: 8889
2026-06-23 08:32:24,560 [main] INFO  com.polarion.portal.tomcat.TomcatAppServer - TomcatAppServer.start(): added webapp 'WebappContribution[webappName: polarion/internal/status, contextRoot: webapp, plugin: com.polarion.alm.tracker, priority: 0]'; protocol: AJP/1.3, port: 8889
2026-06-23 08:32:24,560 [main] INFO  com.polarion.portal.tomcat.TomcatAppServer - TomcatAppServer.start(): added webapp 'WebappContribution[webappName: polarion/localization, contextRoot: webapp/localization, plugin: com.polarion.alm.ui, priority: 0]'; protocol: AJP/1.3, port: 8889
2026-06-23 08:32:24,561 [main] INFO  com.polarion.portal.tomcat.TomcatAppServer - TomcatAppServer.start(): added webapp 'WebappContribution[webappName: polarion/module-attachment, contextRoot: webapp/attachments, plugin: com.polarion.alm.ui, priority: 0]'; protocol: AJP/1.3, port: 8889
2026-06-23 08:32:24,561 [main] INFO  com.polarion.portal.tomcat.TomcatAppServer - TomcatAppServer.start(): added webapp 'WebappContribution[webappName: polarion/modulehome, contextRoot: webapp/module-home, plugin: com.polarion.alm.ui, priority: 0]'; protocol: AJP/1.3, port: 8889
2026-06-23 08:32:24,561 [main] INFO  com.polarion.portal.tomcat.TomcatAppServer - TomcatAppServer.start(): added webapp 'WebappContribution[webappName: polarion/mxgraph, contextRoot: draw.io/war, plugin: com.polarion.alm.ui.diagrams.mxgraph, priority: 0]'; protocol: AJP/1.3, port: 8889
2026-06-23 08:32:24,561 [main] INFO  com.polarion.portal.tomcat.TomcatAppServer - TomcatAppServer.start(): added webapp 'WebappContribution[webappName: polarion/page-attachment, contextRoot: webapp/attachments, plugin: com.polarion.alm.ui, priority: 0]'; protocol: AJP/1.3, port: 8889
2026-06-23 08:32:24,561 [main] INFO  com.polarion.portal.tomcat.TomcatAppServer - TomcatAppServer.start(): added webapp 'WebappContribution[webappName: polarion/perf-testing, contextRoot: webapp/perf-testing, plugin: com.polarion.alm.ui, priority: 0]'; protocol: AJP/1.3, port: 8889
2026-06-23 08:32:24,561 [main] INFO  com.polarion.portal.tomcat.TomcatAppServer - TomcatAppServer.start(): added webapp 'WebappContribution[webappName: polarion/print, contextRoot: webapp/print, plugin: com.polarion.alm.ui, priority: 0]'; protocol: AJP/1.3, port: 8889
2026-06-23 08:32:24,561 [main] INFO  com.polarion.portal.tomcat.TomcatAppServer - TomcatAppServer.start(): added webapp 'WebappContribution[webappName: polarion/register, contextRoot: webapp/register, plugin: com.polarion.alm.ui, priority: 0]'; protocol: AJP/1.3, port: 8889
2026-06-23 08:32:24,561 [main] INFO  com.polarion.portal.tomcat.TomcatAppServer - TomcatAppServer.start(): added webapp 'WebappContribution[webappName: polarion/rest, contextRoot: webapp, plugin: com.siemens.polarion.rest, priority: 0]'; protocol: AJP/1.3, port: 8889
2026-06-23 08:32:24,562 [main] INFO  com.polarion.portal.tomcat.TomcatAppServer - TomcatAppServer.start(): added webapp 'WebappContribution[webappName: polarion/ria, contextRoot: webapp/ria, plugin: com.polarion.alm.ui, priority: 0]'; protocol: AJP/1.3, port: 8889
2026-06-23 08:32:24,562 [main] INFO  com.polarion.portal.tomcat.TomcatAppServer - TomcatAppServer.start(): added webapp 'WebappContribution[webappName: polarion/richpagehome, contextRoot: webapp/richpage-home, plugin: com.polarion.alm.ui, priority: 0]'; protocol: AJP/1.3, port: 8889
2026-06-23 08:32:24,562 [main] INFO  com.polarion.portal.tomcat.TomcatAppServer - TomcatAppServer.start(): added webapp 'WebappContribution[webappName: polarion/rt, contextRoot: src/main/webapp, plugin: com.siemens.polarion.rt, priority: 0]'; protocol: AJP/1.3, port: 8889
2026-06-23 08:32:24,562 [main] INFO  com.polarion.portal.tomcat.TomcatAppServer - TomcatAppServer.start(): added webapp 'WebappContribution[webappName: polarion/rt-connect, contextRoot: ws, plugin: com.siemens.polarion.rt.communication.polarion, priority: 0]'; protocol: AJP/1.3, port: 8889
2026-06-23 08:32:24,563 [main] INFO  com.polarion.portal.tomcat.TomcatAppServer - TomcatAppServer.start(): added webapp 'WebappContribution[webappName: polarion/scripting, contextRoot: webapp/scripting, plugin: com.polarion.scripting.servlet, priority: 0]'; protocol: AJP/1.3, port: 8889
2026-06-23 08:32:24,563 [main] INFO  com.polarion.portal.tomcat.TomcatAppServer - TomcatAppServer.start(): added webapp 'WebappContribution[webappName: polarion/sdk, contextRoot: webapp/sdk, plugin: com.polarion.alm.ui, priority: 0]'; protocol: AJP/1.3, port: 8889
2026-06-23 08:32:24,563 [main] INFO  com.polarion.portal.tomcat.TomcatAppServer - TomcatAppServer.start(): added webapp 'WebappContribution[webappName: polarion/svnwebclient, contextRoot: webapp, plugin: com.siemens.polarion.svnwebclient, priority: 0]'; protocol: AJP/1.3, port: 8889
2026-06-23 08:32:24,563 [main] INFO  com.polarion.portal.tomcat.TomcatAppServer - TomcatAppServer.start(): added webapp 'WebappContribution[webappName: polarion/swagger, contextRoot: webapp/swagger, plugin: com.siemens.polarion.rest, priority: 0]'; protocol: AJP/1.3, port: 8889
2026-06-23 08:32:24,563 [main] INFO  com.polarion.portal.tomcat.TomcatAppServer - TomcatAppServer.start(): added webapp 'WebappContribution[webappName: polarion/synchronizer, contextRoot: webapp, plugin: com.polarion.synchronizer.ui, priority: 0]'; protocol: AJP/1.3, port: 8889
2026-06-23 08:32:24,564 [main] INFO  com.polarion.portal.tomcat.TomcatAppServer - TomcatAppServer.start(): added webapp 'WebappContribution[webappName: polarion/teamcenter/login, contextRoot: webapp, plugin: com.siemens.polarion.teamcenter.authenticator, priority: 0]'; protocol: AJP/1.3, port: 8889
2026-06-23 08:32:24,564 [main] INFO  com.polarion.portal.tomcat.TomcatAppServer - TomcatAppServer.start(): added webapp 'WebappContribution[webappName: polarion/template-download, contextRoot: webapp/project-template, plugin: com.polarion.alm.ui, priority: 0]'; protocol: AJP/1.3, port: 8889
2026-06-23 08:32:24,564 [main] INFO  com.polarion.portal.tomcat.TomcatAppServer - TomcatAppServer.start(): added webapp 'WebappContribution[webappName: polarion/testrun-attachment, contextRoot: webapp/attachments, plugin: com.polarion.alm.ui, priority: 0]'; protocol: AJP/1.3, port: 8889
2026-06-23 08:32:24,564 [main] INFO  com.polarion.portal.tomcat.TomcatAppServer - TomcatAppServer.start(): added webapp 'WebappContribution[webappName: polarion/tour, contextRoot: webapp/tour, plugin: com.polarion.alm.ui, priority: 0]'; protocol: AJP/1.3, port: 8889
2026-06-23 08:32:24,564 [main] INFO  com.polarion.portal.tomcat.TomcatAppServer - TomcatAppServer.start(): added webapp 'WebappContribution[webappName: polarion/wi-attachment, contextRoot: webapp/attachments, plugin: com.polarion.alm.ui, priority: 0]'; protocol: AJP/1.3, port: 8889
2026-06-23 08:32:24,564 [main] INFO  com.polarion.portal.tomcat.TomcatAppServer - TomcatAppServer.start(): added webapp 'WebappContribution[webappName: polarion/wi-attachment-auth, contextRoot: webapp/wi-attachment-auth, plugin: com.polarion.alm.ui, priority: 0]'; protocol: AJP/1.3, port: 8889
2026-06-23 08:32:24,564 [main] INFO  com.polarion.portal.tomcat.TomcatAppServer - TomcatAppServer.start(): added webapp 'WebappContribution[webappName: polarion/widget-resource, contextRoot: webapp/widget-resource, plugin: com.polarion.alm.ui, priority: 0]'; protocol: AJP/1.3, port: 8889
2026-06-23 08:32:24,565 [main] INFO  com.polarion.portal.tomcat.TomcatAppServer - TomcatAppServer.start(): added webapp 'WebappContribution[webappName: polarion/wiki, contextRoot: src/main/webapp, plugin: com.polarion.alm.wiki, priority: 0]'; protocol: AJP/1.3, port: 8889
2026-06-23 08:32:24,565 [main] INFO  com.polarion.portal.tomcat.TomcatAppServer - TomcatAppServer.start(): added webapp 'WebappContribution[webappName: polarion/workreport, contextRoot: webapp/workreport, plugin: com.polarion.alm.ui, priority: 0]'; protocol: AJP/1.3, port: 8889
2026-06-23 08:32:24,565 [main] INFO  com.polarion.portal.tomcat.TomcatAppServer - TomcatAppServer.start(): added webapp 'WebappContribution[webappName: polarion/ws, contextRoot: ws, plugin: com.polarion.alm.ws, priority: 0]'; protocol: AJP/1.3, port: 8889
2026-06-23 08:32:24,565 [main] INFO  com.polarion.portal.tomcat.TomcatAppServer - TomcatAppServer.start(): added webapp 'WebappContribution[webappName: polarion/xunitimport, contextRoot: webapp/xunitimport, plugin: com.polarion.alm.ui, priority: 0]'; protocol: AJP/1.3, port: 8889
2026-06-23 08:32:24,565 [main] INFO  com.polarion.portal.tomcat.TomcatAppServer - TomcatAppServer.start(): added webapp 'WebappContribution[webappName: polarion/oslc, contextRoot: webapp, plugin: com.polarion.alm.oslc, priority: 1]'; protocol: AJP/1.3, port: 8889
2026-06-23 08:32:24,648 [main] INFO  org.apache.coyote.ajp.AjpNioProtocol - Initializing ProtocolHandler ["ajp-nio-127.0.0.1-8889"]
2026-06-23 08:32:24,666 [main] INFO  org.apache.catalina.core.StandardService - Starting service [Tomcat]
2026-06-23 08:32:24,666 [main] INFO  org.apache.catalina.core.StandardEngine - Starting Servlet engine: [Apache Tomcat/11.0.21]
2026-06-23 08:32:24,697 [Catalina-utility-1] INFO  org.apache.catalina.loader.WebappLoader - Unknown class loader [com.polarion.portal.tomcat.WebAppClassLoader@3692d526] of class [class com.polarion.portal.tomcat.WebAppClassLoader]
2026-06-23 08:32:24,703 [Catalina-utility-2] INFO  org.apache.catalina.loader.WebappLoader - Unknown class loader [com.polarion.portal.tomcat.WebAppClassLoader@5ab6118b] of class [class com.polarion.portal.tomcat.WebAppClassLoader]
2026-06-23 08:32:24,724 [Catalina-utility-1] INFO  org.apache.catalina.startup.ContextConfig - No global web.xml found
2026-06-23 08:32:24,787 [Catalina-utility-2] INFO  org.apache.catalina.loader.WebappLoader - Unknown class loader [com.polarion.portal.tomcat.WebAppClassLoader@15ea20e2] of class [class com.polarion.portal.tomcat.WebAppClassLoader]
2026-06-23 08:32:24,792 [Catalina-utility-1] INFO  org.apache.catalina.loader.WebappLoader - Unknown class loader [com.polarion.portal.tomcat.WebAppClassLoader@2cec2052] of class [class com.polarion.portal.tomcat.WebAppClassLoader]
2026-06-23 08:32:24,801 [Catalina-utility-1] INFO  org.apache.catalina.loader.WebappLoader - Unknown class loader [com.polarion.portal.tomcat.WebAppClassLoader@123d3838] of class [class com.polarion.portal.tomcat.WebAppClassLoader]
2026-06-23 08:32:24,805 [Catalina-utility-2] INFO  org.apache.catalina.loader.WebappLoader - Unknown class loader [com.polarion.portal.tomcat.WebAppClassLoader@196eb27] of class [class com.polarion.portal.tomcat.WebAppClassLoader]
2026-06-23 08:32:24,813 [Catalina-utility-1] INFO  org.apache.catalina.loader.WebappLoader - Unknown class loader [com.polarion.portal.tomcat.WebAppClassLoader@40bd544] of class [class com.polarion.portal.tomcat.WebAppClassLoader]
2026-06-23 08:32:24,823 [Catalina-utility-2] INFO  org.apache.catalina.loader.WebappLoader - Unknown class loader [com.polarion.portal.tomcat.WebAppClassLoader@446905ba] of class [class com.polarion.portal.tomcat.WebAppClassLoader]
2026-06-23 08:32:24,832 [Catalina-utility-2] INFO  org.apache.catalina.loader.WebappLoader - Unknown class loader [com.polarion.portal.tomcat.WebAppClassLoader@64b752c4] of class [class com.polarion.portal.tomcat.WebAppClassLoader]
2026-06-23 08:32:24,841 [Catalina-utility-1] INFO  org.apache.tomcat.dbcp.dbcp2.BasicDataSourceFactory - Name = XWikiDS Ignoring unknown property: value of "DB Connection" for "description" property
2026-06-23 08:32:24,987 [Catalina-utility-1] INFO  org.apache.jasper.servlet.TldScanner - At least one JAR was scanned for TLDs yet contained no TLDs. Enable debug logging for this logger for a complete list of JARs that were scanned but no TLDs were found in them. Skipping unneeded JARs during scanning can improve startup time and JSP compilation time.
2026-06-23 08:32:25,111 [Catalina-utility-1] INFO  org.apache.catalina.loader.WebappLoader - Unknown class loader [com.polarion.portal.tomcat.WebAppClassLoader@3c1d1ef9] of class [class com.polarion.portal.tomcat.WebAppClassLoader]
2026-06-23 08:32:25,122 [Catalina-utility-1] INFO  org.apache.catalina.loader.WebappLoader - Unknown class loader [com.polarion.portal.tomcat.WebAppClassLoader@101923c3] of class [class com.polarion.portal.tomcat.WebAppClassLoader]
2026-06-23 08:32:25,126 [Catalina-utility-1] INFO  org.apache.catalina.loader.WebappLoader - Unknown class loader [com.polarion.portal.tomcat.WebAppClassLoader@606d6258] of class [class com.polarion.portal.tomcat.WebAppClassLoader]
2026-06-23 08:32:25,147 [Catalina-utility-1] INFO  org.apache.catalina.loader.WebappLoader - Unknown class loader [com.polarion.portal.tomcat.WebAppClassLoader@181c07b3] of class [class com.polarion.portal.tomcat.WebAppClassLoader]
2026-06-23 08:32:25,151 [Catalina-utility-1] INFO  org.apache.catalina.loader.WebappLoader - Unknown class loader [com.polarion.portal.tomcat.WebAppClassLoader@38330440] of class [class com.polarion.portal.tomcat.WebAppClassLoader]
2026-06-23 08:32:25,164 [Catalina-utility-1] INFO  org.apache.catalina.loader.WebappLoader - Unknown class loader [com.polarion.portal.tomcat.WebAppClassLoader@587a664e] of class [class com.polarion.portal.tomcat.WebAppClassLoader]
2026-06-23 08:32:25,170 [Catalina-utility-1] INFO  org.apache.catalina.loader.WebappLoader - Unknown class loader [com.polarion.portal.tomcat.WebAppClassLoader@2eb12d96] of class [class com.polarion.portal.tomcat.WebAppClassLoader]
2026-06-23 08:32:25,179 [Catalina-utility-1] INFO  org.apache.jasper.servlet.TldScanner - At least one JAR was scanned for TLDs yet contained no TLDs. Enable debug logging for this logger for a complete list of JARs that were scanned but no TLDs were found in them. Skipping unneeded JARs during scanning can improve startup time and JSP compilation time.
2026-06-23 08:32:25,328 [Catalina-utility-2] INFO  com.siemens.polarion.svnwebclient.commentscache.CommentsCache - Initializing comments cache. Id: https://debian12-nehbabsq-23606.polarion.net.plm.eds.com/repointernal, repository: https://debian12-nehbabsq-23606.polarion.net.plm.eds.com/repointernal/, url: https://debian12-nehbabsq-23606.polarion.net.plm.eds.com/repointernal/, cache directory: /opt/polarion/data/workspace/polarion-data/log-messages-cache, cache page size: 100
2026-06-23 08:32:25,399 [Catalina-utility-2] INFO  org.apache.catalina.loader.WebappLoader - Unknown class loader [com.polarion.portal.tomcat.WebAppClassLoader@3994c5fa] of class [class com.polarion.portal.tomcat.WebAppClassLoader]
2026-06-23 08:32:25,453 [Catalina-utility-2] INFO  org.apache.jasper.servlet.TldScanner - At least one JAR was scanned for TLDs yet contained no TLDs. Enable debug logging for this logger for a complete list of JARs that were scanned but no TLDs were found in them. Skipping unneeded JARs during scanning can improve startup time and JSP compilation time.
2026-06-23 08:32:25,467 [Catalina-utility-2] INFO  org.apache.catalina.loader.WebappLoader - Unknown class loader [com.polarion.portal.tomcat.WebAppClassLoader@6cc03dd6] of class [class com.polarion.portal.tomcat.WebAppClassLoader]
2026-06-23 08:32:25,478 [Catalina-utility-2] INFO  org.apache.catalina.loader.WebappLoader - Unknown class loader [com.polarion.portal.tomcat.WebAppClassLoader@db850a] of class [class com.polarion.portal.tomcat.WebAppClassLoader]
2026-06-23 08:32:25,493 [Catalina-utility-2] INFO  org.apache.catalina.loader.WebappLoader - Unknown class loader [com.polarion.portal.tomcat.WebAppClassLoader@7209f69b] of class [class com.polarion.portal.tomcat.WebAppClassLoader]
2026-06-23 08:32:25,509 [Catalina-utility-2] INFO  org.apache.catalina.loader.WebappLoader - Unknown class loader [com.polarion.portal.tomcat.WebAppClassLoader@229686ac] of class [class com.polarion.portal.tomcat.WebAppClassLoader]
2026-06-23 08:32:25,523 [Catalina-utility-2] INFO  org.apache.catalina.loader.WebappLoader - Unknown class loader [com.polarion.portal.tomcat.WebAppClassLoader@5e418db4] of class [class com.polarion.portal.tomcat.WebAppClassLoader]
2026-06-23 08:32:25,574 [Catalina-utility-2] INFO  com.polarion.portal.velocity.VelocityPathManager - VelocityTemplatesPath=/opt/polarion/polarion/plugins/com.polarion.alm.ui_3.26.12/webapp/authapp/, /opt/polarion/polarion/plugins/com.polarion.alm.ui_3.26.12/webapp/webui/, /opt/polarion/polarion/plugins/com.polarion.alm.wiki_3.26.12/src/main/webapp/, ., /opt/polarion/polarion/plugins/com.polarion.alm.ui_3.26.12/webapp/webui/
2026-06-23 08:32:25,884 [Catalina-utility-2] INFO  org.apache.catalina.loader.WebappLoader - Unknown class loader [com.polarion.portal.tomcat.WebAppClassLoader@6ac9e665] of class [class com.polarion.portal.tomcat.WebAppClassLoader]
2026-06-23 08:32:25,910 [Catalina-utility-2] INFO  org.apache.catalina.loader.WebappLoader - Unknown class loader [com.polarion.portal.tomcat.WebAppClassLoader@77720a3d] of class [class com.polarion.portal.tomcat.WebAppClassLoader]
2026-06-23 08:32:25,913 [Catalina-utility-2] INFO  org.apache.catalina.loader.WebappLoader - Unknown class loader [com.polarion.portal.tomcat.WebAppClassLoader@711beab8] of class [class com.polarion.portal.tomcat.WebAppClassLoader]
2026-06-23 08:32:25,938 [Catalina-utility-2] INFO  org.apache.catalina.loader.WebappLoader - Unknown class loader [com.polarion.portal.tomcat.WebAppClassLoader@273c7993] of class [class com.polarion.portal.tomcat.WebAppClassLoader]
2026-06-23 08:32:25,950 [Catalina-utility-2] INFO  org.apache.catalina.loader.WebappLoader - Unknown class loader [com.polarion.portal.tomcat.WebAppClassLoader@4df025dd] of class [class com.polarion.portal.tomcat.WebAppClassLoader]
2026-06-23 08:32:25,965 [Catalina-utility-2] INFO  org.apache.catalina.loader.WebappLoader - Unknown class loader [com.polarion.portal.tomcat.WebAppClassLoader@6c231af5] of class [class com.polarion.portal.tomcat.WebAppClassLoader]
2026-06-23 08:32:26,634 [Catalina-utility-1] INFO  org.apache.catalina.loader.WebappLoader - Unknown class loader [com.polarion.portal.tomcat.WebAppClassLoader@45c75f36] of class [class com.polarion.portal.tomcat.WebAppClassLoader]
2026-06-23 08:32:26,652 [Catalina-utility-1] INFO  org.apache.catalina.loader.WebappLoader - Unknown class loader [com.polarion.portal.tomcat.WebAppClassLoader@49d48ff1] of class [class com.polarion.portal.tomcat.WebAppClassLoader]
2026-06-23 08:32:26,675 [Catalina-utility-1] INFO  org.apache.catalina.loader.WebappLoader - Unknown class loader [com.polarion.portal.tomcat.WebAppClassLoader@4ca6eeef] of class [class com.polarion.portal.tomcat.WebAppClassLoader]
2026-06-23 08:32:26,693 [Catalina-utility-1] INFO  org.apache.jasper.servlet.TldScanner - At least one JAR was scanned for TLDs yet contained no TLDs. Enable debug logging for this logger for a complete list of JARs that were scanned but no TLDs were found in them. Skipping unneeded JARs during scanning can improve startup time and JSP compilation time.
2026-06-23 08:32:26,702 [Catalina-utility-1] INFO  org.apache.catalina.loader.WebappLoader - Unknown class loader [com.polarion.portal.tomcat.WebAppClassLoader@2dd605b9] of class [class com.polarion.portal.tomcat.WebAppClassLoader]
2026-06-23 08:32:26,709 [Catalina-utility-2] INFO  com.siemens.polarion.rt.config.RtAppConfig - RT server config is created
2026-06-23 08:32:26,730 [Catalina-utility-1] INFO  org.apache.catalina.loader.WebappLoader - Unknown class loader [com.polarion.portal.tomcat.WebAppClassLoader@2668d785] of class [class com.polarion.portal.tomcat.WebAppClassLoader]
2026-06-23 08:32:26,734 [Catalina-utility-1] INFO  org.apache.catalina.loader.WebappLoader - Unknown class loader [com.polarion.portal.tomcat.WebAppClassLoader@b77d72e] of class [class com.polarion.portal.tomcat.WebAppClassLoader]
2026-06-23 08:32:26,753 [Catalina-utility-1] INFO  org.apache.catalina.loader.WebappLoader - Unknown class loader [com.polarion.portal.tomcat.WebAppClassLoader@de5dd8c] of class [class com.polarion.portal.tomcat.WebAppClassLoader]
2026-06-23 08:32:26,767 [Catalina-utility-1] INFO  org.apache.catalina.loader.WebappLoader - Unknown class loader [com.polarion.portal.tomcat.WebAppClassLoader@58be6170] of class [class com.polarion.portal.tomcat.WebAppClassLoader]
2026-06-23 08:32:26,785 [Catalina-utility-1] INFO  org.apache.catalina.loader.WebappLoader - Unknown class loader [com.polarion.portal.tomcat.WebAppClassLoader@1270fd7c] of class [class com.polarion.portal.tomcat.WebAppClassLoader]
2026-06-23 08:32:26,798 [Catalina-utility-1] INFO  org.apache.catalina.loader.WebappLoader - Unknown class loader [com.polarion.portal.tomcat.WebAppClassLoader@7c5be362] of class [class com.polarion.portal.tomcat.WebAppClassLoader]
2026-06-23 08:32:26,807 [Catalina-utility-1] INFO  org.apache.catalina.loader.WebappLoader - Unknown class loader [com.polarion.portal.tomcat.WebAppClassLoader@7257b1e6] of class [class com.polarion.portal.tomcat.WebAppClassLoader]
2026-06-23 08:32:26,866 [Catalina-utility-1] INFO  org.apache.jasper.servlet.TldScanner - At least one JAR was scanned for TLDs yet contained no TLDs. Enable debug logging for this logger for a complete list of JARs that were scanned but no TLDs were found in them. Skipping unneeded JARs during scanning can improve startup time and JSP compilation time.
2026-06-23 08:32:26,878 [Catalina-utility-1] INFO  org.apache.catalina.loader.WebappLoader - Unknown class loader [com.polarion.portal.tomcat.WebAppClassLoader@77e8a7fc] of class [class com.polarion.portal.tomcat.WebAppClassLoader]
2026-06-23 08:32:26,900 [Catalina-utility-1] INFO  org.apache.catalina.loader.WebappLoader - Unknown class loader [com.polarion.portal.tomcat.WebAppClassLoader@618b0680] of class [class com.polarion.portal.tomcat.WebAppClassLoader]
2026-06-23 08:32:26,906 [Catalina-utility-1] INFO  org.apache.catalina.loader.WebappLoader - Unknown class loader [com.polarion.portal.tomcat.WebAppClassLoader@3325fdf6] of class [class com.polarion.portal.tomcat.WebAppClassLoader]
2026-06-23 08:32:27,804 [Catalina-utility-2] INFO  com.siemens.polarion.rt.collectors.RtCollectorProviderImpl - Initialization of RT collectors...
2026-06-23 08:32:27,805 [Catalina-utility-2] INFO  com.siemens.polarion.rt.collectors.RtCollectorProviderImpl - Found collector for subversion (contributed by 'com.siemens.polarion.rt[109]')
2026-06-23 08:32:27,806 [Catalina-utility-2] INFO  com.siemens.polarion.rt.collectors.RtCollectorProviderImpl - Found collector for git (contributed by 'com.siemens.polarion.rt.collectors.git[111]')
2026-06-23 08:32:27,807 [Catalina-utility-2] INFO  com.siemens.polarion.rt.parsers.RtParserProviderImpl - Initialization of RT parsers...
2026-06-23 08:32:27,809 [Catalina-utility-2] INFO  com.siemens.polarion.rt.parsers.RtParserProviderImpl - Found parser com.siemens.polarion.rt.parsers.java (contributed by 'com.siemens.polarion.rt[109]')
2026-06-23 08:32:27,809 [Catalina-utility-2] INFO  com.siemens.polarion.rt.parsers.RtParserProviderImpl - Found parser com.siemens.polarion.rt.parsers.xml (contributed by 'com.siemens.polarion.rt[109]')
2026-06-23 08:32:27,809 [Catalina-utility-2] INFO  com.siemens.polarion.rt.parsers.RtParserProviderImpl - Found parser com.siemens.polarion.rt.parsers.c (contributed by 'com.siemens.polarion.rt.parsers.c[115]')
2026-06-23 08:32:28,887 [Catalina-utility-2] INFO  (SECURITY) com.siemens.polarion.secrets.manager.vault.providers.impl.FileBackedVaultProvider - [ENC-0004] - Read secret with key: polarion.rt.repo.encrypt.decrypt.key
2026-06-23 08:32:28,905 [Catalina-utility-2] INFO  (SECURITY) com.siemens.polarion.secrets.manager.vault.providers.impl.FileBackedVaultProvider - [ENC-0004] - Read secret with key: polarion.rt.repo.encrypt.decrypt.key
2026-06-23 08:32:28,934 [main] INFO  org.apache.coyote.ajp.AjpNioProtocol - Starting ProtocolHandler ["ajp-nio-127.0.0.1-8889"]
2026-06-23 08:32:28,986 [main] INFO  com.polarion.psvn.launcher.internal.tomcat.TomcatService - Tomcat is listening on port 8889 using AJP/1.3 protocol with 600000 timeout in millis
2026-06-23 08:32:29,171 [main | u:p] INFO  com.xpn.xwiki.XWiki - xwiki.cfg taken from /WEB-INF/xwiki.cfg because the XWikiConfig variable is not set in the context
2026-06-23 08:32:29,621 [main | u:p | u:p] WARN  com.polarion.core.util.vault.PolarionSecretsManager - Secret not found with key : uservault.userTokensRsaKeyPairs.user.key
2026-06-23 08:32:29,622 [main | u:p | u:p] INFO  (SECURITY) com.siemens.polarion.secrets.manager.vault.providers.impl.FileBackedVaultProvider - [ENC-0004] - Read secret with key: uservault.userTokensRsaKeyPairs.password.key
2026-06-23 08:32:29,744 [main | u:p | u:p] WARN  com.polarion.core.util.vault.PolarionSecretsManager - Secret not found with key : uservault.userTokensRsaKeyPairs.user.key
2026-06-23 08:32:29,745 [main | u:p | u:p] INFO  (SECURITY) com.siemens.polarion.secrets.manager.vault.providers.impl.FileBackedVaultProvider - [ENC-0004] - Read secret with key: uservault.userTokensRsaKeyPairs.password.key
2026-06-23 08:32:29,765 [main | u:p | u:p] INFO  TXLOGGER - Tx 67bccb8a924ef_0_67bccb8a924ef_0_: finished. Total: 0.251 s, CPU [user: 0.11 s], Allocated memory: 10.7 MB
2026-06-23 08:32:29,782 [main | u:p] INFO  com.siemens.polarion.rt.communication.connection.RtCommunicationStartup - Rt configuration local mediator is started
2026-06-23 08:32:29,834 [main | u:p] INFO  (SECURITY) com.siemens.polarion.secrets.manager.vault.providers.impl.FileBackedVaultProvider - [ENC-0004] - Read secret with key: polarion.rt.shared.secret.key
2026-06-23 08:32:29,852 [Thread-19] INFO  class com.polarion.alm.server.util.ChartExporterStartup - Chart renderer says: Server started on 127.0.0.1:34567
2026-06-23 08:32:30,002 [ajp-nio-127.0.0.1-8889-exec-1 | cID:AAAAAQ] INFO  com.siemens.polarion.rt.dataprovider.controller.RtDataProviderController - RT server is notified to update all configurations.
2026-06-23 08:32:30,019 [ajp-nio-127.0.0.1-8889-exec-1 | cID:AAAAAQ] INFO  (SECURITY) com.siemens.polarion.secrets.manager.vault.providers.impl.FileBackedVaultProvider - [ENC-0004] - Read secret with key: polarion.rt.repo.encrypt.decrypt.key
2026-06-23 08:32:30,020 [ajp-nio-127.0.0.1-8889-exec-1 | cID:AAAAAQ] INFO  (SECURITY) com.siemens.polarion.secrets.manager.vault.providers.impl.FileBackedVaultProvider - [ENC-0004] - Read secret with key: polarion.rt.repo.encrypt.decrypt.key
2026-06-23 08:32:30,036 [main | u:p] INFO  com.siemens.polarion.rt.communication.connection.RtNotifier - RT server was successfully notified of configuration change.
2026-06-23 08:32:30,037 [main | u:p] INFO  com.siemens.polarion.rt.communication.connection.RtCommunicationStartup - Rt notification service is started
2026-06-23 08:32:30,057 [Thread-22] INFO  com.polarion.core.util.process.JavaRunner - Executing /usr/java/jdk-21.0.10+7/bin/java
  -- args [-jar, /opt/polarion/polarion/plugins/com.polarion.platform_3.26.12/services/notification-service/NotificationService.jar, --server.port=40608, --jwksUrl=https://debian12-nehbabsq-23606.polarion.net.plm.eds.com/polarion/.well-known/jwks.json]
  -- env null
  -- dir /tmp/polarionSpringServerSubprocess9172982968634114354.tmp
2026-06-23 08:32:30,068 [main | u:p] INFO  com.polarion.platform.monitoring - Next slow periodic actions will be executed on Wed Jun 24 01:00:30 CEST 2026
2026-06-23 08:32:30,068 [main | u:p] INFO  com.polarion.platform.internal.startup.StartupService - Startup contributor class com.polarion.psvn.core.internal.analytics.AnalyticsServiceStartup successfully initialized
2026-06-23 08:32:30,069 [main | u:p] INFO  com.polarion.platform.internal.startup.StartupService - Startup contributor class com.polarion.psvn.core.internal.scripting.ScriptRunsCleanupService successfully initialized
2026-06-23 08:32:30,069 [main | u:p] INFO  com.polarion.platform.internal.startup.StartupService - Startup contributor class com.polarion.alm.server.util.ChartExporterStartup successfully initialized
2026-06-23 08:32:30,069 [main | u:p] INFO  com.polarion.platform.internal.startup.StartupService - Startup contributor class com.polarion.alm.wiki.WikiPlugin successfully initialized
2026-06-23 08:32:30,069 [main | u:p] INFO  com.polarion.platform.internal.startup.StartupService - Startup contributor class com.polarion.alm.qcentre.internal.QCentreStartup successfully initialized
2026-06-23 08:32:30,069 [main | u:p] INFO  com.polarion.platform.internal.startup.StartupService - Startup contributor class com.siemens.polarion.rt.communication.connection.RtCommunicationStartup successfully initialized
2026-06-23 08:32:30,069 [main | u:p] INFO  com.polarion.platform.internal.startup.StartupService - Startup contributor class com.polarion.platform.internal.startup.NotificationServerStartup successfully initialized
2026-06-23 08:32:30,069 [main | u:p] INFO  com.polarion.platform.internal.startup.StartupService - Startup contributor class com.polarion.subterra.index.impl.IndexingJobsStartup successfully initialized
2026-06-23 08:32:30,069 [main | u:p] INFO  com.polarion.platform.internal.startup.StartupService - Startup contributor class com.polarion.alm.ui.server.ServerStartup successfully initialized
2026-06-23 08:32:30,069 [main | u:p] INFO  com.polarion.platform.internal.startup.StartupService - Startup contributor class com.polarion.alm.server.util.FormulaServerStartup successfully initialized
2026-06-23 08:32:30,069 [main | u:p] INFO  com.polarion.platform.internal.startup.StartupService - Startup contributor class com.polarion.platform.monitoring.internal.MonitoringServiceStart successfully initialized
2026-06-23 08:32:30,074 [main] INFO  com.polarion.platform.monitoring - Executing actions from stage POSTBOOT
2026-06-23 08:32:30,074 [main] INFO  com.polarion.platform.monitoring - Executing action 'polarion.info.cache.statistics'
2026-06-23 08:32:30,096 [main] INFO  com.polarion.platform.monitoring - polarion.info.cache.statistics (Statistics of caches) = Statistics of caches 
                              CACHE       HITS     MISSES  HIT_RATIO       GETS       PUTS    REMOVAL   EVICTION 
          attachments-content-cache          0          0          0%          0          0          0          0 
                     baseline-cache          0          0          0%          0          0          0          0 
                                 bq          0          0          0%          0          0          0          0 
                     dao-attachment          0          0          0%          0          0          0          0 
                        dao-comment         65        130         33%        195         65          0          0 
                         dao-global        219        282         44%        501        138          0          0 
                         dao-module        200        110         65%        310         55          0          0 
               dao-moduleattachment          0          0          0%          0          0          0          0 
                  dao-modulecomment          4          8         33%         12          4          0          0 
                           dao-plan          0         38          0%         38         19          0          0 
                        dao-project         58         10         85%         68          5          0          0 
                   dao-projectgroup          3          6         33%          9          3          0          0 
                       dao-richpage         45        148         23%        193         74          0          0 
             dao-richpageattachment          0          0          0%          0          0          0          0 
                        dao-testrun          0         54          0%         54         27          0          0 
              dao-testrunattachment          0          0          0%          0          0          0          0 
                           dao-user         83         20         81%        103         10          0          0 
                       dao-wikipage          0          0          0%          0          0          0          0 
             dao-wikipageattachment          0          0          0%          0          0          0          0 
                       dao-workitem         92       1426          6%       1518        719          0          0 
           derived-linked-revisions          6        707          1%        713        707          0          0 
              fileupload-meta-cache          0          0          0%          0          0          0          0 
                       formulas-svg          0          0          0%          0          0          0          0 
                     github-commits          0          0          0%          0          0          0          0 
                 historical-queries          0          0          0%          0          0          0          0 
           historical-queries-sizes          0          0          0%          0          0          0          0 
                      llm-responses          0          0          0%          0          0          0          0 
                  loading-baselines          0          0          0%          0          0          0          0 
            lowest-history-revision          0          0          0%          0          0          0          0 
             oslc-linked-item-cache          0          0          0%          0          0          0          0 
                              CACHE       HITS     MISSES  HIT_RATIO       GETS       PUTS    REMOVAL   EVICTION 
                    plan-statistics          0          0          0%          0          0          0          0 
                q-result-Attachment          0          0          0%          0          0          0          0 
                  q-result-Baseline          0          0          0%          0          0          0          0 
        q-result-BaselineCollection          0          0          0%          0          0          0          0 
                     q-result-Build          0          0          0%          0          0          0          0 
             q-result-BuildArtifact          0          0          0%          0          0          0          0 
                  q-result-Category          0          0          0%          0          0          0          0 
                   q-result-Comment          0          0          0%          0          0          0          0 
 q-result-DocumentWorkflowSignature          0          0          0%          0          0          0          0 
                    q-result-Module          0          0          0%          0          0          0          0 
          q-result-ModuleAttachment          0          0          0%          0          0          0          0 
             q-result-ModuleComment          0          0          0%          0          0          0          0 
                      q-result-Plan          0          0          0%          0          0          0          0 
                   q-result-Project          0          1          0%          1          1          0          0 
              q-result-ProjectGroup          0          0          0%          0          0          0          0 
                  q-result-Revision          0          0          0%          0          0          0          0 
                  q-result-RichPage          0          0          0%          0          0          0          0 
        q-result-RichPageAttachment          0          0          0%          0          0          0          0 
           q-result-RichPageComment          0          0          0%          0          0          0          0 
                    q-result-Script          0          0          0%          0          0          0          0 
                   q-result-TestRun          0          0          0%          0          0          0          0 
         q-result-TestRunAttachment          0          0          0%          0          0          0          0 
            q-result-TestRunComment          0          0          0%          0          0          0          0 
                 q-result-TimePoint          0          0          0%          0          0          0          0 
                      q-result-User          0          0          0%          0          0          0          0 
                 q-result-UserGroup          0          0          0%          0          0          0          0 
                 q-result-WatchList          0          0          0%          0          0          0          0 
                  q-result-WikiPage          0          0          0%          0          0          0          0 
        q-result-WikiPageAttachment          0          0          0%          0          0          0          0 
                  q-result-WorkItem          5          8         38%         13          8          0          0 
   q-result-WorkItem-OutlineNumbers          0          0          0%          0          0          0          0 
                q-result-WorkRecord          0          0          0%          0          0          0          0 
                        rmd-default       1238          3        100%       1241         10          0          0 
                        ss-combined          0          0          0%          0          0          0          0 
                         ss-context          0          0          0%          0          0          0          0 
           uris-to-project-id-cache          0          0          0%          0          0          0          0 
             user-assigned-projects          0          0          0%          0          0          0          0 
           user-restricted-projects          0          0          0%          0          0          0          0 
                          wiki-page          2          8         20%         10          9          1          0 
                   wiki-page-exists          0          0          0%          0          9          1          0 

 [Tue Jun 23 08:32:30 CEST 2026]
2026-06-23 08:32:30,254 [main] INFO  com.polarion.platform.monitoring - Finished with actions from stage POSTBOOT: {OK=1}
2026-06-23 08:32:30,254 [main] INFO  com.polarion.platform.startup - Polarion startup ... took  [ TIME 6.24 s. ]
2026-06-23 08:32:30,255 [main] INFO  TXLOGGER - Summary for 'Polarion startup': transactions: 6, resolve: 0.126 s [60% WorkItems (1x), 31% Category (69x)] (136x), svn: 0.112 s [43% getFile content (29x), 38% info (94x)] (153x), Lucene: 0.0707 s [100% refresh (1x)] (1x), DBPersist: 0.0231 s [100% persist (6x)] (6x), DB: 0.0193 s [85% execute (80x)] (105x), ObjectMaps: 0.019 s [52% getPrimaryObjectLocations (35x), 26% getPrimaryObjectProperty (28x), 10% getPrimaryObjectLocation (28x)] (149x), DaoTransformer: 0.0134 s [100% WorkItem (6x)] (6x), UriTransformer: 0.0118 s [74% Category (23x), 18% User (11x)] (53x), SRDB: 0.00882 s [99% execute (8x)] (10x), PullingJob: 0.00773 s [100% collectChanges (12x)] (12x), RepositoryConfigService: 0.0067 s [98% getReadConfiguration (231x)] (292x)
2026-06-23 08:32:30,255 [main] INFO  com.polarion.platform.startup - ****************************************************************
2026-06-23 08:32:30,255 [main] INFO  com.polarion.platform.startup -                  Polarion started:  [ TIME 48.3 s. ]
2026-06-23 08:32:30,255 [main] INFO  com.polarion.platform.startup - ****************************************************************
2026-06-23 08:32:30,257 [main] INFO  (SECURITY) com.polarion.psvn.launcher.PolarionSVNApplication - [CONF-0005] - Polarion started successfully.
2026-06-23 08:32:30,259 [Persistence Events Processing Thread | u:p] INFO  TXLOGGER - Summary: Total: 0.166 s, CPU [user: 0.12 s, system: 0.000342 s], Allocated memory: 560.5 kB, transactions: 0, persistence listener: 0.166 s [94% notificationsCreatingListener (1x)] (8x)
2026-06-23 08:32:30,277 [Thread-23] INFO  com.polarion.platform.jobs.info - Job "Attachment Indexer" has id e7a7af63-caba-42e5-8b5e-6a14a3c5d042
2026-06-23 08:32:30,278 [Thread-23] INFO  com.polarion.platform.jobs.info - State of job "Attachment Indexer" changed to UNSCHEDULED
2026-06-23 08:32:30,278 [Thread-23] INFO  com.polarion.platform.jobs.info - The working directory of the root job "Attachment Indexer" is 20260623-0832
2026-06-23 08:32:30,278 [Thread-23] INFO  com.polarion.platform.jobs.info - Job "Attachment Indexer" runs as user "polarion"
2026-06-23 08:32:30,279 [Thread-23 | u:p] INFO  com.polarion.platform.jobs.info - State of job "Attachment Indexer" changed to ACTIVATING
2026-06-23 08:32:30,280 [Thread-23 | u:p] INFO  com.polarion.platform.jobs.info - State of job "Attachment Indexer" changed to WAITING
2026-06-23 08:32:30,284 [PreLoadDataService] INFO  com.polarion.psvn.launcher.internal.data.PreLoadDataService - Preloading data ...
2026-06-23 08:32:30,298 [Worker-0: Attachment Indexer | u:p] INFO  com.polarion.platform.jobs.info - State of job "Attachment Indexer" changed to RUNNING
2026-06-23 08:32:30,304 [Thread-23] INFO  com.polarion.platform.jobs.info - Job "DB History Creator" has id 7d6e87c3-ad5e-4c35-a996-c448876ed7dd
2026-06-23 08:32:30,304 [Thread-23] INFO  com.polarion.platform.jobs.info - State of job "DB History Creator" changed to UNSCHEDULED
2026-06-23 08:32:30,304 [Thread-23] INFO  com.polarion.platform.jobs.info - The working directory of the root job "DB History Creator" is 20260623-0832_0
2026-06-23 08:32:30,304 [Thread-23] INFO  com.polarion.platform.jobs.info - Job "DB History Creator" runs as user "polarion"
2026-06-23 08:32:30,305 [Thread-23 | u:p] INFO  com.polarion.platform.jobs.info - State of job "DB History Creator" changed to ACTIVATING
2026-06-23 08:32:30,305 [Thread-23 | u:p] INFO  com.polarion.platform.jobs.info - State of job "DB History Creator" changed to WAITING
2026-06-23 08:32:30,329 [PreLoadDataService | u:p] INFO  com.polarion.subterra.index.impl.lucene.LuceneIndexPair - searcher manager created for index: TimePoint
2026-06-23 08:32:30,332 [Worker-1: DB History Creator | u:p] INFO  com.polarion.platform.jobs.info - State of job "DB History Creator" changed to RUNNING
2026-06-23 08:32:30,338 [PreLoadDataService | u:p] INFO  com.polarion.subterra.index.impl.lucene.LuceneIndexPair - searcher manager created for index: Category
2026-06-23 08:32:30,348 [AttachmentIndexer-2 | u:p] INFO  com.polarion.subterra.index.impl.ObjectIndexUpdaterBase -  -- -- 2 from 2 objects were refreshed (100%)
2026-06-23 08:32:30,410 [AttachmentIndexer-1 | u:p] INFO  com.polarion.subterra.index.impl.ObjectIndexUpdaterBase -  -- -- 8 from 8 objects were refreshed (100%)
2026-06-23 08:32:30,494 [PreLoadDataService | u:p] INFO  com.polarion.subterra.index.impl.lucene.baseline.LuceneBaselineSnapshots - Baseline snapshots calculation completed in  [ TIME 0.0904 s. ]
2026-06-23 08:32:30,494 [PreLoadDataService | u:p] INFO  com.polarion.subterra.index.impl.lucene.baseline.LuceneBaselineSnapshots - -- [5] snapshots with revisions [1, 1, 1, 1, 1] where head is [3], map size [1] for 1 indexes 

2026-06-23 08:32:30,508 [AttachmentIndexer-2 | u:p] INFO  com.polarion.subterra.index.impl.ObjectIndexUpdaterBase -  -- -- 1 from 1 objects were refreshed (100%)
2026-06-23 08:32:30,544 [AttachmentIndexer-2 | u:p] INFO  com.polarion.subterra.index.impl.ObjectIndexUpdaterBase -  -- -- 5 from 5 objects were refreshed (100%)
2026-06-23 08:32:30,547 [AttachmentIndexer-1 | u:p] INFO  com.polarion.subterra.index.impl.ObjectIndexUpdaterBase -  -- -- 4 from 4 objects were refreshed (100%)
2026-06-23 08:32:30,587 [PreLoadDataService | u:p] INFO  com.polarion.subterra.index.impl.ObjectIndexBaselines - Preloading of baselines: 1, for prototypes: WorkItem; with days range: 180d, took  [ TIME 0.194 s. ] 
2026-06-23 08:32:30,587 [PreLoadDataService | u:p] INFO  TXLOGGER - Tx 67bccb8b53546_0_67bccb8b53546_0_: finished. Total: 0.302 s, CPU [user: 0.04 s, system: 0.0111 s], Allocated memory: 4.7 MB, Lucene: 0.108 s [84% buildBaselineSnapshots (1x)] (14x), svn: 0.105 s [63% getDatedRevision (181x), 28% getDir2 content (25x)] (210x), resolve: 0.0247 s [100% Category (45x)] (45x), RepositoryConfigService: 0.0244 s [100% getReadConfiguration (2x)] (2x)
2026-06-23 08:32:30,589 [PreLoadDataService | u:p] INFO  com.polarion.subterra.index.impl.lucene.LuceneIndexPair - searcher manager created for index: ProjectGroup
2026-06-23 08:32:30,601 [PreLoadDataService | u:p] INFO  com.polarion.subterra.index.impl.lucene.LuceneIndexPair - searcher manager created for index: User
2026-06-23 08:32:30,619 [AttachmentIndexer-2 | u:p] INFO  com.polarion.subterra.index.impl.ObjectIndexUpdaterBase -  -- -- 28 from 28 objects were refreshed (100%)
2026-06-23 08:32:30,654 [AttachmentIndexer-1 | u:p] INFO  com.polarion.subterra.index.impl.ObjectIndexUpdaterBase -  -- -- 3 from 3 objects were refreshed (100%)
2026-06-23 08:32:30,681 [AttachmentIndexer-2 | u:p] INFO  com.polarion.subterra.index.impl.ObjectIndexUpdaterBase -  -- -- 2 from 2 objects were refreshed (100%)
2026-06-23 08:32:30,699 [PreLoadDataService | u:p] INFO  TXLOGGER - Tx 67bccb8ba195f_0_67bccb8ba195f_0_: finished. Total: 0.101 s, CPU [user: 0.02 s, system: 0.00422 s], Allocated memory: 2.8 MB, RepositoryConfigService: 0.0318 s [93% getReadUserConfiguration (2x)] (114x)
2026-06-23 08:32:30,730 [AttachmentIndexer-2 | u:p] INFO  TXLOGGER - Summary for 'worker thread': Total: 0.395 s, CPU [user: 0.07 s, system: 0.00457 s], Allocated memory: 18.0 MB, transactions: 0, Lucene: 0.207 s [100% refresh (5x)] (5x), resolve: 0.119 s [45% RichPageAttachment (28x), 45% ModuleAttachment (70x)] (289x), DB: 0.0758 s [54% update (118x), 25% setSavepoint (38x), 14% execute (42x)] (429x), svn: 0.0591 s [57% info (42x), 26% getLatestRevision (6x)] (69x), DBPersist: 0.0558 s [100% persist (38x)] (38x), SubterraURITable: 0.0199 s [100% addIfNotExistsDB (33x)] (33x)
2026-06-23 08:32:30,732 [AttachmentIndexer-1 | u:p] INFO  TXLOGGER - Summary for 'worker thread': Total: 0.398 s, CPU [user: 0.1 s, system: 0.0323 s], Allocated memory: 16.4 MB, transactions: 0, DB: 0.166 s [65% execute (21x), 27% update (43x)] (142x), DBPersist: 0.146 s [100% persist (15x)] (15x), Lucene: 0.14 s [100% refresh (3x)] (3x), resolve: 0.132 s [54% Attachment (80x), 45% RichPageAttachment (364x)] (681x), svn: 0.0907 s [62% info (46x), 19% getLatestRevision (3x)] (72x)
2026-06-23 08:32:30,732 [Worker-0: Attachment Indexer | u:p | job: polarion.jobs.attachment.indexer] INFO  TXLOGGER - Summary after AttachmentIndexer: transactions: 108, Lucene: 0.347 s [100% refresh (8x)] (8x), resolve: 0.277 s [41% RichPageAttachment (392x), 26% Attachment (104x), 19% ModuleAttachment (70x)] (1002x), DB: 0.242 s [49% execute (63x), 36% update (161x)] (571x), DBPersist: 0.202 s [100% persist (53x)] (53x), persistence listener: 0.173 s [90% notificationsCreatingListener (18x)] (144x), svn: 0.15 s [60% info (88x), 22% getLatestRevision (10x)] (142x), notification worker: 0.116 s [70% BuildActivityCreator (18x), 13% RevisionActivityCreator (36x)] (125x), StripedGlobalHandler: 0.0423 s [66% put (48x), 32% get (276x)] (329x), SubterraURITable: 0.0382 s [100% addIfNotExistsDB (41x)] (41x)
2026-06-23 08:32:30,732 [Worker-0: Attachment Indexer | u:p] INFO  TXLOGGER - Summary for 'job: polarion.jobs.attachment.indexer': Total: 0.423 s, CPU [system: 0.00261 s], Allocated memory: 181.0 kB, transactions: 0
2026-06-23 08:32:30,733 [Worker-0: Attachment Indexer | u:p] INFO  com.polarion.platform.jobs.info - State of job "Attachment Indexer" changed to FINISHED
2026-06-23 08:32:30,733 [Worker-0: Attachment Indexer | u:p] INFO  com.polarion.platform.jobs.info - Status of job "Attachment Indexer" is OK
2026-06-23 08:32:30,864 [DBHistoryCreator-1 | u:p] INFO  com.polarion.subterra.index.impl.ObjectIndexUpdaterBase -  -- -- 8 from 8 objects were refreshed (100%)
2026-06-23 08:32:30,864 [PreLoadDataService | u:p] INFO  TXLOGGER - Tx 67bccb8bbb561_0_67bccb8bbb561_0_: finished. Total: 0.16 s, CPU [user: 0.01 s, system: 0.00239 s], Allocated memory: 1.8 MB, RepositoryConfigService: 0.156 s [99% getReadConfiguration (55x)] (119x), svn: 0.148 s [100% getFile content (12x)] (13x)
2026-06-23 08:32:30,879 [DBHistoryCreator-2 | u:p] INFO  com.polarion.subterra.index.impl.ObjectIndexUpdaterBase -  -- -- 1 from 1 objects were refreshed (100%)
2026-06-23 08:32:30,911 [PreLoadDataService | u:p] INFO  com.polarion.platform.persistence.internal.FactoriesProvider - Factory for unknown enumId (subtype) created
2026-06-23 08:32:30,917 [DBHistoryCreator-1 | u:p] INFO  com.polarion.subterra.index.impl.ObjectIndexUpdaterBase -  -- -- 3 from 3 objects were refreshed (100%)
2026-06-23 08:32:30,941 [Activities-Bulk-Publisher] INFO  com.polarion.subterra.index.impl.lucene.LuceneIndexManager - creating index writer for index: Activities
2026-06-23 08:32:30,974 [PreLoadDataService] INFO  com.polarion.psvn.launcher.internal.data.PreLoadDataService - Preloading data FINISHED took  [ TIME 0.69 s. ]
2026-06-23 08:32:30,974 [PreLoadDataService] INFO  TXLOGGER - Summary for 'PreloadDataService': Total: 0.69 s, CPU [user: 0.11 s, system: 0.00772 s], Allocated memory: 14.5 MB, transactions: 9, svn: 0.33 s [51% getFile content (17x), 27% getDir2 content (73x), 20% getDatedRevision (181x)] (281x), RepositoryConfigService: 0.227 s [83% getReadConfiguration (504x)] (895x), Lucene: 0.112 s [81% buildBaselineSnapshots (1x)] (31x)
2026-06-23 08:32:30,974 [PreLoadDataService] INFO  TXLOGGER - Summary after preload: transactions: 9, svn: 0.33 s [51% getFile content (17x), 27% getDir2 content (73x), 20% getDatedRevision (181x)] (281x), RepositoryConfigService: 0.227 s [83% getReadConfiguration (504x)] (895x), Lucene: 0.127 s [71% buildBaselineSnapshots (1x), 12% add (1x)] (32x), resolve: 0.0263 s [94% Category (45x)] (57x)
2026-06-23 08:32:31,045 [DBHistoryCreator-2 | u:p] INFO  com.polarion.subterra.index.impl.ObjectIndexUpdaterBase -  -- -- 45 from 45 objects were refreshed (100%)
2026-06-23 08:32:31,189 [DBHistoryCreator-2 | u:p] INFO  TXLOGGER - Tx command #5: finished. Total: 0.251 s, CPU [user: 0.04 s, system: 0.0065 s], Allocated memory: 12.6 MB, DB: 0.103 s [81% setSavepoint (45x)] (137x), resolve: 0.0831 s [100% Category (45x)] (90x), svn: 0.0344 s [86% info (29x)] (58x), Lucene: 0.0343 s [100% refresh (2x)] (2x), DBPersist: 0.0197 s [100% persist (45x)] (45x)
2026-06-23 08:32:31,202 [DBHistoryCreator-2 | u:p] INFO  com.polarion.subterra.index.impl.ObjectIndexUpdaterBase -  -- -- 4 from 4 objects were refreshed (100%)
2026-06-23 08:32:31,349 [DBHistoryCreator-2 | u:p] INFO  com.polarion.subterra.index.impl.ObjectIndexUpdaterBase -  -- -- 10 from 10 objects were refreshed (100%)
2026-06-23 08:32:31,367 [DBHistoryCreator-1 | u:p] INFO  com.polarion.subterra.index.impl.ObjectIndexUpdaterBase -  -- -- 65 from 65 objects were refreshed (100%)
2026-06-23 08:32:31,495 [DBHistoryCreator-2 | u:p] INFO  TXLOGGER - Tx command #8: finished. Total: 0.269 s, CPU [user: 0.06 s], Allocated memory: 20.3 MB, resolve: 0.125 s [99% Module (20x)] (70x), svn: 0.0986 s [85% getFile content (8x)] (17x), Lucene: 0.0728 s [100% refresh (2x)] (2x), DB: 0.0526 s [67% execute (62x), 17% update (22x)] (146x), DBPersist: 0.0524 s [100% persist (10x)] (10x)
2026-06-23 08:32:31,608 [DBHistoryCreator-1 | u:p] INFO  TXLOGGER - Tx command #6: finished. Total: 0.605 s, CPU [user: 0.09 s, system: 0.0145 s], Allocated memory: 28.8 MB, resolve: 0.352 s [100% Comment (65x)] (65x), svn: 0.223 s [95% info (65x)] (130x), DB: 0.156 s [59% setSavepoint (65x), 21% execute (130x), 20% update (67x)] (262x), DBPersist: 0.0638 s [100% persist (65x)] (65x), Lucene: 0.0369 s [100% refresh (2x)] (2x), StripedGlobalHandler: 0.034 s [98% put (65x)] (130x)
2026-06-23 08:32:31,684 [DBHistoryCreator-2 | u:p] INFO  com.polarion.subterra.index.impl.ObjectIndexUpdaterBase -  -- -- 6 from 6 objects were refreshed (100%)
2026-06-23 08:32:31,740 [DBHistoryCreator-1 | u:p] INFO  com.polarion.subterra.index.impl.ObjectIndexUpdaterBase -  -- -- 10 from 10 objects were refreshed (100%)
2026-06-23 08:32:31,772 [DBHistoryCreator-2 | u:p] INFO  TXLOGGER - Tx command #10: finished. Total: 0.116 s, CPU [user: 0.04 s], Allocated memory: 15.1 MB, Lucene: 0.0546 s [100% refresh (2x)] (2x), resolve: 0.0425 s [65% Module (12x), 26% ModuleComment (2x)] (80x), DB: 0.0207 s [49% execute (38x), 43% update (14x)] (86x), StripedGlobalHandler: 0.0186 s [77% put (6x), 23% get (60x)] (66x), DBPersist: 0.0183 s [100% persist (6x)] (6x), svn: 0.0168 s [94% info (8x)] (14x), EHCache: 0.0147 s [100% GET (30x)] (36x)
2026-06-23 08:32:31,777 [DBHistoryCreator-2 | u:p] INFO  com.polarion.subterra.index.impl.ObjectIndexUpdaterBase -  -- -- 5 from 5 objects were refreshed (100%)
2026-06-23 08:32:31,871 [DBHistoryCreator-2 | u:p] INFO  com.polarion.subterra.index.impl.ObjectIndexUpdaterBase -  -- -- 4 from 4 objects were refreshed (100%)
2026-06-23 08:32:31,967 [DBHistoryCreator-1 | u:p] INFO  TXLOGGER - Tx command #9: finished. Total: 0.358 s, CPU [user: 0.06 s, system: 0.00761 s], Allocated memory: 24.0 MB, Lucene: 0.174 s [100% refresh (2x)] (2x), resolve: 0.162 s [81% Module (20x)] (125x), svn: 0.0808 s [57% getFile content (10x), 42% info (14x)] (26x), StripedGlobalHandler: 0.0453 s [96% put (12x)] (136x), DB: 0.0359 s [55% execute (62x), 20% update (22x), 18% query (24x)] (142x), DBPersist: 0.0277 s [100% persist (10x)] (10x), ObjectMaps: 0.0182 s [44% getPrimaryObjectLocations (11x), 40% getLastPromoted (12x)] (77x)
2026-06-23 08:32:31,968 [DBHistoryCreator-1 | u:p] INFO  com.polarion.subterra.index.impl.ObjectIndexUpdaterBase -  -- -- 3 from 3 objects were refreshed (100%)
2026-06-23 08:32:31,993 [DBHistoryCreator-1 | u:p] INFO  com.polarion.subterra.index.impl.ObjectIndexUpdaterBase -  -- -- 3 from 3 objects were refreshed (100%)
2026-06-23 08:32:32,875 [Thread-29] INFO  class com.polarion.alm.server.util.FormulaServerStartup - Formula renderer says: Server started on 127.0.0.1:34568
2026-06-23 08:32:32,905 [DBHistoryCreator-2 | u:p] INFO  com.polarion.subterra.index.impl.ObjectIndexUpdaterBase -  -- -- 19 from 19 objects were refreshed (100%)
2026-06-23 08:32:33,061 [DBHistoryCreator-2 | u:p] INFO  TXLOGGER - Tx command #13: finished. Total: 1.16 s, CPU [user: 0.16 s, system: 0.0277 s], Allocated memory: 30.3 MB, resolve: 1.01 s [100% Plan (19x)] (76x), svn: 0.947 s [96% getFile content (19x)] (38x), Lucene: 0.0868 s [100% refresh (2x)] (2x)
2026-06-23 08:32:33,285 [DBHistoryCreator-2 | u:p] INFO  com.polarion.subterra.index.impl.ObjectIndexUpdaterBase -  -- -- 28 from 28 objects were refreshed (100%)
2026-06-23 08:32:33,347 [DBHistoryCreator-2 | u:p] INFO  TXLOGGER - Tx command #18: finished. Total: 0.285 s, CPU [user: 0.04 s], Allocated memory: 10.0 MB, resolve: 0.22 s [100% RichPageAttachment (28x)] (103x), svn: 0.189 s [89% info (56x)] (84x), Lucene: 0.0404 s [100% refresh (2x)] (2x), StripedGlobalHandler: 0.0182 s [98% put (28x)] (59x), DB: 0.0153 s [43% update (30x), 40% execute (28x)] (86x)
2026-06-23 08:32:33,389 [DBHistoryCreator-2 | u:p] INFO  com.polarion.subterra.index.impl.ObjectIndexUpdaterBase -  -- -- 10 from 10 objects were refreshed (100%)
2026-06-23 08:32:33,533 [DBHistoryCreator-2 | u:p] INFO  TXLOGGER - Tx command #19: finished. Total: 0.184 s, CPU [user: 0.05 s, system: 0.00118 s], Allocated memory: 14.7 MB, resolve: 0.102 s [61% User (20x), 39% TestRun (10x)] (40x), Lucene: 0.0978 s [100% refresh (2x)] (2x), svn: 0.0814 s [77% getFile content (11x), 23% info (11x)] (22x), DBPersist: 0.0352 s [100% persist (10x)] (10x), DB: 0.0166 s [71% execute (53x), 15% query (6x)] (87x)
2026-06-23 08:32:33,554 [DBHistoryCreator-2 | u:p] INFO  com.polarion.subterra.index.impl.ObjectIndexUpdaterBase -  -- -- 10 from 10 objects were refreshed (100%)
2026-06-23 08:32:33,573 [Thread-26] INFO  NotificationService - 
2026-06-23 08:32:33,584 [Thread-26] INFO  NotificationService -   .   ____          _            __ _ _
2026-06-23 08:32:33,584 [Thread-26] INFO  NotificationService -  /\\ / ___'_ __ _ _(_)_ __  __ _ \ \ \ \
2026-06-23 08:32:33,584 [Thread-26] INFO  NotificationService - ( ( )\___ | '_ | '_| | '_ \/ _` | \ \ \ \
2026-06-23 08:32:33,584 [Thread-26] INFO  NotificationService -  \\/  ___)| |_)| | | | | || (_| |  ) ) ) )
2026-06-23 08:32:33,584 [Thread-26] INFO  NotificationService -   '  |____| .__|_| |_|_| |_\__, | / / / /
2026-06-23 08:32:33,584 [Thread-26] INFO  NotificationService -  =========|_|==============|___/=/_/_/_/
2026-06-23 08:32:33,584 [Thread-26] INFO  NotificationService - 
2026-06-23 08:32:33,584 [Thread-26] INFO  NotificationService -  :: Spring Boot ::                (v3.5.8)
2026-06-23 08:32:33,584 [Thread-26] INFO  NotificationService - 
2026-06-23 08:32:33,635 [DBHistoryCreator-2 | u:p] INFO  TXLOGGER - Tx command #20: finished. Total: 0.101 s, CPU [user: 0.04 s, system: 0.00322 s], Allocated memory: 14.7 MB, DBPersist: 0.0438 s [100% persist (10x)] (10x), Lucene: 0.0316 s [100% refresh (2x)] (2x), resolve: 0.0206 s [92% TestRun (10x)] (40x), DB: 0.0178 s [77% execute (60x), 16% query (12x)] (106x)
2026-06-23 08:32:33,725 [DBHistoryCreator-2 | u:p] INFO  com.polarion.subterra.index.impl.ObjectIndexUpdaterBase -  -- -- 7 from 7 objects were refreshed (100%)
2026-06-23 08:32:33,803 [DBHistoryCreator-2 | u:p] INFO  TXLOGGER - Tx command #21: finished. Total: 0.166 s, CPU [user: 0.03 s, system: 0.00664 s], Allocated memory: 11.4 MB, resolve: 0.0894 s [99% TestRun (7x)] (28x), svn: 0.0738 s [93% info (7x)] (14x), DBPersist: 0.0355 s [100% persist (7x)] (7x), Lucene: 0.0293 s [100% refresh (2x)] (2x), DB: 0.0166 s [82% execute (40x)] (72x)
2026-06-23 08:32:33,809 [DBHistoryCreator-1 | u:p] INFO  com.polarion.subterra.index.impl.ObjectIndexUpdaterBase -  -- -- 74 from 74 objects were refreshed (100%)
2026-06-23 08:32:33,828 [DBHistoryCreator-2 | u:p] INFO  com.polarion.subterra.index.impl.ObjectIndexUpdaterBase -  -- -- 8 from 8 objects were refreshed (100%)
2026-06-23 08:32:33,895 [Thread-26] INFO  NotificationService - [main] INFO  c.s.polarion.service.notification.Application - Starting Application vDPP-1210561-SNAPSHOT using Java 21.0.10 with PID 13162 (/opt/polarion/polarion/plugins/com.polarion.platform_3.26.12/services/notification-service/NotificationService.jar started by polarion in /tmp/polarionSpringServerSubprocess9172982968634114354.tmp)
2026-06-23 08:32:33,896 [Thread-26] INFO  NotificationService - [main] INFO  c.s.polarion.service.notification.Application - No active profile set, falling back to 1 default profile: "default"
2026-06-23 08:32:34,715 [DBHistoryCreator-2 | u:p] INFO  com.polarion.subterra.index.impl.ObjectIndexUpdaterBase -  -- -- 100 from 100 objects were refreshed (100%)
2026-06-23 08:32:34,951 [DBHistoryCreator-1 | u:p] INFO  TXLOGGER - Tx command #17: finished. Total: 2.94 s, CPU [user: 0.38 s, system: 0.0408 s], Allocated memory: 105.2 MB, resolve: 2.08 s [86% RichPage (74x)] (919x), svn: 1.62 s [85% getFile content (74x)] (148x), Lucene: 0.986 s [100% refresh (2x)] (2x), StripedGlobalHandler: 0.331 s [89% get (108x)] (182x), EHCache: 0.303 s [100% GET (328x)] (402x)
2026-06-23 08:32:35,345 [DBHistoryCreator-2 | u:p] INFO  TXLOGGER - Tx command #23: finished. Total: 1.49 s, CPU [user: 0.43 s, system: 0.0732 s], Allocated memory: 82.1 MB, resolve: 0.848 s [100% WorkItem (100x)] (934x), ObjectMaps: 0.383 s [68% getPrimaryObjectProperty (99x), 27% getPrimaryObjectLocation (99x)] (570x), DBPersist: 0.309 s [100% persist (100x)] (100x), Lucene: 0.287 s [100% refresh (2x)] (2x), DB: 0.275 s [92% execute (922x)] (1330x), svn: 0.139 s [80% info (99x)] (198x)
2026-06-23 08:32:35,524 [DBHistoryCreator-1 | u:p] INFO  com.polarion.subterra.index.impl.ObjectIndexUpdaterBase -  -- -- 100 from 100 objects were refreshed (100%)
2026-06-23 08:32:35,917 [DBHistoryCreator-2 | u:p] INFO  com.polarion.subterra.index.impl.ObjectIndexUpdaterBase -  -- -- 100 from 100 objects were refreshed (100%)
2026-06-23 08:32:36,321 [DBHistoryCreator-1 | u:p] INFO  TXLOGGER - Tx command #24: finished. Total: 1.37 s, CPU [user: 0.34 s, system: 0.0534 s], Allocated memory: 91.3 MB, resolve: 0.578 s [98% WorkItem (100x)] (1182x), DBPersist: 0.556 s [100% persist (100x)] (100x), DB: 0.523 s [79% execute (952x), 17% query (125x)] (1404x), svn: 0.243 s [89% info (101x)] (202x), Lucene: 0.142 s [100% refresh (2x)] (2x), GC: 0.093 s [100% G1 Young Generation (1x)] (1x), DaoTransformer: 0.086 s [100% WorkItem (100x)] (100x), ObjectMaps: 0.0826 s [65% getPrimaryObjectProperty (101x), 26% getLastPromoted (101x)] (618x)
2026-06-23 08:32:36,589 [DBHistoryCreator-2 | u:p] INFO  TXLOGGER - Tx command #25: finished. Total: 1.24 s, CPU [user: 0.22 s, system: 0.033 s], Allocated memory: 78.5 MB, resolve: 0.559 s [100% WorkItem (100x)] (852x), DBPersist: 0.338 s [100% persist (100x)] (100x), DB: 0.329 s [88% execute (926x)] (1325x), Lucene: 0.291 s [100% refresh (2x)] (2x), svn: 0.22 s [54% getFile content (97x), 46% info (97x)] (194x), StripedGlobalHandler: 0.131 s [97% put (97x)] (2659x), GC: 0.093 s [100% G1 Young Generation (1x)] (1x)
2026-06-23 08:32:36,841 [DBHistoryCreator-1 | u:p] INFO  com.polarion.subterra.index.impl.ObjectIndexUpdaterBase -  -- -- 100 from 100 objects were refreshed (100%)
2026-06-23 08:32:37,103 [DBHistoryCreator-2 | u:p] INFO  com.polarion.subterra.index.impl.ObjectIndexUpdaterBase -  -- -- 100 from 100 objects were refreshed (100%)
2026-06-23 08:32:37,527 [Thread-26] INFO  NotificationService - [main] INFO  o.s.boot.web.embedded.tomcat.TomcatWebServer - Tomcat initialized with port 40608 (http)
2026-06-23 08:32:37,573 [Thread-26] INFO  NotificationService - [main] INFO  org.apache.coyote.http11.Http11NioProtocol - Initializing ProtocolHandler ["http-nio-40608"]
2026-06-23 08:32:37,578 [Thread-26] INFO  NotificationService - [main] INFO  org.apache.catalina.core.StandardService - Starting service [Tomcat]
2026-06-23 08:32:37,578 [Thread-26] INFO  NotificationService - [main] INFO  org.apache.catalina.core.StandardEngine - Starting Servlet engine: [Apache Tomcat/11.0.21]
2026-06-23 08:32:37,833 [DBHistoryCreator-2 | u:p] INFO  TXLOGGER - Tx command #27: finished. Total: 1.24 s, CPU [user: 0.23 s, system: 0.04 s], Allocated memory: 98.5 MB, resolve: 0.565 s [90% WorkItem (100x)] (934x), DBPersist: 0.38 s [100% persist (100x)] (100x), DB: 0.374 s [85% execute (959x)] (1353x), svn: 0.34 s [83% info (104x)] (208x), Lucene: 0.294 s [100% refresh (2x)] (2x), StripedGlobalHandler: 0.0762 s [93% put (104x)] (2833x)
2026-06-23 08:32:37,956 [DBHistoryCreator-1 | u:p] INFO  TXLOGGER - Tx command #26: finished. Total: 1.63 s, CPU [user: 0.37 s, system: 0.0567 s], Allocated memory: 90.9 MB, DBPersist: 0.561 s [100% persist (100x)] (100x), resolve: 0.56 s [89% WorkItem (100x)] (1243x), DB: 0.508 s [73% execute (1038x), 21% query (112x)] (1464x), Lucene: 0.501 s [100% refresh (2x)] (2x), svn: 0.258 s [81% info (113x)] (226x), ObjectMaps: 0.0876 s [44% getPrimaryObjectProperty (113x), 21% getLastPromoted (113x), 18% getPrimaryObjectLocations (111x)] (663x)
2026-06-23 08:32:37,969 [DBHistoryCreator-1 | u:p] INFO  com.polarion.subterra.index.impl.ObjectIndexUpdaterBase -  -- -- 7 from 7 objects were refreshed (100%)
2026-06-23 08:32:38,032 [Thread-26] INFO  NotificationService - [main] INFO  o.a.c.core.ContainerBase.[Tomcat].[localhost].[/] - Initializing Spring embedded WebApplicationContext
2026-06-23 08:32:38,036 [Thread-26] INFO  NotificationService - [main] INFO  o.s.b.w.s.c.ServletWebServerApplicationContext - Root WebApplicationContext: initialization completed in 3985 ms
2026-06-23 08:32:38,067 [Thread-26] INFO  NotificationService - [main] INFO  o.a.c.core.ContainerBase.[Tomcat].[localhost].[/] - Initializing AtmosphereFramework
2026-06-23 08:32:38,377 [DBHistoryCreator-2 | u:p] INFO  com.polarion.subterra.index.impl.ObjectIndexUpdaterBase -  -- -- 100 from 100 objects were refreshed (100%)
2026-06-23 08:32:38,488 [DBHistoryCreator-1 | u:p] INFO  com.polarion.subterra.index.impl.ObjectIndexUpdaterBase -  -- -- 100 from 100 objects were refreshed (100%)
2026-06-23 08:32:39,009 [DBHistoryCreator-2 | u:p] INFO  TXLOGGER - Tx command #28: finished. Total: 1.17 s, CPU [user: 0.24 s, system: 0.0219 s], Allocated memory: 86.7 MB, resolve: 0.575 s [93% WorkItem (100x)] (920x), svn: 0.358 s [79% info (104x), 21% getFile content (104x)] (208x), Lucene: 0.304 s [100% refresh (2x)] (2x), DB: 0.275 s [64% execute (927x), 27% setSavepoint (100x)] (1321x), DBPersist: 0.229 s [100% persist (100x)] (100x), StripedGlobalHandler: 0.0946 s [82% put (104x)] (2693x)
2026-06-23 08:32:39,033 [DBHistoryCreator-2 | u:p] INFO  com.polarion.subterra.index.impl.ObjectIndexUpdaterBase -  -- -- 56 from 56 objects were refreshed (100%)
2026-06-23 08:32:39,304 [Thread-26] INFO  NotificationService - [main] INFO  org.apache.coyote.http11.Http11NioProtocol - Starting ProtocolHandler ["http-nio-40608"]
2026-06-23 08:32:39,477 [Thread-26] INFO  NotificationService - [main] INFO  org.atmosphere.cpr.AtmosphereFramework - Atmosphere is using org.atmosphere.cpr.DefaultAnnotationProcessor for processing annotation
2026-06-23 08:32:39,479 [Thread-26] INFO  NotificationService - [main] INFO  org.atmosphere.cpr.DefaultAnnotationProcessor - AnnotationProcessor class org.atmosphere.cpr.DefaultAnnotationProcessor$BytecodeBasedAnnotationProcessor being used
2026-06-23 08:32:39,537 [Thread-26] INFO  NotificationService - [main] INFO  org.atmosphere.cpr.AnnotationHandler - Found Annotation in class com.siemens.polarion.service.notification.NotificationService being scanned: interface org.atmosphere.config.service.ManagedService
2026-06-23 08:32:39,549 [Thread-26] INFO  NotificationService - [main] INFO  org.atmosphere.annotation.AnnotationUtil - Adding class org.atmosphere.interceptor.AtmosphereResourceLifecycleInterceptor
2026-06-23 08:32:39,550 [Thread-26] INFO  NotificationService - [main] INFO  org.atmosphere.annotation.AnnotationUtil - Adding class org.atmosphere.client.TrackMessageSizeInterceptor
2026-06-23 08:32:39,556 [Thread-26] INFO  NotificationService - [main] INFO  org.atmosphere.annotation.AnnotationUtil - Adding class org.atmosphere.interceptor.SuspendTrackerInterceptor
2026-06-23 08:32:39,561 [Thread-26] INFO  NotificationService - [main] INFO  org.atmosphere.annotation.AnnotationUtil - Adding class org.atmosphere.config.managed.ManagedServiceInterceptor
2026-06-23 08:32:39,565 [DBHistoryCreator-2 | u:p] INFO  TXLOGGER - Tx command #31: finished. Total: 0.554 s, CPU [user: 0.18 s, system: 0.0171 s], Allocated memory: 12.8 MB, Lucene: 0.467 s [100% refresh (2x)] (2x), DB: 0.0518 s [48% setSavepoint (56x), 30% update (58x), 22% execute (56x)] (170x), resolve: 0.0398 s [68% WorkItem (280x), 31% WorkRecord (56x)] (618x), StripedGlobalHandler: 0.0387 s [100% get (139x)] (139x), EHCache: 0.0385 s [100% GET (139x)] (139x)
2026-06-23 08:32:39,603 [Thread-26] INFO  NotificationService - [main] INFO  org.atmosphere.annotation.AnnotationUtil - Adding class com.siemens.polarion.service.notification.JwtVerificationInterceptor
2026-06-23 08:32:39,622 [Thread-26] INFO  NotificationService - [main] INFO  org.atmosphere.util.ForkJoinPool - Using ForkJoinPool  java.util.concurrent.ForkJoinPool. Set the org.atmosphere.cpr.broadcaster.maxAsyncWriteThreads to -1 to fully use its power.
2026-06-23 08:32:39,881 [DBHistoryCreator-1 | u:p] INFO  TXLOGGER - Tx command #30: finished. Total: 1.88 s, CPU [user: 0.32 s, system: 0.0248 s], Allocated memory: 108.1 MB, Lucene: 1.05 s [100% refresh (2x)] (2x), resolve: 0.618 s [78% WorkItem (100x), 20% WorkRecord (103x)] (1238x), DBPersist: 0.289 s [100% persist (100x)] (100x), DB: 0.266 s [90% execute (1052x)] (1482x), svn: 0.169 s [83% info (128x)] (256x), ObjectMaps: 0.166 s [70% getLastPromoted (128x), 22% getPrimaryObjectProperty (128x)] (729x), StripedGlobalHandler: 0.12 s [85% put (128x)] (3049x)
2026-06-23 08:32:39,884 [Thread-26] INFO  NotificationService - [main] INFO  org.atmosphere.cpr.AtmosphereFramework - Installed AtmosphereHandler org.atmosphere.config.managed.ManagedAtmosphereHandler mapped to context-path /notification and Broadcaster Class org.atmosphere.cpr.DefaultBroadcaster
2026-06-23 08:32:39,884 [Thread-26] INFO  NotificationService - [main] INFO  org.atmosphere.cpr.AtmosphereFramework - Installed AtmosphereInterceptor [Atmosphere LifeCycle,  Track Message Size Interceptor using |, UUID Tracking Interceptor, @ManagedService Interceptor, @Service Event Listeners, com.siemens.polarion.service.notification.JwtVerificationInterceptor] mapped to AtmosphereHandler org.atmosphere.config.managed.ManagedAtmosphereHandler
2026-06-23 08:32:39,972 [Thread-26] INFO  NotificationService - [main] INFO  org.atmosphere.cpr.AtmosphereFramework - Auto detecting WebSocketHandler in /WEB-INF/classes/
2026-06-23 08:32:39,975 [Thread-26] INFO  NotificationService - [main] INFO  org.atmosphere.cpr.AtmosphereFramework - Installed WebSocketProtocol org.atmosphere.websocket.protocol.SimpleHttpProtocol 
2026-06-23 08:32:39,978 [Thread-26] INFO  NotificationService - [main] INFO  org.atmosphere.container.JSR356AsyncSupport - JSR 356 Mapping path /notification
2026-06-23 08:32:39,992 [Thread-26] INFO  NotificationService - [main] INFO  org.atmosphere.cpr.AtmosphereFramework - Installing Default AtmosphereInterceptors
2026-06-23 08:32:39,992 [Thread-26] INFO  NotificationService - [main] INFO  org.atmosphere.cpr.AtmosphereFramework - 	org.atmosphere.interceptor.CorsInterceptor : CORS Interceptor Support
2026-06-23 08:32:39,992 [Thread-26] INFO  NotificationService - [main] INFO  org.atmosphere.cpr.AtmosphereFramework - 	org.atmosphere.interceptor.CacheHeadersInterceptor : Default Response's Headers Interceptor
2026-06-23 08:32:39,993 [Thread-26] INFO  NotificationService - [main] INFO  org.atmosphere.cpr.AtmosphereFramework - 	org.atmosphere.interceptor.PaddingAtmosphereInterceptor : Browser Padding Interceptor Support
2026-06-23 08:32:39,997 [Thread-26] INFO  NotificationService - [main] INFO  org.atmosphere.cpr.AtmosphereFramework - 	org.atmosphere.interceptor.AndroidAtmosphereInterceptor : Android Interceptor Support
2026-06-23 08:32:39,999 [Thread-26] INFO  NotificationService - [main] INFO  org.atmosphere.cpr.AtmosphereFramework - 	org.atmosphere.interceptor.HeartbeatInterceptor : Heartbeat Interceptor Support
2026-06-23 08:32:40,001 [Thread-26] INFO  NotificationService - [main] INFO  org.atmosphere.cpr.AtmosphereFramework - 	org.atmosphere.interceptor.SSEAtmosphereInterceptor : SSE Interceptor Support
2026-06-23 08:32:40,001 [Thread-26] INFO  NotificationService - [main] INFO  org.atmosphere.cpr.AtmosphereFramework - 	org.atmosphere.interceptor.JSONPAtmosphereInterceptor : JSONP Interceptor Support
2026-06-23 08:32:40,002 [Thread-26] INFO  NotificationService - [main] INFO  org.atmosphere.cpr.AtmosphereFramework - 	org.atmosphere.interceptor.JavaScriptProtocol : Atmosphere JavaScript Protocol
2026-06-23 08:32:40,002 [Thread-26] INFO  NotificationService - [main] INFO  org.atmosphere.cpr.AtmosphereFramework - 	org.atmosphere.interceptor.WebSocketMessageSuspendInterceptor : org.atmosphere.interceptor.WebSocketMessageSuspendInterceptor
2026-06-23 08:32:40,003 [Thread-26] INFO  NotificationService - [main] INFO  org.atmosphere.cpr.AtmosphereFramework - 	org.atmosphere.interceptor.OnDisconnectInterceptor : Browser disconnection detection
2026-06-23 08:32:40,003 [Thread-26] INFO  NotificationService - [main] INFO  org.atmosphere.cpr.AtmosphereFramework - 	org.atmosphere.interceptor.IdleResourceInterceptor : org.atmosphere.interceptor.IdleResourceInterceptor
2026-06-23 08:32:40,003 [Thread-26] INFO  NotificationService - [main] INFO  org.atmosphere.cpr.AtmosphereFramework - Set org.atmosphere.cpr.AtmosphereInterceptor.disableDefaults to disable them.
2026-06-23 08:32:40,003 [Thread-26] INFO  NotificationService - [main] INFO  org.atmosphere.cpr.AtmosphereFramework - Installed AtmosphereInterceptor CORS Interceptor Support with priority FIRST_BEFORE_DEFAULT 
2026-06-23 08:32:40,006 [Thread-26] INFO  NotificationService - [main] INFO  org.atmosphere.cpr.AtmosphereFramework - Installed AtmosphereInterceptor Default Response's Headers Interceptor with priority AFTER_DEFAULT 
2026-06-23 08:32:40,006 [Thread-26] INFO  NotificationService - [main] INFO  org.atmosphere.cpr.AtmosphereFramework - Installed AtmosphereInterceptor Browser Padding Interceptor Support with priority AFTER_DEFAULT 
2026-06-23 08:32:40,006 [Thread-26] INFO  NotificationService - [main] INFO  org.atmosphere.cpr.AtmosphereFramework - Installed AtmosphereInterceptor Android Interceptor Support with priority AFTER_DEFAULT 
2026-06-23 08:32:40,009 [Thread-26] INFO  NotificationService - [main] INFO  org.atmosphere.interceptor.HeartbeatInterceptor - HeartbeatInterceptor configured with padding value 'X', client frequency 30 seconds and server frequency 120 seconds
2026-06-23 08:32:40,009 [Thread-26] INFO  NotificationService - [main] INFO  org.atmosphere.cpr.AtmosphereFramework - Installed AtmosphereInterceptor Heartbeat Interceptor Support with priority AFTER_DEFAULT 
2026-06-23 08:32:40,009 [Thread-26] INFO  NotificationService - [main] INFO  org.atmosphere.cpr.AtmosphereFramework - Installed AtmosphereInterceptor SSE Interceptor Support with priority AFTER_DEFAULT 
2026-06-23 08:32:40,009 [Thread-26] INFO  NotificationService - [main] INFO  org.atmosphere.cpr.AtmosphereFramework - Installed AtmosphereInterceptor JSONP Interceptor Support with priority AFTER_DEFAULT 
2026-06-23 08:32:40,009 [Thread-26] INFO  NotificationService - [main] INFO  org.atmosphere.cpr.AtmosphereFramework - Installed AtmosphereInterceptor Atmosphere JavaScript Protocol with priority AFTER_DEFAULT 
2026-06-23 08:32:40,009 [Thread-26] INFO  NotificationService - [main] INFO  org.atmosphere.cpr.AtmosphereFramework - Installed AtmosphereInterceptor org.atmosphere.interceptor.WebSocketMessageSuspendInterceptor with priority AFTER_DEFAULT 
2026-06-23 08:32:40,009 [Thread-26] INFO  NotificationService - [main] INFO  org.atmosphere.cpr.AtmosphereFramework - Installed AtmosphereInterceptor Browser disconnection detection with priority AFTER_DEFAULT 
2026-06-23 08:32:40,009 [Thread-26] INFO  NotificationService - [main] INFO  org.atmosphere.cpr.AtmosphereFramework - Installed AtmosphereInterceptor org.atmosphere.interceptor.IdleResourceInterceptor with priority BEFORE_DEFAULT 
2026-06-23 08:32:40,009 [Thread-26] INFO  NotificationService - [main] INFO  org.atmosphere.cpr.AtmosphereFramework - Using EndpointMapper class org.atmosphere.util.DefaultEndpointMapper
2026-06-23 08:32:40,009 [Thread-26] INFO  NotificationService - [main] INFO  org.atmosphere.cpr.AtmosphereFramework - Using BroadcasterCache: org.atmosphere.cache.UUIDBroadcasterCache
2026-06-23 08:32:40,009 [Thread-26] INFO  NotificationService - [main] INFO  org.atmosphere.cpr.AtmosphereFramework - Default Broadcaster Class: org.atmosphere.cpr.DefaultBroadcaster
2026-06-23 08:32:40,009 [Thread-26] INFO  NotificationService - [main] INFO  org.atmosphere.cpr.AtmosphereFramework - Broadcaster Shared List Resources: false
2026-06-23 08:32:40,009 [Thread-26] INFO  NotificationService - [main] INFO  org.atmosphere.cpr.AtmosphereFramework - Broadcaster Polling Wait Time 100
2026-06-23 08:32:40,009 [Thread-26] INFO  NotificationService - [main] INFO  org.atmosphere.cpr.AtmosphereFramework - Shared ExecutorService supported: true
2026-06-23 08:32:40,009 [Thread-26] INFO  NotificationService - [main] INFO  org.atmosphere.cpr.AtmosphereFramework - Messaging ExecutorService Pool Size unavailable - Not instance of ThreadPoolExecutor
2026-06-23 08:32:40,009 [Thread-26] INFO  NotificationService - [main] INFO  org.atmosphere.cpr.AtmosphereFramework - Async I/O Thread Pool Size: 200
2026-06-23 08:32:40,009 [Thread-26] INFO  NotificationService - [main] INFO  org.atmosphere.cpr.AtmosphereFramework - Using BroadcasterFactory: org.atmosphere.cpr.DefaultBroadcasterFactory
2026-06-23 08:32:40,009 [Thread-26] INFO  NotificationService - [main] INFO  org.atmosphere.cpr.AtmosphereFramework - Using AtmosphereResurceFactory: org.atmosphere.cpr.DefaultAtmosphereResourceFactory
2026-06-23 08:32:40,010 [Thread-26] INFO  NotificationService - [main] INFO  org.atmosphere.cpr.AtmosphereFramework - Using WebSocketProcessor: org.atmosphere.websocket.DefaultWebSocketProcessor
2026-06-23 08:32:40,010 [Thread-26] INFO  NotificationService - [main] INFO  org.atmosphere.cpr.AtmosphereFramework - Invoke AtmosphereInterceptor on WebSocket message true
2026-06-23 08:32:40,010 [Thread-26] INFO  NotificationService - [main] INFO  org.atmosphere.cpr.AtmosphereFramework - HttpSession supported: false
2026-06-23 08:32:40,010 [Thread-26] INFO  NotificationService - [main] INFO  org.atmosphere.cpr.AtmosphereFramework - Atmosphere is using Spring Web ObjectFactory for dependency injection and object creation
2026-06-23 08:32:40,011 [Thread-26] INFO  NotificationService - [main] INFO  org.atmosphere.cpr.AtmosphereFramework - Atmosphere is using async support: org.atmosphere.container.JSR356AsyncSupport running under container: Apache Tomcat/11.0.21 using jakarta.servlet/3.0 and jsr356/WebSocket API
2026-06-23 08:32:40,011 [Thread-26] INFO  NotificationService - [main] INFO  org.atmosphere.cpr.AtmosphereFramework - Atmosphere Framework 3.0.1 started.
2026-06-23 08:32:40,011 [Thread-26] INFO  NotificationService - [main] INFO  org.atmosphere.cpr.AtmosphereFramework - 
2026-06-23 08:32:40,011 [Thread-26] INFO  NotificationService - 
2026-06-23 08:32:40,011 [Thread-26] INFO  NotificationService - 	For Atmosphere Framework Commercial Support, visit 
2026-06-23 08:32:40,011 [Thread-26] INFO  NotificationService - 	http://www.async-io.org/ or send an email to support@async-io.org
2026-06-23 08:32:40,011 [Thread-26] INFO  NotificationService - 
2026-06-23 08:32:40,014 [Thread-26] INFO  NotificationService - [main] INFO  o.s.boot.web.embedded.tomcat.TomcatWebServer - Tomcat started on port 40608 (http) with context path '/'
2026-06-23 08:32:40,032 [Thread-26] INFO  NotificationService - [main] INFO  c.s.polarion.service.notification.Application - Started Application in 7.837 seconds (process running for 9.96)
2026-06-23 08:32:40,217 [Thread-22] INFO  NotificationService - Notification service was started successfully.
2026-06-23 08:32:40,248 [Worker-1: DB History Creator | u:p | job: polarion.jobs.db.history] INFO  TXLOGGER - Tx Lucene Commit [head]: finished. Total: 0.365 s, CPU [user: 0.03 s, system: 0.0083 s], Allocated memory: 18.0 MB, commit: 0.365 s [30% Attachment (1x), 21% WorkItem (1x), 12% Module (1x), 11% RichPage (1x), 9% WorkItem-OutlineNumbers (1x)] (7x)
2026-06-23 08:32:40,982 [Worker-1: DB History Creator | u:p | job: polarion.jobs.db.history] INFO  TXLOGGER - Tx Lucene Commit [historical]: finished. Total: 0.734 s, CPU [user: 0.01 s, system: 0.0219 s], Allocated memory: 3.8 MB, commit: 0.734 s [14% WorkItem (1x), 12% User (1x), 9% Module (1x), 9% TestRun (1x), 5% RichPageAttachment (1x), 5% BaselineCollection (1x)] (18x)
2026-06-23 08:32:40,998 [Worker-1: DB History Creator | u:p | job: polarion.jobs.db.history] INFO  com.polarion.subterra.index.impl.lucene.baseline.LuceneBaselineSnapshots - Baseline snapshots calculation completed in  [ TIME 0.0133 s. ]
2026-06-23 08:32:40,998 [Worker-1: DB History Creator | u:p | job: polarion.jobs.db.history] INFO  com.polarion.subterra.index.impl.lucene.baseline.LuceneBaselineSnapshots - -- [5] snapshots with revisions [1, 1, 1, 1, 1] where head is [3], map size [1] for 1 indexes 

2026-06-23 08:32:41,032 [Worker-1: DB History Creator | u:p | job: polarion.jobs.db.history] INFO  com.polarion.subterra.index.impl.ObjectIndexBaselines - Preloading of baselines: 1, for prototypes: WorkItem; with days range: 180d, took  [ TIME 0.0496 s. ] 
2026-06-23 08:32:41,033 [DBHistoryCreator-2 | u:p] INFO  TXLOGGER - Summary for 'worker thread': Total: 10.2 s, CPU [user: 1.87 s, system: 0.265 s], Allocated memory: 503.4 MB, transactions: 20, resolve: 4.33 s [57% WorkItem (680x), 23% Plan (19x)] (4823x), svn: 2.53 s [54% getFile content (502x), 45% info (565x)] (1098x), Lucene: 2.25 s [100% refresh (38x)] (38x), DB: 1.63 s [73% execute (4195x), 15% setSavepoint (613x)] (6434x), DBPersist: 1.56 s [100% persist (613x)] (613x), ObjectMaps: 0.577 s [57% getPrimaryObjectProperty (502x), 20% getPrimaryObjectLocation (533x), 8% getPrimaryObjectLocations (573x)] (3302x)
2026-06-23 08:32:41,033 [DBHistoryCreator-1 | u:p] INFO  TXLOGGER - Summary for 'worker thread': Total: 10.2 s, CPU [user: 1.67 s, system: 0.2 s], Allocated memory: 479.7 MB, transactions: 12, resolve: 4.44 s [40% RichPage (249x), 35% WorkItem (307x), 8% Comment (339x)] (4948x), Lucene: 3.02 s [100% refresh (23x)] (23x), svn: 2.62 s [59% getFile content (511x), 41% info (531x)] (1052x), DB: 1.69 s [73% execute (3407x), 13% query (388x)] (5162x), DBPersist: 1.68 s [100% persist (473x)] (473x), StripedGlobalHandler: 0.671 s [52% get (9152x), 48% put (524x)] (9676x)
2026-06-23 08:32:41,034 [Worker-1: DB History Creator | u:p | job: polarion.jobs.db.history] INFO  TXLOGGER - Summary after DBHistoryCreator: transactions: 34, resolve: 8.76 s [46% WorkItem (987x), 20% RichPage (411x), 11% Plan (19x), 6% RichPageAttachment (392x)] (9771x), Lucene: 5.27 s [100% refresh (61x)] (61x), svn: 5.15 s [57% getFile content (1013x), 43% info (1096x)] (2170x), DB: 3.32 s [73% execute (7602x), 12% setSavepoint (1086x)] (11596x), DBPersist: 3.24 s [100% persist (1086x)] (1086x), StripedGlobalHandler: 1.13 s [60% put (1057x), 40% get (20819x)] (21876x), ObjectMaps: 1.01 s [49% getPrimaryObjectProperty (1012x), 22% getLastPromoted (1054x), 12% getPrimaryObjectLocation (1054x)] (6424x), EHCache: 0.504 s [100% GET (4938x)] (5996x)
2026-06-23 08:32:41,034 [Worker-1: DB History Creator | u:p] INFO  TXLOGGER - Summary for 'job: polarion.jobs.db.history': Total: 10.7 s, CPU [user: 0.07 s, system: 0.0283 s], Allocated memory: 24.5 MB, transactions: 3, Lucene: 1.12 s [98% commitAll (2x)] (4x), commit: 1.1 s [17% WorkItem (2x), 13% Attachment (2x), 10% Module (2x), 8% User (1x), 6% RichPageAttachment (2x), 6% RichPage (2x), 6% TestRun (1x), 5% ModuleAttachment (2x), 3% BaselineCollection (1x)] (25x)
2026-06-23 08:32:41,034 [Worker-1: DB History Creator | u:p] INFO  com.polarion.platform.jobs.info - State of job "DB History Creator" changed to FINISHED
2026-06-23 08:32:41,035 [Worker-1: DB History Creator | u:p] INFO  com.polarion.platform.jobs.info - Status of job "DB History Creator" is OK
2026-06-23 08:36:23,195 [ajp-nio-127.0.0.1-8889-exec-3 | cID:AAAAAg] INFO  TXLOGGER - Summary for 'servlet /polarion/': Total: 0.907 s, CPU [user: 0.64 s, system: 0.0431 s], Allocated memory: 64.2 MB, transactions: 0, PolarionAuthenticator: 0.906 s [100% authenticate (1x)] (1x)
2026-06-23 08:36:25,841 [ajp-nio-127.0.0.1-8889-exec-9 | cID:AAAAEw] INFO  TXLOGGER - Summary for 'servlet /polarion/mxgraph/js/stencils.min.js': Total: 0.212 s, CPU [system: 0.00755 s], Allocated memory: 76.4 kB, transactions: 0
2026-06-23 08:37:29,366 [Thread-18] INFO  class com.polarion.alm.server.util.ChartExporterStartup - Chart renderer was started successfully.
2026-06-23 08:37:30,289 [Thread-24] INFO  class com.polarion.alm.server.util.FormulaServerStartup - Formula renderer was started successfully.
2026-06-23 08:42:30,068 [Monitoring] INFO  com.polarion.platform.monitoring - Executing actions from stage PERIODIC with speed FAST
2026-06-23 08:42:30,069 [Monitoring] INFO  com.polarion.platform.monitoring - Executing action 'polarion.sso.statistics'
2026-06-23 08:42:30,071 [Monitoring] INFO  com.polarion.platform.monitoring - polarion.sso.statistics (Statistics of all active sso sessions) = Statistics of logged users 
Logged active users:0
 [Tue Jun 23 08:42:30 CEST 2026]
2026-06-23 08:42:30,074 [Monitoring] INFO  com.polarion.platform.monitoring - Executing action 'system.info.disk.data.free'
2026-06-23 08:42:30,074 [Monitoring] INFO  com.polarion.platform.monitoring - system.info.disk.data.free (Free data disk '/opt/polarion/data' space) = Disk Space 
20.13 GB
 [Tue Jun 23 08:42:30 CEST 2026]
2026-06-23 08:42:30,076 [Monitoring] INFO  com.polarion.platform.monitoring - Executing action 'system.info.garbageCollector.full.cycles'
2026-06-23 08:42:30,077 [Monitoring] INFO  com.polarion.platform.monitoring - system.info.garbageCollector.full.cycles (Full Garbage Collector cycles) = Full Garbage Collector cycles 
Full GC cycles: 0; Time: 0.0 s.
 [Tue Jun 23 08:42:30 CEST 2026]
2026-06-23 08:42:30,079 [Monitoring] INFO  com.polarion.platform.monitoring - Executing action 'system.info.garbageCollector.normal.cycles'
2026-06-23 08:42:30,080 [Monitoring] INFO  com.polarion.platform.monitoring - system.info.garbageCollector.normal.cycles (Normal Garbage Collector cycles) = Normal Garbage Collector cycles 
Normal GC cycles: 17; Time: 0.374 s.
 [Tue Jun 23 08:42:30 CEST 2026]
2026-06-23 08:42:30,081 [Monitoring] INFO  com.polarion.platform.monitoring - Executing action 'system.info.memory.nonheap.free'
2026-06-23 08:42:30,082 [Monitoring] INFO  com.polarion.platform.monitoring - system.info.memory.nonheap.free (Free non-heap memory) = Java Metaspace Memory 
Unlimited
 [Tue Jun 23 08:42:30 CEST 2026]
2026-06-23 08:42:30,083 [Monitoring] INFO  com.polarion.platform.monitoring - Executing action 'system.info.memory.oldGen.free'
2026-06-23 08:42:30,083 [Monitoring] INFO  com.polarion.platform.monitoring - system.info.memory.oldGen.free (Free Old Gen memory after GC) = Java Heap Memory 
Old Gen pool has  95.87% memory free after GC.
 [Tue Jun 23 08:42:30 CEST 2026]
2026-06-23 08:42:30,085 [Monitoring] INFO  com.polarion.platform.monitoring - Finished with actions from stage PERIODIC: {OK=6}
2026-06-23 08:52:30,068 [Monitoring] INFO  com.polarion.platform.monitoring - Executing actions from stage PERIODIC with speed FAST
2026-06-23 08:52:30,069 [Monitoring] INFO  com.polarion.platform.monitoring - Executing action 'polarion.sso.statistics'
2026-06-23 08:52:30,069 [Monitoring] INFO  com.polarion.platform.monitoring - polarion.sso.statistics (Statistics of all active sso sessions) = Statistics of logged users 
Logged active users:0
 [Tue Jun 23 08:52:30 CEST 2026]
2026-06-23 08:52:30,072 [Monitoring] INFO  com.polarion.platform.monitoring - Executing action 'system.info.disk.data.free'
2026-06-23 08:52:30,072 [Monitoring] INFO  com.polarion.platform.monitoring - system.info.disk.data.free (Free data disk '/opt/polarion/data' space) = Disk Space 
20.13 GB
 [Tue Jun 23 08:52:30 CEST 2026]
2026-06-23 08:52:30,074 [Monitoring] INFO  com.polarion.platform.monitoring - Executing action 'system.info.garbageCollector.full.cycles'
2026-06-23 08:52:30,074 [Monitoring] INFO  com.polarion.platform.monitoring - system.info.garbageCollector.full.cycles (Full Garbage Collector cycles) = Full Garbage Collector cycles 
Full GC cycles: 0; Time: 0.0 s.
 [Tue Jun 23 08:52:30 CEST 2026]
2026-06-23 08:52:30,078 [Monitoring] INFO  com.polarion.platform.monitoring - Executing action 'system.info.garbageCollector.normal.cycles'
2026-06-23 08:52:30,078 [Monitoring] INFO  com.polarion.platform.monitoring - system.info.garbageCollector.normal.cycles (Normal Garbage Collector cycles) = Normal Garbage Collector cycles 
Normal GC cycles: 17; Time: 0.374 s.
 [Tue Jun 23 08:52:30 CEST 2026]
2026-06-23 08:52:30,081 [Monitoring] INFO  com.polarion.platform.monitoring - Executing action 'system.info.memory.nonheap.free'
2026-06-23 08:52:30,081 [Monitoring] INFO  com.polarion.platform.monitoring - system.info.memory.nonheap.free (Free non-heap memory) = Java Metaspace Memory 
Unlimited
 [Tue Jun 23 08:52:30 CEST 2026]
2026-06-23 08:52:30,083 [Monitoring] INFO  com.polarion.platform.monitoring - Executing action 'system.info.memory.oldGen.free'
2026-06-23 08:52:30,083 [Monitoring] INFO  com.polarion.platform.monitoring - system.info.memory.oldGen.free (Free Old Gen memory after GC) = Java Heap Memory 
Old Gen pool has  95.87% memory free after GC.
 [Tue Jun 23 08:52:30 CEST 2026]
2026-06-23 08:52:30,087 [Monitoring] INFO  com.polarion.platform.monitoring - Finished with actions from stage PERIODIC: {OK=6}
2026-06-23 09:02:28,934 [taskScheduler-1] INFO  (SECURITY) com.siemens.polarion.secrets.manager.vault.providers.impl.FileBackedVaultProvider - [ENC-0004] - Read secret with key: polarion.rt.repo.encrypt.decrypt.key
2026-06-23 09:02:28,938 [taskScheduler-1] INFO  (SECURITY) com.siemens.polarion.secrets.manager.vault.providers.impl.FileBackedVaultProvider - [ENC-0004] - Read secret with key: polarion.rt.repo.encrypt.decrypt.key
2026-06-23 09:02:30,068 [Monitoring] INFO  com.polarion.platform.monitoring - Executing actions from stage PERIODIC with speed FAST
2026-06-23 09:02:30,069 [Monitoring] INFO  com.polarion.platform.monitoring - Executing action 'polarion.sso.statistics'
2026-06-23 09:02:30,069 [Monitoring] INFO  com.polarion.platform.monitoring - polarion.sso.statistics (Statistics of all active sso sessions) = Statistics of logged users 
Logged active users:0
 [Tue Jun 23 09:02:30 CEST 2026]
2026-06-23 09:02:30,073 [Monitoring] INFO  com.polarion.platform.monitoring - Executing action 'system.info.disk.data.free'
2026-06-23 09:02:30,073 [Monitoring] INFO  com.polarion.platform.monitoring - system.info.disk.data.free (Free data disk '/opt/polarion/data' space) = Disk Space 
20.13 GB
 [Tue Jun 23 09:02:30 CEST 2026]
2026-06-23 09:02:30,076 [Monitoring] INFO  com.polarion.platform.monitoring - Executing action 'system.info.garbageCollector.full.cycles'
2026-06-23 09:02:30,076 [Monitoring] INFO  com.polarion.platform.monitoring - system.info.garbageCollector.full.cycles (Full Garbage Collector cycles) = Full Garbage Collector cycles 
Full GC cycles: 0; Time: 0.0 s.
 [Tue Jun 23 09:02:30 CEST 2026]
2026-06-23 09:02:30,078 [Monitoring] INFO  com.polarion.platform.monitoring - Executing action 'system.info.garbageCollector.normal.cycles'
2026-06-23 09:02:30,078 [Monitoring] INFO  com.polarion.platform.monitoring - system.info.garbageCollector.normal.cycles (Normal Garbage Collector cycles) = Normal Garbage Collector cycles 
Normal GC cycles: 17; Time: 0.374 s.
 [Tue Jun 23 09:02:30 CEST 2026]
2026-06-23 09:02:30,080 [Monitoring] INFO  com.polarion.platform.monitoring - Executing action 'system.info.memory.nonheap.free'
2026-06-23 09:02:30,080 [Monitoring] INFO  com.polarion.platform.monitoring - system.info.memory.nonheap.free (Free non-heap memory) = Java Metaspace Memory 
Unlimited
 [Tue Jun 23 09:02:30 CEST 2026]
2026-06-23 09:02:30,081 [Monitoring] INFO  com.polarion.platform.monitoring - Executing action 'system.info.memory.oldGen.free'
2026-06-23 09:02:30,082 [Monitoring] INFO  com.polarion.platform.monitoring - system.info.memory.oldGen.free (Free Old Gen memory after GC) = Java Heap Memory 
Old Gen pool has  95.87% memory free after GC.
 [Tue Jun 23 09:02:30 CEST 2026]
2026-06-23 09:02:30,084 [Monitoring] INFO  com.polarion.platform.monitoring - Finished with actions from stage PERIODIC: {OK=6}
2026-06-23 09:12:30,068 [Monitoring] INFO  com.polarion.platform.monitoring - Executing actions from stage PERIODIC with speed FAST
2026-06-23 09:12:30,069 [Monitoring] INFO  com.polarion.platform.monitoring - Executing action 'polarion.sso.statistics'
2026-06-23 09:12:30,069 [Monitoring] INFO  com.polarion.platform.monitoring - polarion.sso.statistics (Statistics of all active sso sessions) = Statistics of logged users 
Logged active users:0
 [Tue Jun 23 09:12:30 CEST 2026]
2026-06-23 09:12:30,076 [Monitoring] INFO  com.polarion.platform.monitoring - Executing action 'system.info.disk.data.free'
2026-06-23 09:12:30,076 [Monitoring] INFO  com.polarion.platform.monitoring - system.info.disk.data.free (Free data disk '/opt/polarion/data' space) = Disk Space 
20.13 GB
 [Tue Jun 23 09:12:30 CEST 2026]
2026-06-23 09:12:30,080 [Monitoring] INFO  com.polarion.platform.monitoring - Executing action 'system.info.garbageCollector.full.cycles'
2026-06-23 09:12:30,081 [Monitoring] INFO  com.polarion.platform.monitoring - system.info.garbageCollector.full.cycles (Full Garbage Collector cycles) = Full Garbage Collector cycles 
Full GC cycles: 0; Time: 0.0 s.
 [Tue Jun 23 09:12:30 CEST 2026]
2026-06-23 09:12:30,084 [Monitoring] INFO  com.polarion.platform.monitoring - Executing action 'system.info.garbageCollector.normal.cycles'
2026-06-23 09:12:30,085 [Monitoring] INFO  com.polarion.platform.monitoring - system.info.garbageCollector.normal.cycles (Normal Garbage Collector cycles) = Normal Garbage Collector cycles 
Normal GC cycles: 17; Time: 0.374 s.
 [Tue Jun 23 09:12:30 CEST 2026]
2026-06-23 09:12:30,092 [Monitoring] INFO  com.polarion.platform.monitoring - Executing action 'system.info.memory.nonheap.free'
2026-06-23 09:12:30,092 [Monitoring] INFO  com.polarion.platform.monitoring - system.info.memory.nonheap.free (Free non-heap memory) = Java Metaspace Memory 
Unlimited
 [Tue Jun 23 09:12:30 CEST 2026]
2026-06-23 09:12:30,094 [Monitoring] INFO  com.polarion.platform.monitoring - Executing action 'system.info.memory.oldGen.free'
2026-06-23 09:12:30,094 [Monitoring] INFO  com.polarion.platform.monitoring - system.info.memory.oldGen.free (Free Old Gen memory after GC) = Java Heap Memory 
Old Gen pool has  95.87% memory free after GC.
 [Tue Jun 23 09:12:30 CEST 2026]
2026-06-23 09:12:30,097 [Monitoring] INFO  com.polarion.platform.monitoring - Finished with actions from stage PERIODIC: {OK=6}
2026-06-23 09:22:30,068 [Monitoring] INFO  com.polarion.platform.monitoring - Executing actions from stage PERIODIC with speed FAST
2026-06-23 09:22:30,069 [Monitoring] INFO  com.polarion.platform.monitoring - Executing action 'polarion.sso.statistics'
2026-06-23 09:22:30,069 [Monitoring] INFO  com.polarion.platform.monitoring - polarion.sso.statistics (Statistics of all active sso sessions) = Statistics of logged users 
Logged active users:0
 [Tue Jun 23 09:22:30 CEST 2026]
2026-06-23 09:22:30,076 [Monitoring] INFO  com.polarion.platform.monitoring - Executing action 'system.info.disk.data.free'
2026-06-23 09:22:30,076 [Monitoring] INFO  com.polarion.platform.monitoring - system.info.disk.data.free (Free data disk '/opt/polarion/data' space) = Disk Space 
20.13 GB
 [Tue Jun 23 09:22:30 CEST 2026]
2026-06-23 09:22:30,081 [Monitoring] INFO  com.polarion.platform.monitoring - Executing action 'system.info.garbageCollector.full.cycles'
2026-06-23 09:22:30,081 [Monitoring] INFO  com.polarion.platform.monitoring - system.info.garbageCollector.full.cycles (Full Garbage Collector cycles) = Full Garbage Collector cycles 
Full GC cycles: 0; Time: 0.0 s.
 [Tue Jun 23 09:22:30 CEST 2026]
2026-06-23 09:22:30,084 [Monitoring] INFO  com.polarion.platform.monitoring - Executing action 'system.info.garbageCollector.normal.cycles'
2026-06-23 09:22:30,084 [Monitoring] INFO  com.polarion.platform.monitoring - system.info.garbageCollector.normal.cycles (Normal Garbage Collector cycles) = Normal Garbage Collector cycles 
Normal GC cycles: 17; Time: 0.374 s.
 [Tue Jun 23 09:22:30 CEST 2026]
2026-06-23 09:22:30,088 [Monitoring] INFO  com.polarion.platform.monitoring - Executing action 'system.info.memory.nonheap.free'
2026-06-23 09:22:30,088 [Monitoring] INFO  com.polarion.platform.monitoring - system.info.memory.nonheap.free (Free non-heap memory) = Java Metaspace Memory 
Unlimited
 [Tue Jun 23 09:22:30 CEST 2026]
2026-06-23 09:22:30,091 [Monitoring] INFO  com.polarion.platform.monitoring - Executing action 'system.info.memory.oldGen.free'
2026-06-23 09:22:30,093 [Monitoring] INFO  com.polarion.platform.monitoring - system.info.memory.oldGen.free (Free Old Gen memory after GC) = Java Heap Memory 
Old Gen pool has  95.87% memory free after GC.
 [Tue Jun 23 09:22:30 CEST 2026]
2026-06-23 09:22:30,096 [Monitoring] INFO  com.polarion.platform.monitoring - Finished with actions from stage PERIODIC: {OK=6}
2026-06-23 09:32:28,947 [taskScheduler-1] INFO  (SECURITY) com.siemens.polarion.secrets.manager.vault.providers.impl.FileBackedVaultProvider - [ENC-0004] - Read secret with key: polarion.rt.repo.encrypt.decrypt.key
2026-06-23 09:32:28,949 [taskScheduler-1] INFO  (SECURITY) com.siemens.polarion.secrets.manager.vault.providers.impl.FileBackedVaultProvider - [ENC-0004] - Read secret with key: polarion.rt.repo.encrypt.decrypt.key
2026-06-23 09:32:30,068 [Monitoring] INFO  com.polarion.platform.monitoring - Executing actions from stage PERIODIC with speed FAST
2026-06-23 09:32:30,068 [Monitoring] INFO  com.polarion.platform.monitoring - Executing action 'polarion.sso.statistics'
2026-06-23 09:32:30,069 [Monitoring] INFO  com.polarion.platform.monitoring - polarion.sso.statistics (Statistics of all active sso sessions) = Statistics of logged users 
Logged active users:0
 [Tue Jun 23 09:32:30 CEST 2026]
2026-06-23 09:32:30,073 [Monitoring] INFO  com.polarion.platform.monitoring - Executing action 'system.info.disk.data.free'
2026-06-23 09:32:30,073 [Monitoring] INFO  com.polarion.platform.monitoring - system.info.disk.data.free (Free data disk '/opt/polarion/data' space) = Disk Space 
20.13 GB
 [Tue Jun 23 09:32:30 CEST 2026]
2026-06-23 09:32:30,077 [Monitoring] INFO  com.polarion.platform.monitoring - Executing action 'system.info.garbageCollector.full.cycles'
2026-06-23 09:32:30,079 [Monitoring] INFO  com.polarion.platform.monitoring - system.info.garbageCollector.full.cycles (Full Garbage Collector cycles) = Full Garbage Collector cycles 
Full GC cycles: 0; Time: 0.0 s.
 [Tue Jun 23 09:32:30 CEST 2026]
2026-06-23 09:32:30,084 [Monitoring] INFO  com.polarion.platform.monitoring - Executing action 'system.info.garbageCollector.normal.cycles'
2026-06-23 09:32:30,084 [Monitoring] INFO  com.polarion.platform.monitoring - system.info.garbageCollector.normal.cycles (Normal Garbage Collector cycles) = Normal Garbage Collector cycles 
Normal GC cycles: 17; Time: 0.374 s.
 [Tue Jun 23 09:32:30 CEST 2026]
2026-06-23 09:32:30,090 [Monitoring] INFO  com.polarion.platform.monitoring - Executing action 'system.info.memory.nonheap.free'
2026-06-23 09:32:30,090 [Monitoring] INFO  com.polarion.platform.monitoring - system.info.memory.nonheap.free (Free non-heap memory) = Java Metaspace Memory 
Unlimited
 [Tue Jun 23 09:32:30 CEST 2026]
2026-06-23 09:32:30,092 [Monitoring] INFO  com.polarion.platform.monitoring - Executing action 'system.info.memory.oldGen.free'
2026-06-23 09:32:30,092 [Monitoring] INFO  com.polarion.platform.monitoring - system.info.memory.oldGen.free (Free Old Gen memory after GC) = Java Heap Memory 
Old Gen pool has  95.87% memory free after GC.
 [Tue Jun 23 09:32:30 CEST 2026]
2026-06-23 09:32:30,095 [Monitoring] INFO  com.polarion.platform.monitoring - Finished with actions from stage PERIODIC: {OK=6}
2026-06-23 09:42:30,068 [Monitoring] INFO  com.polarion.platform.monitoring - Executing actions from stage PERIODIC with speed FAST
2026-06-23 09:42:30,068 [Monitoring] INFO  com.polarion.platform.monitoring - Executing action 'polarion.sso.statistics'
2026-06-23 09:42:30,068 [Monitoring] INFO  com.polarion.platform.monitoring - polarion.sso.statistics (Statistics of all active sso sessions) = Statistics of logged users 
Logged active users:0
 [Tue Jun 23 09:42:30 CEST 2026]
2026-06-23 09:42:30,073 [Monitoring] INFO  com.polarion.platform.monitoring - Executing action 'system.info.disk.data.free'
2026-06-23 09:42:30,073 [Monitoring] INFO  com.polarion.platform.monitoring - system.info.disk.data.free (Free data disk '/opt/polarion/data' space) = Disk Space 
20.12 GB
 [Tue Jun 23 09:42:30 CEST 2026]
2026-06-23 09:42:30,077 [Monitoring] INFO  com.polarion.platform.monitoring - Executing action 'system.info.garbageCollector.full.cycles'
2026-06-23 09:42:30,077 [Monitoring] INFO  com.polarion.platform.monitoring - system.info.garbageCollector.full.cycles (Full Garbage Collector cycles) = Full Garbage Collector cycles 
Full GC cycles: 0; Time: 0.0 s.
 [Tue Jun 23 09:42:30 CEST 2026]
2026-06-23 09:42:30,080 [Monitoring] INFO  com.polarion.platform.monitoring - Executing action 'system.info.garbageCollector.normal.cycles'
2026-06-23 09:42:30,080 [Monitoring] INFO  com.polarion.platform.monitoring - system.info.garbageCollector.normal.cycles (Normal Garbage Collector cycles) = Normal Garbage Collector cycles 
Normal GC cycles: 17; Time: 0.374 s.
 [Tue Jun 23 09:42:30 CEST 2026]
2026-06-23 09:42:30,090 [Monitoring] INFO  com.polarion.platform.monitoring - Executing action 'system.info.memory.nonheap.free'
2026-06-23 09:42:30,090 [Monitoring] INFO  com.polarion.platform.monitoring - system.info.memory.nonheap.free (Free non-heap memory) = Java Metaspace Memory 
Unlimited
 [Tue Jun 23 09:42:30 CEST 2026]
2026-06-23 09:42:30,093 [Monitoring] INFO  com.polarion.platform.monitoring - Executing action 'system.info.memory.oldGen.free'
2026-06-23 09:42:30,093 [Monitoring] INFO  com.polarion.platform.monitoring - system.info.memory.oldGen.free (Free Old Gen memory after GC) = Java Heap Memory 
Old Gen pool has  95.87% memory free after GC.
 [Tue Jun 23 09:42:30 CEST 2026]
2026-06-23 09:42:30,103 [Monitoring] INFO  com.polarion.platform.monitoring - Finished with actions from stage PERIODIC: {OK=6}
2026-06-23 09:52:30,068 [Monitoring] INFO  com.polarion.platform.monitoring - Executing actions from stage PERIODIC with speed FAST
2026-06-23 09:52:30,069 [Monitoring] INFO  com.polarion.platform.monitoring - Executing action 'polarion.sso.statistics'
2026-06-23 09:52:30,069 [Monitoring] INFO  com.polarion.platform.monitoring - polarion.sso.statistics (Statistics of all active sso sessions) = Statistics of logged users 
Logged active users:0
 [Tue Jun 23 09:52:30 CEST 2026]
2026-06-23 09:52:30,073 [Monitoring] INFO  com.polarion.platform.monitoring - Executing action 'system.info.disk.data.free'
2026-06-23 09:52:30,073 [Monitoring] INFO  com.polarion.platform.monitoring - system.info.disk.data.free (Free data disk '/opt/polarion/data' space) = Disk Space 
20.12 GB
 [Tue Jun 23 09:52:30 CEST 2026]
2026-06-23 09:52:30,076 [Monitoring] INFO  com.polarion.platform.monitoring - Executing action 'system.info.garbageCollector.full.cycles'
2026-06-23 09:52:30,076 [Monitoring] INFO  com.polarion.platform.monitoring - system.info.garbageCollector.full.cycles (Full Garbage Collector cycles) = Full Garbage Collector cycles 
Full GC cycles: 0; Time: 0.0 s.
 [Tue Jun 23 09:52:30 CEST 2026]
2026-06-23 09:52:30,084 [Monitoring] INFO  com.polarion.platform.monitoring - Executing action 'system.info.garbageCollector.normal.cycles'
2026-06-23 09:52:30,084 [Monitoring] INFO  com.polarion.platform.monitoring - system.info.garbageCollector.normal.cycles (Normal Garbage Collector cycles) = Normal Garbage Collector cycles 
Normal GC cycles: 18; Time: 0.416 s.
 [Tue Jun 23 09:52:30 CEST 2026]
2026-06-23 09:52:30,089 [Monitoring] INFO  com.polarion.platform.monitoring - Executing action 'system.info.memory.nonheap.free'
2026-06-23 09:52:30,089 [Monitoring] INFO  com.polarion.platform.monitoring - system.info.memory.nonheap.free (Free non-heap memory) = Java Metaspace Memory 
Unlimited
 [Tue Jun 23 09:52:30 CEST 2026]
2026-06-23 09:52:30,093 [Monitoring] INFO  com.polarion.platform.monitoring - Executing action 'system.info.memory.oldGen.free'
2026-06-23 09:52:30,094 [Monitoring] INFO  com.polarion.platform.monitoring - system.info.memory.oldGen.free (Free Old Gen memory after GC) = Java Heap Memory 
Old Gen pool has  94.18% memory free after GC.
 [Tue Jun 23 09:52:30 CEST 2026]
2026-06-23 09:52:30,096 [Monitoring] INFO  com.polarion.platform.monitoring - Finished with actions from stage PERIODIC: {OK=6}
2026-06-23 10:02:28,959 [taskScheduler-2] INFO  (SECURITY) com.siemens.polarion.secrets.manager.vault.providers.impl.FileBackedVaultProvider - [ENC-0004] - Read secret with key: polarion.rt.repo.encrypt.decrypt.key
2026-06-23 10:02:28,963 [taskScheduler-2] INFO  (SECURITY) com.siemens.polarion.secrets.manager.vault.providers.impl.FileBackedVaultProvider - [ENC-0004] - Read secret with key: polarion.rt.repo.encrypt.decrypt.key
2026-06-23 10:02:30,068 [Monitoring] INFO  com.polarion.platform.monitoring - Executing actions from stage PERIODIC with speed FAST
2026-06-23 10:02:30,069 [Monitoring] INFO  com.polarion.platform.monitoring - Executing action 'polarion.sso.statistics'
2026-06-23 10:02:30,069 [Monitoring] INFO  com.polarion.platform.monitoring - polarion.sso.statistics (Statistics of all active sso sessions) = Statistics of logged users 
Logged active users:0
 [Tue Jun 23 10:02:30 CEST 2026]
2026-06-23 10:02:30,073 [Monitoring] INFO  com.polarion.platform.monitoring - Executing action 'system.info.disk.data.free'
2026-06-23 10:02:30,073 [Monitoring] INFO  com.polarion.platform.monitoring - system.info.disk.data.free (Free data disk '/opt/polarion/data' space) = Disk Space 
20.12 GB
 [Tue Jun 23 10:02:30 CEST 2026]
2026-06-23 10:02:30,075 [Monitoring] INFO  com.polarion.platform.monitoring - Executing action 'system.info.garbageCollector.full.cycles'
2026-06-23 10:02:30,075 [Monitoring] INFO  com.polarion.platform.monitoring - system.info.garbageCollector.full.cycles (Full Garbage Collector cycles) = Full Garbage Collector cycles 
Full GC cycles: 0; Time: 0.0 s.
 [Tue Jun 23 10:02:30 CEST 2026]
2026-06-23 10:02:30,079 [Monitoring] INFO  com.polarion.platform.monitoring - Executing action 'system.info.garbageCollector.normal.cycles'
2026-06-23 10:02:30,079 [Monitoring] INFO  com.polarion.platform.monitoring - system.info.garbageCollector.normal.cycles (Normal Garbage Collector cycles) = Normal Garbage Collector cycles 
Normal GC cycles: 18; Time: 0.416 s.
 [Tue Jun 23 10:02:30 CEST 2026]
2026-06-23 10:02:30,082 [Monitoring] INFO  com.polarion.platform.monitoring - Executing action 'system.info.memory.nonheap.free'
2026-06-23 10:02:30,082 [Monitoring] INFO  com.polarion.platform.monitoring - system.info.memory.nonheap.free (Free non-heap memory) = Java Metaspace Memory 
Unlimited
 [Tue Jun 23 10:02:30 CEST 2026]
2026-06-23 10:02:30,085 [Monitoring] INFO  com.polarion.platform.monitoring - Executing action 'system.info.memory.oldGen.free'
2026-06-23 10:02:30,085 [Monitoring] INFO  com.polarion.platform.monitoring - system.info.memory.oldGen.free (Free Old Gen memory after GC) = Java Heap Memory 
Old Gen pool has  94.18% memory free after GC.
 [Tue Jun 23 10:02:30 CEST 2026]
2026-06-23 10:02:30,089 [Monitoring] INFO  com.polarion.platform.monitoring - Finished with actions from stage PERIODIC: {OK=6}
2026-06-23 10:12:30,068 [Monitoring] INFO  com.polarion.platform.monitoring - Executing actions from stage PERIODIC with speed FAST
2026-06-23 10:12:30,068 [Monitoring] INFO  com.polarion.platform.monitoring - Executing action 'polarion.sso.statistics'
2026-06-23 10:12:30,069 [Monitoring] INFO  com.polarion.platform.monitoring - polarion.sso.statistics (Statistics of all active sso sessions) = Statistics of logged users 
Logged active users:0
 [Tue Jun 23 10:12:30 CEST 2026]
2026-06-23 10:12:30,075 [Monitoring] INFO  com.polarion.platform.monitoring - Executing action 'system.info.disk.data.free'
2026-06-23 10:12:30,075 [Monitoring] INFO  com.polarion.platform.monitoring - system.info.disk.data.free (Free data disk '/opt/polarion/data' space) = Disk Space 
20.12 GB
 [Tue Jun 23 10:12:30 CEST 2026]
2026-06-23 10:12:30,077 [Monitoring] INFO  com.polarion.platform.monitoring - Executing action 'system.info.garbageCollector.full.cycles'
2026-06-23 10:12:30,077 [Monitoring] INFO  com.polarion.platform.monitoring - system.info.garbageCollector.full.cycles (Full Garbage Collector cycles) = Full Garbage Collector cycles 
Full GC cycles: 0; Time: 0.0 s.
 [Tue Jun 23 10:12:30 CEST 2026]
2026-06-23 10:12:30,081 [Monitoring] INFO  com.polarion.platform.monitoring - Executing action 'system.info.garbageCollector.normal.cycles'
2026-06-23 10:12:30,081 [Monitoring] INFO  com.polarion.platform.monitoring - system.info.garbageCollector.normal.cycles (Normal Garbage Collector cycles) = Normal Garbage Collector cycles 
Normal GC cycles: 18; Time: 0.416 s.
 [Tue Jun 23 10:12:30 CEST 2026]
2026-06-23 10:12:30,084 [Monitoring] INFO  com.polarion.platform.monitoring - Executing action 'system.info.memory.nonheap.free'
2026-06-23 10:12:30,084 [Monitoring] INFO  com.polarion.platform.monitoring - system.info.memory.nonheap.free (Free non-heap memory) = Java Metaspace Memory 
Unlimited
 [Tue Jun 23 10:12:30 CEST 2026]
2026-06-23 10:12:30,088 [Monitoring] INFO  com.polarion.platform.monitoring - Executing action 'system.info.memory.oldGen.free'
2026-06-23 10:12:30,088 [Monitoring] INFO  com.polarion.platform.monitoring - system.info.memory.oldGen.free (Free Old Gen memory after GC) = Java Heap Memory 
Old Gen pool has  94.18% memory free after GC.
 [Tue Jun 23 10:12:30 CEST 2026]
2026-06-23 10:12:30,090 [Monitoring] INFO  com.polarion.platform.monitoring - Finished with actions from stage PERIODIC: {OK=6}
2026-06-23 10:22:30,069 [Monitoring] INFO  com.polarion.platform.monitoring - Executing actions from stage PERIODIC with speed FAST
2026-06-23 10:22:30,069 [Monitoring] INFO  com.polarion.platform.monitoring - Executing action 'polarion.sso.statistics'
2026-06-23 10:22:30,069 [Monitoring] INFO  com.polarion.platform.monitoring - polarion.sso.statistics (Statistics of all active sso sessions) = Statistics of logged users 
Logged active users:0
 [Tue Jun 23 10:22:30 CEST 2026]
2026-06-23 10:22:30,074 [Monitoring] INFO  com.polarion.platform.monitoring - Executing action 'system.info.disk.data.free'
2026-06-23 10:22:30,074 [Monitoring] INFO  com.polarion.platform.monitoring - system.info.disk.data.free (Free data disk '/opt/polarion/data' space) = Disk Space 
20.12 GB
 [Tue Jun 23 10:22:30 CEST 2026]
2026-06-23 10:22:30,077 [Monitoring] INFO  com.polarion.platform.monitoring - Executing action 'system.info.garbageCollector.full.cycles'
2026-06-23 10:22:30,077 [Monitoring] INFO  com.polarion.platform.monitoring - system.info.garbageCollector.full.cycles (Full Garbage Collector cycles) = Full Garbage Collector cycles 
Full GC cycles: 0; Time: 0.0 s.
 [Tue Jun 23 10:22:30 CEST 2026]
2026-06-23 10:22:30,080 [Monitoring] INFO  com.polarion.platform.monitoring - Executing action 'system.info.garbageCollector.normal.cycles'
2026-06-23 10:22:30,080 [Monitoring] INFO  com.polarion.platform.monitoring - system.info.garbageCollector.normal.cycles (Normal Garbage Collector cycles) = Normal Garbage Collector cycles 
Normal GC cycles: 18; Time: 0.416 s.
 [Tue Jun 23 10:22:30 CEST 2026]
2026-06-23 10:22:30,083 [Monitoring] INFO  com.polarion.platform.monitoring - Executing action 'system.info.memory.nonheap.free'
2026-06-23 10:22:30,083 [Monitoring] INFO  com.polarion.platform.monitoring - system.info.memory.nonheap.free (Free non-heap memory) = Java Metaspace Memory 
Unlimited
 [Tue Jun 23 10:22:30 CEST 2026]
2026-06-23 10:22:30,086 [Monitoring] INFO  com.polarion.platform.monitoring - Executing action 'system.info.memory.oldGen.free'
2026-06-23 10:22:30,086 [Monitoring] INFO  com.polarion.platform.monitoring - system.info.memory.oldGen.free (Free Old Gen memory after GC) = Java Heap Memory 
Old Gen pool has  94.18% memory free after GC.
 [Tue Jun 23 10:22:30 CEST 2026]
2026-06-23 10:22:30,090 [Monitoring] INFO  com.polarion.platform.monitoring - Finished with actions from stage PERIODIC: {OK=6}
2026-06-23 10:32:28,974 [taskScheduler-2] INFO  (SECURITY) com.siemens.polarion.secrets.manager.vault.providers.impl.FileBackedVaultProvider - [ENC-0004] - Read secret with key: polarion.rt.repo.encrypt.decrypt.key
2026-06-23 10:32:28,981 [taskScheduler-2] INFO  (SECURITY) com.siemens.polarion.secrets.manager.vault.providers.impl.FileBackedVaultProvider - [ENC-0004] - Read secret with key: polarion.rt.repo.encrypt.decrypt.key
2026-06-23 10:32:30,069 [Monitoring] INFO  com.polarion.platform.monitoring - Executing actions from stage PERIODIC with speed FAST
2026-06-23 10:32:30,069 [Monitoring] INFO  com.polarion.platform.monitoring - Executing action 'polarion.sso.statistics'
2026-06-23 10:32:30,069 [Monitoring] INFO  com.polarion.platform.monitoring - polarion.sso.statistics (Statistics of all active sso sessions) = Statistics of logged users 
Logged active users:0
 [Tue Jun 23 10:32:30 CEST 2026]
2026-06-23 10:32:30,074 [Monitoring] INFO  com.polarion.platform.monitoring - Executing action 'system.info.disk.data.free'
2026-06-23 10:32:30,074 [Monitoring] INFO  com.polarion.platform.monitoring - system.info.disk.data.free (Free data disk '/opt/polarion/data' space) = Disk Space 
20.12 GB
 [Tue Jun 23 10:32:30 CEST 2026]
2026-06-23 10:32:30,078 [Monitoring] INFO  com.polarion.platform.monitoring - Executing action 'system.info.garbageCollector.full.cycles'
2026-06-23 10:32:30,078 [Monitoring] INFO  com.polarion.platform.monitoring - system.info.garbageCollector.full.cycles (Full Garbage Collector cycles) = Full Garbage Collector cycles 
Full GC cycles: 0; Time: 0.0 s.
 [Tue Jun 23 10:32:30 CEST 2026]
2026-06-23 10:32:30,083 [Monitoring] INFO  com.polarion.platform.monitoring - Executing action 'system.info.garbageCollector.normal.cycles'
2026-06-23 10:32:30,083 [Monitoring] INFO  com.polarion.platform.monitoring - system.info.garbageCollector.normal.cycles (Normal Garbage Collector cycles) = Normal Garbage Collector cycles 
Normal GC cycles: 18; Time: 0.416 s.
 [Tue Jun 23 10:32:30 CEST 2026]
2026-06-23 10:32:30,088 [Monitoring] INFO  com.polarion.platform.monitoring - Executing action 'system.info.memory.nonheap.free'
2026-06-23 10:32:30,088 [Monitoring] INFO  com.polarion.platform.monitoring - system.info.memory.nonheap.free (Free non-heap memory) = Java Metaspace Memory 
Unlimited
 [Tue Jun 23 10:32:30 CEST 2026]
2026-06-23 10:32:30,091 [Monitoring] INFO  com.polarion.platform.monitoring - Executing action 'system.info.memory.oldGen.free'
2026-06-23 10:32:30,091 [Monitoring] INFO  com.polarion.platform.monitoring - system.info.memory.oldGen.free (Free Old Gen memory after GC) = Java Heap Memory 
Old Gen pool has  94.18% memory free after GC.
 [Tue Jun 23 10:32:30 CEST 2026]
2026-06-23 10:32:30,093 [Monitoring] INFO  com.polarion.platform.monitoring - Finished with actions from stage PERIODIC: {OK=6}
2026-06-23 10:42:06,771 [ajp-nio-127.0.0.1-8889-exec-1 | cID:AAAAyg] INFO  TXLOGGER - Summary for 'servlet /polarion/mxgraph/js/app.min.js': Total: 0.706 s, CPU [system: 0.00677 s], Allocated memory: 82.7 kB, transactions: 0
2026-06-23 10:42:07,271 [ajp-nio-127.0.0.1-8889-exec-5 | cID:AAAAzw] INFO  TXLOGGER - Summary for 'servlet /polarion/mxgraph/js/stencils.min.js': Total: 0.989 s, CPU [user: 0.01 s], Allocated memory: 76.4 kB, transactions: 0
2026-06-23 10:42:15,436 [ajp-nio-127.0.0.1-8889-exec-2 | cID:AAABcA | u:p] INFO  (SECURITY) com.polarion.platform.internal.security.auth.LoginFlowUserPassword - [AUTH-0001] - User 'admin' authenticated. Source: portal/UNSET.
2026-06-23 10:42:15,445 [ajp-nio-127.0.0.1-8889-exec-2 | cID:AAABcA] INFO  (SECURITY) com.polarion.alm.projects.internal.PasswordLoginManager - [AUTH-0001] - User 'admin' logged in by 'Password' mechanism. Source: portal/UNSET.
2026-06-23 10:42:15,447 [ajp-nio-127.0.0.1-8889-exec-2 | cID:AAABcA] INFO  PolarionLicensing - STATS:concurrentALMUser,current:1,peak:1,limit:120000
2026-06-23 10:42:15,798 [ajp-nio-127.0.0.1-8889-exec-7 | cID:AAABcg | u:p] INFO  (SECURITY) com.polarion.platform.internal.security.auth.LoginFlowUserPassword - [AUTH-0001] - User 'admin' authenticated. Source: portal/UNSET.
2026-06-23 10:42:15,801 [ajp-nio-127.0.0.1-8889-exec-7 | cID:AAABcg] INFO  (SECURITY) com.polarion.alm.projects.internal.PasswordLoginManager - [AUTH-0001] - User 'admin' logged in by 'Password' mechanism. Source: portal/UNSET.
2026-06-23 10:42:15,801 [ajp-nio-127.0.0.1-8889-exec-7 | cID:AAABcg] INFO  PolarionLicensing - STATS:concurrentALMUser,current:1,peak:1,limit:120000
2026-06-23 10:42:15,934 [ajp-nio-127.0.0.1-8889-exec-7 | cID:AAABcg] INFO  PolarionLicensing - User 'admin' logged in with concurrent ALM
2026-06-23 10:42:15,934 [ajp-nio-127.0.0.1-8889-exec-2 | cID:AAABcA] INFO  PolarionLicensing - User 'admin' logged in with concurrent ALM
2026-06-23 10:42:15,936 [ajp-nio-127.0.0.1-8889-exec-2 | cID:AAABcA] INFO  TXLOGGER - Summary for 'servlet /polarion/j_security_check': Total: 0.514 s, CPU [user: 0.03 s], Allocated memory: 2.4 MB, transactions: 3, PolarionAuthenticator: 0.514 s [100% authenticate (1x)] (1x), SaltLicense: 0.488 s [100% userLoggedIn (1x)] (1x)
2026-06-23 10:42:15,938 [ajp-nio-127.0.0.1-8889-exec-7 | cID:AAABcg] INFO  TXLOGGER - Summary for 'servlet /polarion/j_security_check': Total: 0.143 s, CPU [user: 0.01 s], Allocated memory: 713.7 kB, transactions: 1, PolarionAuthenticator: 0.14 s [100% authenticate (1x)] (1x), SaltLicense: 0.134 s [100% userLoggedIn (1x)] (1x)
2026-06-23 10:42:16,252 [ajp-nio-127.0.0.1-8889-exec-4 | cID:AAABcw] INFO  TXLOGGER - Summary for 'servlet /polarion/': Total: 0.129 s, CPU [user: 0.07 s, system: 0.00221 s], Allocated memory: 12.1 MB, transactions: 0
2026-06-23 10:42:20,730 [ajp-nio-127.0.0.1-8889-exec-8 | cID:AAACNQ] INFO  TXLOGGER - Summary for 'servlet /polarion/gwt/com.polarion.UI/279626CE08DC7FA41ABE45CD403ABA6B.cache.js': Total: 0.18 s, CPU [system: 0.00468 s], Allocated memory: 146.4 kB, transactions: 0
2026-06-23 10:42:22,595 [ajp-nio-127.0.0.1-8889-exec-3 | cID:AAACPg | u:admin] INFO  com.polarion.alm.tracker.internal.LicenseLimitsUpdater - Current license type: ALM. License limited prototypes: false. 
2026-06-23 10:42:22,729 [ajp-nio-127.0.0.1-8889-exec-3 | cID:AAACPg | u:admin] INFO  com.polarion.alm.tracker.ai.internal.LlmRegistry - Registered LLM provider with id 'azure': com.polarion.alm.tracker.ai.internal.azure.AzureLlmProvider
2026-06-23 10:42:22,730 [ajp-nio-127.0.0.1-8889-exec-3 | cID:AAACPg | u:admin] INFO  com.polarion.alm.tracker.ai.internal.LlmRegistry - Reconfiguring LLM registry...
2026-06-23 10:42:22,731 [ajp-nio-127.0.0.1-8889-exec-3 | cID:AAACPg | u:admin] INFO  com.polarion.alm.tracker.ai.internal.LlmRegistry - Reconfigured LLM registry with available models: []
2026-06-23 10:42:22,747 [ajp-nio-127.0.0.1-8889-exec-3 | cID:AAACPg | u:admin] INFO  com.polarion.alm.ui.server.diagrams.internal.DiagramEditorsRegistry - Registered diagram editor mxg (com.polarion.alm.ui.diagrams.mxgraph.internal.MxGraphDiagramEditor)
2026-06-23 10:42:22,752 [ajp-nio-127.0.0.1-8889-exec-3 | cID:AAACPg | u:admin] INFO  TXLOGGER - Tx 67bce944f3969_0_67bce944f3969_0_: finished. Total: 0.209 s, CPU [user: 0.07 s, system: 0.00525 s], Allocated memory: 14.5 MB
2026-06-23 10:42:22,763 [ajp-nio-127.0.0.1-8889-exec-3 | cID:AAACPg] INFO  TXLOGGER - Summary for 'servlet /polarion/gwt/com.polarion.UI/PortalDataService': Total: 0.328 s, CPU [user: 0.17 s, system: 0.0142 s], Allocated memory: 26.0 MB, transactions: 1, PortalDataService: 0.209 s [100% getInitData (1x)] (1x), RPC: 0.0893 s [87% decodeRequest (1x)] (4x)
2026-06-23 10:42:22,968 [ajp-nio-127.0.0.1-8889-exec-7 | cID:AAACQg] WARN  com.polarion.portal.tomcat.servlets.HttpHeadersFilterMonitor - Attempt to override header: 'Cache-Control' to value: 'public, max-age=31536000, immutable', but header should be managed by Polarion, caller: 'com.polarion.alm.server.LocalizationServlet'
2026-06-23 10:42:23,414 [ajp-nio-127.0.0.1-8889-exec-2 | cID:AAACSg] WARN  com.polarion.portal.tomcat.servlets.HttpHeadersFilterMonitor - Attempt to override header: 'Cache-Control' to value: 'public, max-age=31536000, immutable', but header should be managed by Polarion, caller: 'com.polarion.alm.server.LocalizationServlet'
2026-06-23 10:42:23,439 [ajp-nio-127.0.0.1-8889-exec-5 | cID:AAACSQ | u:admin] INFO  TXLOGGER - Tx 67bce945b796b_0_67bce945b796b_0_: finished. Total: 0.112 s, CPU [user: 0.05 s, system: 0.0111 s], Allocated memory: 4.4 MB, svn: 0.0632 s [99% info (13x)] (17x)
2026-06-23 10:42:23,460 [ajp-nio-127.0.0.1-8889-exec-5 | cID:AAACSQ] INFO  TXLOGGER - Summary for 'servlet /polarion/gwt/com.polarion.UI/PortalDataService': Total: 0.142 s, CPU [user: 0.07 s, system: 0.00792 s], Allocated memory: 6.2 MB, transactions: 1, PortalDataService: 0.113 s [100% requestPortalSite (1x)] (1x), svn: 0.0632 s [99% info (13x)] (17x), RPC: 0.026 s [50% writeResponse (1x), 32% encodeResponse (1x)] (4x)
2026-06-23 10:42:23,703 [ajp-nio-127.0.0.1-8889-exec-7 | cID:AAACTQ] INFO  TXLOGGER - Summary for 'servlet /polarion/gwt/com.polarion.UI/UniversalService': Total: 0.214 s, CPU [user: 0.2 s, system: 0.00659 s], Allocated memory: 20.0 MB, transactions: 1, RPC: 0.208 s [100% decodeRequest (1x)] (4x)
2026-06-23 10:42:25,767 [ajp-nio-127.0.0.1-8889-exec-9 | cID:AAACgQ | u:admin | i:/_default/Home] INFO  TXLOGGER - Tx 67bce947e5573_0_67bce947e5573_0_: finished. Total: 0.21 s, CPU [user: 0.18 s, system: 0.00272 s], Allocated memory: 14.4 MB
2026-06-23 10:42:25,793 [ajp-nio-127.0.0.1-8889-exec-9 | cID:AAACgQ | u:admin] INFO  RPC - "0.290","Load Rich Page for preview","/_default/Home (null, 1)"
2026-06-23 10:42:25,793 [ajp-nio-127.0.0.1-8889-exec-9 | cID:AAACgQ] INFO  TXLOGGER - Summary for 'servlet /polarion/gwt/com.polarion.UI/UniversalService': Total: 0.29 s, CPU [user: 0.23 s, system: 0.00832 s], Allocated memory: 22.8 MB, transactions: 1, RpeModel: 0.211 s [100% initialize (1x)] (1x), RPC: 0.0774 s [67% decodeRequest (1x), 32% encodeResponse (1x)] (4x)
2026-06-23 10:42:26,104 [ajp-nio-127.0.0.1-8889-exec-3 | cID:AAAClw | u:admin] INFO  RPC - "0.050","Render Widget for preview","/_default/Home (null, 1)/com.polarion.scriptBlock/polarion_client11"
2026-06-23 10:42:26,108 [ajp-nio-127.0.0.1-8889-exec-9 | cID:AAACmQ | u:admin] INFO  RPC - "0.043","Render Widget for preview","/_default/Home (null, 1)/com.polarion.scriptInline/polarion_wiki macro name=table;params=header=no|border=no|padding=0px|uid=client28_iw_1"
2026-06-23 10:42:26,191 [ajp-nio-127.0.0.1-8889-exec-1 | cID:AAACnA | u:admin] INFO  RPC - "0.006","Render Widget for preview","/_default/Home (null, 1)/com.polarion.scriptInline/polarion_wiki macro name=table;params=header=no|border=no|padding=0px|uid=client28_iw_2"
2026-06-23 10:42:26,245 [ajp-nio-127.0.0.1-8889-exec-2 | cID:AAACng | u:admin] INFO  RPC - "0.006","Render Widget for preview","/_default/Home (null, 1)/com.polarion.scriptBlock/polarion_client45"
2026-06-23 10:42:26,249 [ajp-nio-127.0.0.1-8889-exec-5 | cID:AAACnQ | u:admin] INFO  RPC - "0.013","Render Widget for preview","/_default/Home (null, 1)/com.polarion.scriptInline/polarion_wiki macro name=table;params=header=no|border=no|padding=0px|uid=client28_iw_3"
2026-06-23 10:42:27,662 [ajp-nio-127.0.0.1-8889-exec-4 | cID:AAACtg | u:admin] INFO  RPC - "0.052","Load Rich Page for preview","/_default/Home (null, 1)"
2026-06-23 10:42:29,923 [ajp-nio-127.0.0.1-8889-exec-10 | cID:AAACyw | u:admin] INFO  RPC - "0.007","Render Widget for preview","/_default/Home (null, 1)/com.polarion.scriptBlock/polarion_client45"
2026-06-23 10:42:29,923 [ajp-nio-127.0.0.1-8889-exec-9 | cID:AAACyQ | u:admin] INFO  RPC - "0.016","Render Widget for preview","/_default/Home (null, 1)/com.polarion.scriptInline/polarion_wiki macro name=table;params=header=no|border=no|padding=0px|uid=client28_iw_2"
2026-06-23 10:42:29,924 [ajp-nio-127.0.0.1-8889-exec-1 | cID:AAACxw | u:admin] INFO  RPC - "0.020","Render Widget for preview","/_default/Home (null, 1)/com.polarion.scriptBlock/polarion_client11"
2026-06-23 10:42:29,927 [ajp-nio-127.0.0.1-8889-exec-4 | cID:AAACyg | u:admin] INFO  RPC - "0.015","Render Widget for preview","/_default/Home (null, 1)/com.polarion.scriptInline/polarion_wiki macro name=table;params=header=no|border=no|padding=0px|uid=client28_iw_3"
2026-06-23 10:42:29,933 [ajp-nio-127.0.0.1-8889-exec-6 | cID:AAACyA | u:admin] INFO  RPC - "0.029","Render Widget for preview","/_default/Home (null, 1)/com.polarion.scriptInline/polarion_wiki macro name=table;params=header=no|border=no|padding=0px|uid=client28_iw_1"
2026-06-23 10:42:30,070 [Monitoring] INFO  com.polarion.platform.monitoring - Executing actions from stage PERIODIC with speed FAST
2026-06-23 10:42:30,070 [Monitoring] INFO  com.polarion.platform.monitoring - Executing action 'polarion.sso.statistics'
2026-06-23 10:42:30,070 [Monitoring] INFO  com.polarion.platform.monitoring - polarion.sso.statistics (Statistics of all active sso sessions) = Statistics of logged users 
Logged active users:1
 [Tue Jun 23 10:42:30 CEST 2026]
2026-06-23 10:42:30,075 [Monitoring] INFO  com.polarion.platform.monitoring - Executing action 'system.info.disk.data.free'
2026-06-23 10:42:30,075 [Monitoring] INFO  com.polarion.platform.monitoring - system.info.disk.data.free (Free data disk '/opt/polarion/data' space) = Disk Space 
20.11 GB
 [Tue Jun 23 10:42:30 CEST 2026]
2026-06-23 10:42:30,078 [Monitoring] INFO  com.polarion.platform.monitoring - Executing action 'system.info.garbageCollector.full.cycles'
2026-06-23 10:42:30,078 [Monitoring] INFO  com.polarion.platform.monitoring - system.info.garbageCollector.full.cycles (Full Garbage Collector cycles) = Full Garbage Collector cycles 
Full GC cycles: 0; Time: 0.0 s.
 [Tue Jun 23 10:42:30 CEST 2026]
2026-06-23 10:42:30,081 [Monitoring] INFO  com.polarion.platform.monitoring - Executing action 'system.info.garbageCollector.normal.cycles'
2026-06-23 10:42:30,081 [Monitoring] INFO  com.polarion.platform.monitoring - system.info.garbageCollector.normal.cycles (Normal Garbage Collector cycles) = Normal Garbage Collector cycles 
Normal GC cycles: 18; Time: 0.416 s.
 [Tue Jun 23 10:42:30 CEST 2026]
2026-06-23 10:42:30,084 [Monitoring] INFO  com.polarion.platform.monitoring - Executing action 'system.info.memory.nonheap.free'
2026-06-23 10:42:30,084 [Monitoring] INFO  com.polarion.platform.monitoring - system.info.memory.nonheap.free (Free non-heap memory) = Java Metaspace Memory 
Unlimited
 [Tue Jun 23 10:42:30 CEST 2026]
2026-06-23 10:42:30,088 [Monitoring] INFO  com.polarion.platform.monitoring - Executing action 'system.info.memory.oldGen.free'
2026-06-23 10:42:30,088 [Monitoring] INFO  com.polarion.platform.monitoring - system.info.memory.oldGen.free (Free Old Gen memory after GC) = Java Heap Memory 
Old Gen pool has  94.18% memory free after GC.
 [Tue Jun 23 10:42:30 CEST 2026]
2026-06-23 10:42:30,091 [Monitoring] INFO  com.polarion.platform.monitoring - Finished with actions from stage PERIODIC: {OK=6}
2026-06-23 10:42:36,811 [ajp-nio-127.0.0.1-8889-exec-6 | cID:AAAC1Q] INFO  PolarionLicensing - User 'admin' logged out with concurrent ALM
2026-06-23 10:42:36,811 [ajp-nio-127.0.0.1-8889-exec-6 | cID:AAAC1Q] INFO  (SECURITY) com.polarion.platform.session.SsoUserRegistry - [AUTH-0009] - Session invalidated for user 'admin'.
2026-06-23 10:42:36,812 [ajp-nio-127.0.0.1-8889-exec-6 | cID:AAAC1Q] INFO  PolarionLicensing - User 'admin' logged out with concurrent ALM
2026-06-23 10:42:36,812 [ajp-nio-127.0.0.1-8889-exec-6 | cID:AAAC1Q] INFO  (SECURITY) com.polarion.platform.session.SsoUserRegistry - [AUTH-0009] - Session invalidated for user 'admin'.
2026-06-23 10:42:36,812 [ajp-nio-127.0.0.1-8889-exec-6 | cID:AAAC1Q] INFO  (SECURITY) com.polarion.platform.session.PolarionLocalSingleSignOn - [AUTH-0009] - User 'admin' logged out.
2026-06-23 10:44:03,646 [ajp-nio-127.0.0.1-8889-exec-9 | cID:AAAC5g | u:p] INFO  (SECURITY) com.polarion.platform.internal.security.auth.LoginFlowUserPassword - [AUTH-0001] - User 'admin' authenticated. Source: portal/UNSET.
2026-06-23 10:44:03,648 [ajp-nio-127.0.0.1-8889-exec-9 | cID:AAAC5g] INFO  (SECURITY) com.polarion.alm.projects.internal.PasswordLoginManager - [AUTH-0001] - User 'admin' logged in by 'Password' mechanism. Source: portal/UNSET.
2026-06-23 10:44:03,649 [ajp-nio-127.0.0.1-8889-exec-9 | cID:AAAC5g] INFO  PolarionLicensing - STATS:concurrentALMUser,current:1,peak:1,limit:120000
2026-06-23 10:44:04,048 [ajp-nio-127.0.0.1-8889-exec-9 | cID:AAAC5g] INFO  PolarionLicensing - User 'admin' logged in with concurrent ALM
2026-06-23 10:44:04,049 [ajp-nio-127.0.0.1-8889-exec-9 | cID:AAAC5g] INFO  TXLOGGER - Summary for 'servlet /polarion/j_security_check': Total: 0.405 s, CPU [user: 0.01 s], Allocated memory: 779.1 kB, transactions: 1, PolarionAuthenticator: 0.405 s [100% authenticate (1x)] (1x), SaltLicense: 0.4 s [100% userLoggedIn (1x)] (1x)
2026-06-23 10:44:04,117 [ajp-nio-127.0.0.1-8889-exec-4 | cID:AAAC6A | u:p] INFO  (SECURITY) com.polarion.platform.internal.security.auth.LoginFlowUserPassword - [AUTH-0001] - User 'admin' authenticated. Source: portal/UNSET.
2026-06-23 10:44:04,118 [ajp-nio-127.0.0.1-8889-exec-4 | cID:AAAC6A] INFO  (SECURITY) com.polarion.alm.projects.internal.PasswordLoginManager - [AUTH-0001] - User 'admin' logged in by 'Password' mechanism. Source: portal/UNSET.
2026-06-23 10:44:04,118 [ajp-nio-127.0.0.1-8889-exec-4 | cID:AAAC6A] INFO  PolarionLicensing - STATS:concurrentALMUser,current:1,peak:1,limit:120000
2026-06-23 10:44:04,118 [ajp-nio-127.0.0.1-8889-exec-4 | cID:AAAC6A] INFO  PolarionLicensing - User 'admin' logged in with concurrent ALM
2026-06-23 10:44:05,600 [ajp-nio-127.0.0.1-8889-exec-4 | cID:AAAC8g | u:admin] INFO  TXLOGGER - Tx 67bce9a978187_0_67bce9a978187_0_: finished. Total: 0.128 s, CPU [system: 0.00308 s], Allocated memory: 150.8 kB
2026-06-23 10:44:05,602 [ajp-nio-127.0.0.1-8889-exec-4 | cID:AAAC8g] INFO  TXLOGGER - Summary for 'servlet /polarion/gwt/com.polarion.UI/PortalDataService': Total: 0.132 s, CPU [user: 0.01 s], Allocated memory: 646.7 kB, transactions: 1, PortalDataService: 0.128 s [100% getInitData (1x)] (1x)
2026-06-23 10:44:06,288 [ajp-nio-127.0.0.1-8889-exec-1 | cID:AAAC-g | u:admin] INFO  RPC - "0.032","Load Rich Page for preview","/_default/Home (null, 1)"
2026-06-23 10:44:06,544 [ajp-nio-127.0.0.1-8889-exec-9 | cID:AAADBA | u:admin] INFO  RPC - "0.007","Render Widget for preview","/_default/Home (null, 1)/com.polarion.scriptBlock/polarion_client11"
2026-06-23 10:44:06,602 [ajp-nio-127.0.0.1-8889-exec-1 | cID:AAADBw | u:admin] INFO  RPC - "0.013","Render Widget for preview","/_default/Home (null, 1)/com.polarion.scriptInline/polarion_wiki macro name=table;params=header=no|border=no|padding=0px|uid=client28_iw_1"
2026-06-23 10:44:06,715 [ajp-nio-127.0.0.1-8889-exec-8 | cID:AAADCA | u:admin] INFO  RPC - "0.006","Render Widget for preview","/_default/Home (null, 1)/com.polarion.scriptInline/polarion_wiki macro name=table;params=header=no|border=no|padding=0px|uid=client28_iw_2"
2026-06-23 10:44:06,736 [ajp-nio-127.0.0.1-8889-exec-3 | cID:AAADCQ | u:admin] INFO  RPC - "0.006","Render Widget for preview","/_default/Home (null, 1)/com.polarion.scriptInline/polarion_wiki macro name=table;params=header=no|border=no|padding=0px|uid=client28_iw_3"
2026-06-23 10:44:06,737 [ajp-nio-127.0.0.1-8889-exec-7 | cID:AAADCg | u:admin] INFO  RPC - "0.004","Render Widget for preview","/_default/Home (null, 1)/com.polarion.scriptBlock/polarion_client45"
2026-06-23 10:44:06,913 [ajp-nio-127.0.0.1-8889-exec-9 | cID:AAADDg | u:admin] INFO  RPC - "0.052","Load Rich Page for preview","/_default/Home (null, 1)"
2026-06-23 10:44:07,195 [ajp-nio-127.0.0.1-8889-exec-1 | cID:AAADGg | u:admin] INFO  RPC - "0.008","Render Widget for preview","/_default/Home (null, 1)/com.polarion.scriptBlock/polarion_client11"
2026-06-23 10:44:07,206 [ajp-nio-127.0.0.1-8889-exec-8 | cID:AAADGw | u:admin] INFO  RPC - "0.007","Render Widget for preview","/_default/Home (null, 1)/com.polarion.scriptInline/polarion_wiki macro name=table;params=header=no|border=no|padding=0px|uid=client28_iw_1"
2026-06-23 10:44:07,259 [ajp-nio-127.0.0.1-8889-exec-9 | cID:AAADHA | u:admin] INFO  RPC - "0.006","Render Widget for preview","/_default/Home (null, 1)/com.polarion.scriptInline/polarion_wiki macro name=table;params=header=no|border=no|padding=0px|uid=client28_iw_2"
2026-06-23 10:44:07,357 [ajp-nio-127.0.0.1-8889-exec-3 | cID:AAADHQ | u:admin] INFO  RPC - "0.006","Render Widget for preview","/_default/Home (null, 1)/com.polarion.scriptBlock/polarion_client45"
2026-06-23 10:44:07,548 [ajp-nio-127.0.0.1-8889-exec-6 | cID:AAADIQ | u:admin] INFO  RPC - "0.006","Render Widget for preview","/_default/Home (null, 1)/com.polarion.scriptInline/polarion_wiki macro name=table;params=header=no|border=no|padding=0px|uid=client28_iw_3"
2026-06-23 10:45:52,340 [ajp-nio-127.0.0.1-8889-exec-8 | cID:AAADJQ] INFO  PolarionLicensing - User 'admin' logged out with concurrent ALM
2026-06-23 10:45:52,341 [ajp-nio-127.0.0.1-8889-exec-8 | cID:AAADJQ] INFO  (SECURITY) com.polarion.platform.session.SsoUserRegistry - [AUTH-0009] - Session invalidated for user 'admin'.
2026-06-23 10:45:52,344 [ajp-nio-127.0.0.1-8889-exec-8 | cID:AAADJQ] INFO  PolarionLicensing - User 'admin' logged out with concurrent ALM
2026-06-23 10:45:52,344 [ajp-nio-127.0.0.1-8889-exec-8 | cID:AAADJQ] INFO  (SECURITY) com.polarion.platform.session.SsoUserRegistry - [AUTH-0009] - Session invalidated for user 'admin'.
2026-06-23 10:45:52,344 [ajp-nio-127.0.0.1-8889-exec-8 | cID:AAADJQ] INFO  (SECURITY) com.polarion.platform.session.PolarionLocalSingleSignOn - [AUTH-0009] - User 'admin' logged out.
2026-06-23 10:47:49,584 [ajp-nio-127.0.0.1-8889-exec-6 | cID:AAADNQ | u:p] INFO  (SECURITY) com.polarion.platform.internal.security.auth.LoginFlowUserPassword - [AUTH-0001] - User 'admin' authenticated. Source: portal/UNSET.
2026-06-23 10:47:49,586 [ajp-nio-127.0.0.1-8889-exec-6 | cID:AAADNQ] INFO  (SECURITY) com.polarion.alm.projects.internal.PasswordLoginManager - [AUTH-0001] - User 'admin' logged in by 'Password' mechanism. Source: portal/UNSET.
2026-06-23 10:47:49,587 [ajp-nio-127.0.0.1-8889-exec-6 | cID:AAADNQ] INFO  PolarionLicensing - STATS:concurrentALMUser,current:1,peak:1,limit:120000
2026-06-23 10:47:49,657 [ajp-nio-127.0.0.1-8889-exec-2 | cID:AAADNg] WARN  com.polarion.platform.security.auth.PolarionAuthenticator - Attempt to login without CSRF token. 
POST request to /j_security_check from 139.10.4.227:41324 
 Field token:  C7DC12D06CAE68F348E414D98DFEF5C5
 Cookie token: CFB0618E34BC169802D557BABFBF7BC9
2026-06-23 10:47:50,626 [ajp-nio-127.0.0.1-8889-exec-6 | cID:AAADNQ] INFO  PolarionLicensing - User 'admin' logged in with concurrent ALM
2026-06-23 10:47:50,626 [ajp-nio-127.0.0.1-8889-exec-6 | cID:AAADNQ] INFO  TXLOGGER - Summary for 'servlet /polarion/j_security_check': Total: 1.05 s, CPU [system: 0.00448 s], Allocated memory: 756.0 kB, transactions: 1, PolarionAuthenticator: 1.05 s [100% authenticate (1x)] (1x), SaltLicense: 1.04 s [100% userLoggedIn (1x)] (1x)
2026-06-23 10:47:52,286 [ajp-nio-127.0.0.1-8889-exec-1 | cID:AAADQA | u:admin] INFO  TXLOGGER - Tx 67bcea86d39a0_0_67bcea86d39a0_0_: finished. Total: 0.144 s, CPU [system: 0.00247 s], Allocated memory: 150.5 kB
2026-06-23 10:47:52,287 [ajp-nio-127.0.0.1-8889-exec-1 | cID:AAADQA] INFO  TXLOGGER - Summary for 'servlet /polarion/gwt/com.polarion.UI/PortalDataService': Total: 0.148 s, CPU [system: 0.00617 s], Allocated memory: 574.7 kB, transactions: 1, PortalDataService: 0.145 s [100% getInitData (1x)] (1x)
2026-06-23 10:47:53,188 [ajp-nio-127.0.0.1-8889-exec-5 | cID:AAADRg | u:admin] INFO  RPC - "0.043","Load Rich Page for preview","/_default/Home (null, 1)"
2026-06-23 10:47:53,488 [ajp-nio-127.0.0.1-8889-exec-3 | cID:AAADTw | u:admin] INFO  RPC - "0.011","Render Widget for preview","/_default/Home (null, 1)/com.polarion.scriptBlock/polarion_client11"
2026-06-23 10:47:53,488 [ajp-nio-127.0.0.1-8889-exec-6 | cID:AAADTg | u:admin] INFO  RPC - "0.011","Render Widget for preview","/_default/Home (null, 1)/com.polarion.scriptInline/polarion_wiki macro name=table;params=header=no|border=no|padding=0px|uid=client28_iw_1"
2026-06-23 10:47:53,551 [ajp-nio-127.0.0.1-8889-exec-7 | cID:AAADUQ | u:admin] INFO  RPC - "0.005","Render Widget for preview","/_default/Home (null, 1)/com.polarion.scriptBlock/polarion_client45"
2026-06-23 10:47:53,551 [ajp-nio-127.0.0.1-8889-exec-2 | cID:AAADUg | u:admin] INFO  RPC - "0.005","Render Widget for preview","/_default/Home (null, 1)/com.polarion.scriptInline/polarion_wiki macro name=table;params=header=no|border=no|padding=0px|uid=client28_iw_3"
2026-06-23 10:47:53,551 [ajp-nio-127.0.0.1-8889-exec-10 | cID:AAADUA | u:admin] INFO  RPC - "0.011","Render Widget for preview","/_default/Home (null, 1)/com.polarion.scriptInline/polarion_wiki macro name=table;params=header=no|border=no|padding=0px|uid=client28_iw_2"
2026-06-23 10:47:58,545 [ajp-nio-127.0.0.1-8889-exec-6 | cID:AAADWQ] INFO  PolarionLicensing - User 'admin' logged out with concurrent ALM
2026-06-23 10:47:58,545 [ajp-nio-127.0.0.1-8889-exec-6 | cID:AAADWQ] INFO  (SECURITY) com.polarion.platform.session.SsoUserRegistry - [AUTH-0009] - Session invalidated for user 'admin'.
2026-06-23 10:47:58,545 [ajp-nio-127.0.0.1-8889-exec-6 | cID:AAADWQ] INFO  (SECURITY) com.polarion.platform.session.PolarionLocalSingleSignOn - [AUTH-0009] - User 'admin' logged out.
2026-06-23 10:47:58,545 [ajp-nio-127.0.0.1-8889-exec-6 | cID:AAADWQ] INFO  TXLOGGER - Summary for 'servlet /polarion/login/logout': Total: 0.369 s, CPU [system: 0.00105 s], Allocated memory: 27.9 kB, transactions: 0, SaltLicense: 0.368 s [100% userLoggedOut (1x)] (1x)
2026-06-23 10:52:30,070 [Monitoring] INFO  com.polarion.platform.monitoring - Executing actions from stage PERIODIC with speed FAST
2026-06-23 10:52:30,071 [Monitoring] INFO  com.polarion.platform.monitoring - Executing action 'polarion.sso.statistics'
2026-06-23 10:52:30,071 [Monitoring] INFO  com.polarion.platform.monitoring - polarion.sso.statistics (Statistics of all active sso sessions) = Statistics of logged users 
Logged active users:0
 [Tue Jun 23 10:52:30 CEST 2026]
2026-06-23 10:52:30,076 [Monitoring] INFO  com.polarion.platform.monitoring - Executing action 'system.info.disk.data.free'
2026-06-23 10:52:30,076 [Monitoring] INFO  com.polarion.platform.monitoring - system.info.disk.data.free (Free data disk '/opt/polarion/data' space) = Disk Space 
20.11 GB
 [Tue Jun 23 10:52:30 CEST 2026]
2026-06-23 10:52:30,079 [Monitoring] INFO  com.polarion.platform.monitoring - Executing action 'system.info.garbageCollector.full.cycles'
2026-06-23 10:52:30,079 [Monitoring] INFO  com.polarion.platform.monitoring - system.info.garbageCollector.full.cycles (Full Garbage Collector cycles) = Full Garbage Collector cycles 
Full GC cycles: 0; Time: 0.0 s.
 [Tue Jun 23 10:52:30 CEST 2026]
2026-06-23 10:52:30,089 [Monitoring] INFO  com.polarion.platform.monitoring - Executing action 'system.info.garbageCollector.normal.cycles'
2026-06-23 10:52:30,089 [Monitoring] INFO  com.polarion.platform.monitoring - system.info.garbageCollector.normal.cycles (Normal Garbage Collector cycles) = Normal Garbage Collector cycles 
Normal GC cycles: 18; Time: 0.416 s.
 [Tue Jun 23 10:52:30 CEST 2026]
2026-06-23 10:52:30,093 [Monitoring] INFO  com.polarion.platform.monitoring - Executing action 'system.info.memory.nonheap.free'
2026-06-23 10:52:30,093 [Monitoring] INFO  com.polarion.platform.monitoring - system.info.memory.nonheap.free (Free non-heap memory) = Java Metaspace Memory 
Unlimited
 [Tue Jun 23 10:52:30 CEST 2026]
2026-06-23 10:52:30,096 [Monitoring] INFO  com.polarion.platform.monitoring - Executing action 'system.info.memory.oldGen.free'
2026-06-23 10:52:30,096 [Monitoring] INFO  com.polarion.platform.monitoring - system.info.memory.oldGen.free (Free Old Gen memory after GC) = Java Heap Memory 
Old Gen pool has  94.18% memory free after GC.
 [Tue Jun 23 10:52:30 CEST 2026]
2026-06-23 10:52:30,099 [Monitoring] INFO  com.polarion.platform.monitoring - Finished with actions from stage PERIODIC: {OK=6}
2026-06-23 10:57:18,308 [ajp-nio-127.0.0.1-8889-exec-5 | cID:AAAEHA | u:p] INFO  (SECURITY) com.polarion.platform.internal.security.auth.LoginFlowUserPassword - [AUTH-0001] - User 'admin' authenticated. Source: portal/UNSET.
2026-06-23 10:57:18,309 [ajp-nio-127.0.0.1-8889-exec-5 | cID:AAAEHA | u:p] INFO  PolarionLicensing - STATS:concurrentALMUser,current:1,peak:1,limit:120000
2026-06-23 10:57:18,309 [ajp-nio-127.0.0.1-8889-exec-5 | cID:AAAEHA] INFO  (SECURITY) com.polarion.alm.projects.internal.PasswordLoginManager - [AUTH-0001] - User 'admin' logged in by 'Password' mechanism. Source: portal/UNSET.
2026-06-23 10:57:18,309 [ajp-nio-127.0.0.1-8889-exec-5 | cID:AAAEHA] INFO  PolarionLicensing - STATS:concurrentALMUser,current:1,peak:1,limit:120000
2026-06-23 10:57:18,846 [ajp-nio-127.0.0.1-8889-exec-5 | cID:AAAEHA] INFO  PolarionLicensing - User 'admin' logged in with concurrent ALM
2026-06-23 10:57:18,846 [ajp-nio-127.0.0.1-8889-exec-5 | cID:AAAEHA] INFO  TXLOGGER - Summary for 'servlet /polarion/j_security_check': Total: 0.541 s, CPU [system: 0.0036 s], Allocated memory: 780.6 kB, transactions: 1, PolarionAuthenticator: 0.54 s [100% authenticate (1x)] (1x), SaltLicense: 0.536 s [100% userLoggedIn (1x)] (1x)
2026-06-23 10:57:19,817 [ajp-nio-127.0.0.1-8889-exec-7 | cID:AAAEJw | u:p] INFO  (SECURITY) com.polarion.platform.internal.security.auth.LoginFlowUserPassword - [AUTH-0001] - User 'admin' authenticated. Source: portal/UNSET.
2026-06-23 10:57:19,819 [ajp-nio-127.0.0.1-8889-exec-7 | cID:AAAEJw] INFO  (SECURITY) com.polarion.alm.projects.internal.PasswordLoginManager - [AUTH-0001] - User 'admin' logged in by 'Password' mechanism. Source: portal/UNSET.
2026-06-23 10:57:19,819 [ajp-nio-127.0.0.1-8889-exec-7 | cID:AAAEJw] INFO  PolarionLicensing - STATS:concurrentALMUser,current:1,peak:1,limit:120000
2026-06-23 10:57:19,819 [ajp-nio-127.0.0.1-8889-exec-7 | cID:AAAEJw] INFO  PolarionLicensing - User 'admin' logged in with concurrent ALM
2026-06-23 10:57:25,617 [ajp-nio-127.0.0.1-8889-exec-4 | cID:AAAESw | u:admin] INFO  TXLOGGER - Tx 67bcecb6bc5ae_0_67bcecb6bc5ae_0_: finished. Total: 0.128 s, CPU [system: 0.0025 s], Allocated memory: 150.4 kB
2026-06-23 10:57:25,618 [ajp-nio-127.0.0.1-8889-exec-4 | cID:AAAESw] INFO  TXLOGGER - Summary for 'servlet /polarion/gwt/com.polarion.UI/PortalDataService': Total: 0.131 s, CPU [system: 0.00533 s], Allocated memory: 574.5 kB, transactions: 1, PortalDataService: 0.128 s [100% getInitData (1x)] (1x)
2026-06-23 10:57:26,471 [ajp-nio-127.0.0.1-8889-exec-6 | cID:AAAEaw | u:admin] INFO  RPC - "0.030","Load Rich Page for preview","/_default/Home (null, 1)"
2026-06-23 10:57:26,729 [ajp-nio-127.0.0.1-8889-exec-3 | cID:AAAEgA | u:admin] INFO  RPC - "0.004","Render Widget for preview","/_default/Home (null, 1)/com.polarion.scriptInline/polarion_wiki macro name=table;params=header=no|border=no|padding=0px|uid=client28_iw_1"
2026-06-23 10:57:26,728 [ajp-nio-127.0.0.1-8889-exec-8 | cID:AAAEfw | u:admin] INFO  RPC - "0.007","Render Widget for preview","/_default/Home (null, 1)/com.polarion.scriptBlock/polarion_client11"
2026-06-23 10:57:26,856 [ajp-nio-127.0.0.1-8889-exec-9 | cID:AAAEiA | u:admin] INFO  RPC - "0.008","Render Widget for preview","/_default/Home (null, 1)/com.polarion.scriptBlock/polarion_client45"
2026-06-23 10:57:26,857 [ajp-nio-127.0.0.1-8889-exec-5 | cID:AAAEhw | u:admin] INFO  RPC - "0.009","Render Widget for preview","/_default/Home (null, 1)/com.polarion.scriptInline/polarion_wiki macro name=table;params=header=no|border=no|padding=0px|uid=client28_iw_3"
2026-06-23 10:57:26,857 [ajp-nio-127.0.0.1-8889-exec-6 | cID:AAAEhg | u:admin] INFO  RPC - "0.009","Render Widget for preview","/_default/Home (null, 1)/com.polarion.scriptInline/polarion_wiki macro name=table;params=header=no|border=no|padding=0px|uid=client28_iw_2"
2026-06-23 10:57:29,515 [ajp-nio-127.0.0.1-8889-exec-1 | cID:AAAEpg] WARN  com.polarion.portal.tomcat.servlets.HttpHeadersFilterMonitor - Attempt to override header: 'Cache-Control' to value: 'public, max-age=31536000, immutable', but header should be managed by Polarion, caller: 'com.polarion.alm.server.LocalizationServlet'
2026-06-23 10:57:31,467 [ajp-nio-127.0.0.1-8889-exec-1 | cID:AAAExA | u:admin] INFO  RPC - "0.055","Load Rich Page for preview","/_default/Home (null, 1)"
2026-06-23 10:57:32,860 [ajp-nio-127.0.0.1-8889-exec-6 | cID:AAAE4g | u:admin] INFO  RPC - "0.007","Render Widget for preview","/_default/Home (null, 1)/com.polarion.scriptBlock/polarion_client11"
2026-06-23 10:57:32,877 [ajp-nio-127.0.0.1-8889-exec-5 | cID:AAAE5A | u:admin] INFO  RPC - "0.007","Render Widget for preview","/_default/Home (null, 1)/com.polarion.scriptInline/polarion_wiki macro name=table;params=header=no|border=no|padding=0px|uid=client28_iw_2"
2026-06-23 10:57:32,881 [ajp-nio-127.0.0.1-8889-exec-3 | cID:AAAE4w | u:admin] INFO  RPC - "0.011","Render Widget for preview","/_default/Home (null, 1)/com.polarion.scriptInline/polarion_wiki macro name=table;params=header=no|border=no|padding=0px|uid=client28_iw_1"
2026-06-23 10:57:33,035 [ajp-nio-127.0.0.1-8889-exec-7 | cID:AAAE5Q | u:admin] INFO  RPC - "0.008","Render Widget for preview","/_default/Home (null, 1)/com.polarion.scriptInline/polarion_wiki macro name=table;params=header=no|border=no|padding=0px|uid=client28_iw_3"
2026-06-23 10:57:33,041 [ajp-nio-127.0.0.1-8889-exec-9 | cID:AAAE5g | u:admin] INFO  RPC - "0.005","Render Widget for preview","/_default/Home (null, 1)/com.polarion.scriptBlock/polarion_client45"
2026-06-23 11:02:28,992 [taskScheduler-2] INFO  (SECURITY) com.siemens.polarion.secrets.manager.vault.providers.impl.FileBackedVaultProvider - [ENC-0004] - Read secret with key: polarion.rt.repo.encrypt.decrypt.key
2026-06-23 11:02:28,994 [taskScheduler-2] INFO  (SECURITY) com.siemens.polarion.secrets.manager.vault.providers.impl.FileBackedVaultProvider - [ENC-0004] - Read secret with key: polarion.rt.repo.encrypt.decrypt.key
2026-06-23 11:02:30,070 [Monitoring] INFO  com.polarion.platform.monitoring - Executing actions from stage PERIODIC with speed FAST
2026-06-23 11:02:30,071 [Monitoring] INFO  com.polarion.platform.monitoring - Executing action 'polarion.sso.statistics'
2026-06-23 11:02:30,071 [Monitoring] INFO  com.polarion.platform.monitoring - polarion.sso.statistics (Statistics of all active sso sessions) = Statistics of logged users 
Logged active users:1
 [Tue Jun 23 11:02:30 CEST 2026]
2026-06-23 11:02:30,076 [Monitoring] INFO  com.polarion.platform.monitoring - Executing action 'system.info.disk.data.free'
2026-06-23 11:02:30,077 [Monitoring] INFO  com.polarion.platform.monitoring - system.info.disk.data.free (Free data disk '/opt/polarion/data' space) = Disk Space 
20.11 GB
 [Tue Jun 23 11:02:30 CEST 2026]
2026-06-23 11:02:30,079 [Monitoring] INFO  com.polarion.platform.monitoring - Executing action 'system.info.garbageCollector.full.cycles'
2026-06-23 11:02:30,079 [Monitoring] INFO  com.polarion.platform.monitoring - system.info.garbageCollector.full.cycles (Full Garbage Collector cycles) = Full Garbage Collector cycles 
Full GC cycles: 0; Time: 0.0 s.
 [Tue Jun 23 11:02:30 CEST 2026]
2026-06-23 11:02:30,082 [Monitoring] INFO  com.polarion.platform.monitoring - Executing action 'system.info.garbageCollector.normal.cycles'
2026-06-23 11:02:30,082 [Monitoring] INFO  com.polarion.platform.monitoring - system.info.garbageCollector.normal.cycles (Normal Garbage Collector cycles) = Normal Garbage Collector cycles 
Normal GC cycles: 18; Time: 0.416 s.
 [Tue Jun 23 11:02:30 CEST 2026]
2026-06-23 11:02:30,086 [Monitoring] INFO  com.polarion.platform.monitoring - Executing action 'system.info.memory.nonheap.free'
2026-06-23 11:02:30,086 [Monitoring] INFO  com.polarion.platform.monitoring - system.info.memory.nonheap.free (Free non-heap memory) = Java Metaspace Memory 
Unlimited
 [Tue Jun 23 11:02:30 CEST 2026]
2026-06-23 11:02:30,092 [Monitoring] INFO  com.polarion.platform.monitoring - Executing action 'system.info.memory.oldGen.free'
2026-06-23 11:02:30,092 [Monitoring] INFO  com.polarion.platform.monitoring - system.info.memory.oldGen.free (Free Old Gen memory after GC) = Java Heap Memory 
Old Gen pool has  94.18% memory free after GC.
 [Tue Jun 23 11:02:30 CEST 2026]
2026-06-23 11:02:30,094 [Monitoring] INFO  com.polarion.platform.monitoring - Finished with actions from stage PERIODIC: {OK=6}
2026-06-23 11:12:30,071 [Monitoring] INFO  com.polarion.platform.monitoring - Executing actions from stage PERIODIC with speed FAST
2026-06-23 11:12:30,071 [Monitoring] INFO  com.polarion.platform.monitoring - Executing action 'polarion.sso.statistics'
2026-06-23 11:12:30,071 [Monitoring] INFO  com.polarion.platform.monitoring - polarion.sso.statistics (Statistics of all active sso sessions) = Statistics of logged users 
Logged active users:1
 [Tue Jun 23 11:12:30 CEST 2026]
2026-06-23 11:12:30,075 [Monitoring] INFO  com.polarion.platform.monitoring - Executing action 'system.info.disk.data.free'
2026-06-23 11:12:30,075 [Monitoring] INFO  com.polarion.platform.monitoring - system.info.disk.data.free (Free data disk '/opt/polarion/data' space) = Disk Space 
20.11 GB
 [Tue Jun 23 11:12:30 CEST 2026]
2026-06-23 11:12:30,078 [Monitoring] INFO  com.polarion.platform.monitoring - Executing action 'system.info.garbageCollector.full.cycles'
2026-06-23 11:12:30,078 [Monitoring] INFO  com.polarion.platform.monitoring - system.info.garbageCollector.full.cycles (Full Garbage Collector cycles) = Full Garbage Collector cycles 
Full GC cycles: 0; Time: 0.0 s.
 [Tue Jun 23 11:12:30 CEST 2026]
2026-06-23 11:12:30,081 [Monitoring] INFO  com.polarion.platform.monitoring - Executing action 'system.info.garbageCollector.normal.cycles'
2026-06-23 11:12:30,081 [Monitoring] INFO  com.polarion.platform.monitoring - system.info.garbageCollector.normal.cycles (Normal Garbage Collector cycles) = Normal Garbage Collector cycles 
Normal GC cycles: 18; Time: 0.416 s.
 [Tue Jun 23 11:12:30 CEST 2026]
2026-06-23 11:12:30,090 [Monitoring] INFO  com.polarion.platform.monitoring - Executing action 'system.info.memory.nonheap.free'
2026-06-23 11:12:30,090 [Monitoring] INFO  com.polarion.platform.monitoring - system.info.memory.nonheap.free (Free non-heap memory) = Java Metaspace Memory 
Unlimited
 [Tue Jun 23 11:12:30 CEST 2026]
2026-06-23 11:12:30,093 [Monitoring] INFO  com.polarion.platform.monitoring - Executing action 'system.info.memory.oldGen.free'
2026-06-23 11:12:30,093 [Monitoring] INFO  com.polarion.platform.monitoring - system.info.memory.oldGen.free (Free Old Gen memory after GC) = Java Heap Memory 
Old Gen pool has  94.18% memory free after GC.
 [Tue Jun 23 11:12:30 CEST 2026]
2026-06-23 11:12:30,096 [Monitoring] INFO  com.polarion.platform.monitoring - Finished with actions from stage PERIODIC: {OK=6}
2026-06-23 11:16:56,856 [ajp-nio-127.0.0.1-8889-exec-3 | cID:AAAE-A | u:admin] INFO  RPC - "0.063","Load Rich Page for preview","/_default/Home (null, 1)"
2026-06-23 11:16:57,145 [ajp-nio-127.0.0.1-8889-exec-5 | cID:AAAFAA | u:admin] INFO  RPC - "0.006","Render Widget for preview","/_default/Home (null, 1)/com.polarion.scriptBlock/polarion_client11"
2026-06-23 11:16:57,146 [ajp-nio-127.0.0.1-8889-exec-8 | cID:AAAFAQ | u:admin] INFO  RPC - "0.007","Render Widget for preview","/_default/Home (null, 1)/com.polarion.scriptInline/polarion_wiki macro name=table;params=header=no|border=no|padding=0px|uid=client28_iw_1"
2026-06-23 11:16:57,248 [ajp-nio-127.0.0.1-8889-exec-7 | cID:AAAFAg | u:admin] INFO  RPC - "0.007","Render Widget for preview","/_default/Home (null, 1)/com.polarion.scriptInline/polarion_wiki macro name=table;params=header=no|border=no|padding=0px|uid=client28_iw_2"
2026-06-23 11:16:57,249 [ajp-nio-127.0.0.1-8889-exec-9 | cID:AAAFAw | u:admin] INFO  RPC - "0.007","Render Widget for preview","/_default/Home (null, 1)/com.polarion.scriptInline/polarion_wiki macro name=table;params=header=no|border=no|padding=0px|uid=client28_iw_3"
2026-06-23 11:16:57,289 [ajp-nio-127.0.0.1-8889-exec-1 | cID:AAAFBA | u:admin] INFO  RPC - "0.010","Render Widget for preview","/_default/Home (null, 1)/com.polarion.scriptBlock/polarion_client45"
2026-06-23 11:16:58,333 [ajp-nio-127.0.0.1-8889-exec-7 | cID:AAAFCw] INFO  PolarionLicensing - User 'admin' logged out with concurrent ALM
2026-06-23 11:16:58,333 [ajp-nio-127.0.0.1-8889-exec-7 | cID:AAAFCw] INFO  (SECURITY) com.polarion.platform.session.SsoUserRegistry - [AUTH-0009] - Session invalidated for user 'admin'.
2026-06-23 11:16:58,334 [ajp-nio-127.0.0.1-8889-exec-7 | cID:AAAFCw] INFO  PolarionLicensing - User 'admin' logged out with concurrent ALM
2026-06-23 11:16:58,334 [ajp-nio-127.0.0.1-8889-exec-7 | cID:AAAFCw] INFO  (SECURITY) com.polarion.platform.session.SsoUserRegistry - [AUTH-0009] - Session invalidated for user 'admin'.
2026-06-23 11:16:58,334 [ajp-nio-127.0.0.1-8889-exec-7 | cID:AAAFCw] INFO  (SECURITY) com.polarion.platform.session.PolarionLocalSingleSignOn - [AUTH-0009] - User 'admin' logged out.
2026-06-23 11:22:30,070 [Monitoring] INFO  com.polarion.platform.monitoring - Executing actions from stage PERIODIC with speed FAST
2026-06-23 11:22:30,071 [Monitoring] INFO  com.polarion.platform.monitoring - Executing action 'polarion.sso.statistics'
2026-06-23 11:22:30,072 [Monitoring] INFO  com.polarion.platform.monitoring - polarion.sso.statistics (Statistics of all active sso sessions) = Statistics of logged users 
Logged active users:0
 [Tue Jun 23 11:22:30 CEST 2026]
2026-06-23 11:22:30,087 [Monitoring] INFO  com.polarion.platform.monitoring - Executing action 'system.info.disk.data.free'
2026-06-23 11:22:30,087 [Monitoring] INFO  com.polarion.platform.monitoring - system.info.disk.data.free (Free data disk '/opt/polarion/data' space) = Disk Space 
20.11 GB
 [Tue Jun 23 11:22:30 CEST 2026]
2026-06-23 11:22:30,090 [Monitoring] INFO  com.polarion.platform.monitoring - Executing action 'system.info.garbageCollector.full.cycles'
2026-06-23 11:22:30,090 [Monitoring] INFO  com.polarion.platform.monitoring - system.info.garbageCollector.full.cycles (Full Garbage Collector cycles) = Full Garbage Collector cycles 
Full GC cycles: 0; Time: 0.0 s.
 [Tue Jun 23 11:22:30 CEST 2026]
2026-06-23 11:22:30,093 [Monitoring] INFO  com.polarion.platform.monitoring - Executing action 'system.info.garbageCollector.normal.cycles'
2026-06-23 11:22:30,093 [Monitoring] INFO  com.polarion.platform.monitoring - system.info.garbageCollector.normal.cycles (Normal Garbage Collector cycles) = Normal Garbage Collector cycles 
Normal GC cycles: 19; Time: 0.434 s.
 [Tue Jun 23 11:22:30 CEST 2026]
2026-06-23 11:22:30,097 [Monitoring] INFO  com.polarion.platform.monitoring - Executing action 'system.info.memory.nonheap.free'
2026-06-23 11:22:30,097 [Monitoring] INFO  com.polarion.platform.monitoring - system.info.memory.nonheap.free (Free non-heap memory) = Java Metaspace Memory 
Unlimited
 [Tue Jun 23 11:22:30 CEST 2026]
2026-06-23 11:22:30,100 [Monitoring] INFO  com.polarion.platform.monitoring - Executing action 'system.info.memory.oldGen.free'
2026-06-23 11:22:30,100 [Monitoring] INFO  com.polarion.platform.monitoring - system.info.memory.oldGen.free (Free Old Gen memory after GC) = Java Heap Memory 
Old Gen pool has  94.13% memory free after GC.
 [Tue Jun 23 11:22:30 CEST 2026]
2026-06-23 11:22:30,102 [Monitoring] INFO  com.polarion.platform.monitoring - Finished with actions from stage PERIODIC: {OK=6}
2026-06-23 11:26:05,993 [ajp-nio-127.0.0.1-8889-exec-4 | cID:AAAFIw] INFO  TXLOGGER - Summary for 'servlet /polarion/mxgraph/js/app.min.js': Total: 0.691 s, CPU [system: 0.00838 s], Allocated memory: 81.6 kB, transactions: 0
2026-06-23 11:26:09,214 [ajp-nio-127.0.0.1-8889-exec-10 | cID:AAAFJw] INFO  TXLOGGER - Summary for 'servlet /polarion/mxgraph/js/stencils.min.js': Total: 3.57 s, CPU [system: 0.00581 s], Allocated memory: 74.9 kB, transactions: 0
2026-06-23 11:26:26,959 [ajp-nio-127.0.0.1-8889-exec-5 | cID:AAAFyQ | u:p] INFO  (SECURITY) com.polarion.platform.internal.security.auth.LoginFlowUserPassword - [AUTH-0001] - User 'admin' authenticated. Source: portal/UNSET.
2026-06-23 11:26:26,961 [ajp-nio-127.0.0.1-8889-exec-5 | cID:AAAFyQ | u:p] INFO  PolarionLicensing - STATS:concurrentALMUser,current:1,peak:1,limit:120000
2026-06-23 11:26:26,961 [ajp-nio-127.0.0.1-8889-exec-5 | cID:AAAFyQ] INFO  (SECURITY) com.polarion.alm.projects.internal.PasswordLoginManager - [AUTH-0001] - User 'admin' logged in by 'Password' mechanism. Source: portal/UNSET.
2026-06-23 11:26:26,961 [ajp-nio-127.0.0.1-8889-exec-5 | cID:AAAFyQ] INFO  PolarionLicensing - STATS:concurrentALMUser,current:1,peak:1,limit:120000
2026-06-23 11:26:26,994 [ajp-nio-127.0.0.1-8889-exec-4 | cID:AAAFyg | u:p] INFO  (SECURITY) com.polarion.platform.internal.security.auth.LoginFlowUserPassword - [AUTH-0001] - User 'admin' authenticated. Source: portal/UNSET.
2026-06-23 11:26:26,995 [ajp-nio-127.0.0.1-8889-exec-4 | cID:AAAFyg] INFO  (SECURITY) com.polarion.alm.projects.internal.PasswordLoginManager - [AUTH-0001] - User 'admin' logged in by 'Password' mechanism. Source: portal/UNSET.
2026-06-23 11:26:26,995 [ajp-nio-127.0.0.1-8889-exec-4 | cID:AAAFyg] INFO  PolarionLicensing - STATS:concurrentALMUser,current:1,peak:1,limit:120000
2026-06-23 11:26:27,470 [ajp-nio-127.0.0.1-8889-exec-5 | cID:AAAFyQ] INFO  PolarionLicensing - User 'admin' logged in with concurrent ALM
2026-06-23 11:26:27,471 [ajp-nio-127.0.0.1-8889-exec-4 | cID:AAAFyg] INFO  PolarionLicensing - User 'admin' logged in with concurrent ALM
2026-06-23 11:26:27,471 [ajp-nio-127.0.0.1-8889-exec-4 | cID:AAAFyg] INFO  TXLOGGER - Summary for 'servlet /polarion/j_security_check': Total: 0.479 s, CPU [system: 0.0029 s], Allocated memory: 604.7 kB, transactions: 1, PolarionAuthenticator: 0.478 s [100% authenticate (1x)] (1x), SaltLicense: 0.475 s [100% userLoggedIn (1x)] (1x)
2026-06-23 11:26:27,471 [ajp-nio-127.0.0.1-8889-exec-5 | cID:AAAFyQ] INFO  TXLOGGER - Summary for 'servlet /polarion/j_security_check': Total: 0.516 s, CPU [system: 0.00502 s], Allocated memory: 708.6 kB, transactions: 1, PolarionAuthenticator: 0.515 s [100% authenticate (1x)] (1x), SaltLicense: 0.509 s [100% userLoggedIn (1x)] (1x)
2026-06-23 11:26:29,057 [ajp-nio-127.0.0.1-8889-exec-7 | cID:AAAF6g | u:admin] INFO  TXLOGGER - Tx 67bcf35d455d6_0_67bcf35d455d6_0_: finished. Total: 0.171 s, CPU [system: 0.00235 s], Allocated memory: 150.1 kB
2026-06-23 11:26:29,058 [ajp-nio-127.0.0.1-8889-exec-7 | cID:AAAF6g] INFO  TXLOGGER - Summary for 'servlet /polarion/gwt/com.polarion.UI/PortalDataService': Total: 0.174 s, CPU [user: 0.01 s], Allocated memory: 574.2 kB, transactions: 1, PortalDataService: 0.172 s [100% getInitData (1x)] (1x)
2026-06-23 11:26:29,833 [ajp-nio-127.0.0.1-8889-exec-7 | cID:AAAGDA | u:admin] INFO  RPC - "0.038","Load Rich Page for preview","/_default/Home (null, 1)"
2026-06-23 11:26:30,097 [ajp-nio-127.0.0.1-8889-exec-9 | cID:AAAGGg | u:admin] INFO  RPC - "0.007","Render Widget for preview","/_default/Home (null, 1)/com.polarion.scriptBlock/polarion_client11"
2026-06-23 11:26:30,108 [ajp-nio-127.0.0.1-8889-exec-5 | cID:AAAGGw | u:admin] INFO  RPC - "0.009","Render Widget for preview","/_default/Home (null, 1)/com.polarion.scriptInline/polarion_wiki macro name=table;params=header=no|border=no|padding=0px|uid=client28_iw_1"
2026-06-23 11:26:30,354 [ajp-nio-127.0.0.1-8889-exec-2 | cID:AAAGKQ | u:admin] INFO  RPC - "0.013","Render Widget for preview","/_default/Home (null, 1)/com.polarion.scriptInline/polarion_wiki macro name=table;params=header=no|border=no|padding=0px|uid=client28_iw_3"
2026-06-23 11:26:30,355 [ajp-nio-127.0.0.1-8889-exec-10 | cID:AAAGKg | u:admin] INFO  RPC - "0.013","Render Widget for preview","/_default/Home (null, 1)/com.polarion.scriptBlock/polarion_client45"
2026-06-23 11:26:30,356 [ajp-nio-127.0.0.1-8889-exec-3 | cID:AAAGKA | u:admin] INFO  RPC - "0.015","Render Widget for preview","/_default/Home (null, 1)/com.polarion.scriptInline/polarion_wiki macro name=table;params=header=no|border=no|padding=0px|uid=client28_iw_2"
2026-06-23 11:26:34,647 [ajp-nio-127.0.0.1-8889-exec-6 | cID:AAAGUQ] WARN  com.polarion.portal.tomcat.servlets.HttpHeadersFilterMonitor - Attempt to override header: 'Cache-Control' to value: 'public, max-age=31536000, immutable', but header should be managed by Polarion, caller: 'com.polarion.alm.server.LocalizationServlet'
2026-06-23 11:26:37,617 [ajp-nio-127.0.0.1-8889-exec-1 | cID:AAAGfw | u:admin] INFO  RPC - "0.045","Load Rich Page for preview","/_default/Home (null, 1)"
2026-06-23 11:26:37,987 [ajp-nio-127.0.0.1-8889-exec-10 | cID:AAAGjw | u:admin] INFO  RPC - "0.005","Render Widget for preview","/_default/Home (null, 1)/com.polarion.scriptInline/polarion_wiki macro name=table;params=header=no|border=no|padding=0px|uid=client28_iw_1"
2026-06-23 11:26:37,988 [ajp-nio-127.0.0.1-8889-exec-2 | cID:AAAGkA | u:admin] INFO  RPC - "0.004","Render Widget for preview","/_default/Home (null, 1)/com.polarion.scriptInline/polarion_wiki macro name=table;params=header=no|border=no|padding=0px|uid=client28_iw_2"
2026-06-23 11:26:37,993 [ajp-nio-127.0.0.1-8889-exec-7 | cID:AAAGkQ | u:admin] INFO  RPC - "0.006","Render Widget for preview","/_default/Home (null, 1)/com.polarion.scriptInline/polarion_wiki macro name=table;params=header=no|border=no|padding=0px|uid=client28_iw_3"
2026-06-23 11:26:37,995 [ajp-nio-127.0.0.1-8889-exec-1 | cID:AAAGjg | u:admin] INFO  RPC - "0.013","Render Widget for preview","/_default/Home (null, 1)/com.polarion.scriptBlock/polarion_client11"
2026-06-23 11:26:38,132 [ajp-nio-127.0.0.1-8889-exec-9 | cID:AAAGkw | u:admin] INFO  RPC - "0.005","Render Widget for preview","/_default/Home (null, 1)/com.polarion.scriptBlock/polarion_client45"
2026-06-23 11:26:48,509 [ajp-nio-127.0.0.1-8889-exec-9 | cID:AAAGnQ] INFO  PolarionLicensing - User 'admin' logged out with concurrent ALM
2026-06-23 11:26:48,509 [ajp-nio-127.0.0.1-8889-exec-9 | cID:AAAGnQ] INFO  (SECURITY) com.polarion.platform.session.SsoUserRegistry - [AUTH-0009] - Session invalidated for user 'admin'.
2026-06-23 11:26:48,510 [ajp-nio-127.0.0.1-8889-exec-9 | cID:AAAGnQ] INFO  PolarionLicensing - User 'admin' logged out with concurrent ALM
2026-06-23 11:26:48,510 [ajp-nio-127.0.0.1-8889-exec-9 | cID:AAAGnQ] INFO  (SECURITY) com.polarion.platform.session.SsoUserRegistry - [AUTH-0009] - Session invalidated for user 'admin'.
2026-06-23 11:26:48,510 [ajp-nio-127.0.0.1-8889-exec-9 | cID:AAAGnQ] INFO  (SECURITY) com.polarion.platform.session.PolarionLocalSingleSignOn - [AUTH-0009] - User 'admin' logged out.
2026-06-23 11:26:48,510 [ajp-nio-127.0.0.1-8889-exec-9 | cID:AAAGnQ] INFO  TXLOGGER - Summary for 'servlet /polarion/login/logout': Total: 0.117 s, CPU [system: 0.00151 s], Allocated memory: 34.0 kB, transactions: 0, SaltLicense: 0.117 s [100% userLoggedOut (2x)] (2x)
2026-06-23 11:27:13,540 [ajp-nio-127.0.0.1-8889-exec-3 | cID:AAAGqw | u:p] INFO  (SECURITY) com.polarion.platform.internal.security.auth.LoginFlowUserPassword - [AUTH-0001] - User 'admin' authenticated. Source: portal/UNSET.
2026-06-23 11:27:13,542 [ajp-nio-127.0.0.1-8889-exec-3 | cID:AAAGqw] INFO  (SECURITY) com.polarion.alm.projects.internal.PasswordLoginManager - [AUTH-0001] - User 'admin' logged in by 'Password' mechanism. Source: portal/UNSET.
2026-06-23 11:27:13,542 [ajp-nio-127.0.0.1-8889-exec-3 | cID:AAAGqw] INFO  PolarionLicensing - STATS:concurrentALMUser,current:1,peak:1,limit:120000
2026-06-23 11:27:13,690 [ajp-nio-127.0.0.1-8889-exec-5 | cID:AAAGrA | u:p] INFO  (SECURITY) com.polarion.platform.internal.security.auth.LoginFlowUserPassword - [AUTH-0001] - User 'admin' authenticated. Source: portal/UNSET.
2026-06-23 11:27:13,691 [ajp-nio-127.0.0.1-8889-exec-5 | cID:AAAGrA] INFO  (SECURITY) com.polarion.alm.projects.internal.PasswordLoginManager - [AUTH-0001] - User 'admin' logged in by 'Password' mechanism. Source: portal/UNSET.
2026-06-23 11:27:13,691 [ajp-nio-127.0.0.1-8889-exec-5 | cID:AAAGrA] INFO  PolarionLicensing - STATS:concurrentALMUser,current:1,peak:1,limit:120000
2026-06-23 11:27:14,292 [ajp-nio-127.0.0.1-8889-exec-3 | cID:AAAGqw] INFO  PolarionLicensing - User 'admin' logged in with concurrent ALM
2026-06-23 11:27:14,292 [ajp-nio-127.0.0.1-8889-exec-5 | cID:AAAGrA] INFO  PolarionLicensing - User 'admin' logged in with concurrent ALM
2026-06-23 11:27:14,292 [ajp-nio-127.0.0.1-8889-exec-3 | cID:AAAGqw] INFO  TXLOGGER - Summary for 'servlet /polarion/j_security_check': Total: 0.754 s, CPU [system: 0.00343 s], Allocated memory: 778.0 kB, transactions: 1, PolarionAuthenticator: 0.753 s [100% authenticate (1x)] (1x), SaltLicense: 0.749 s [100% userLoggedIn (1x)] (1x)
2026-06-23 11:27:14,292 [ajp-nio-127.0.0.1-8889-exec-5 | cID:AAAGrA] INFO  TXLOGGER - Summary for 'servlet /polarion/j_security_check': Total: 0.603 s, CPU [system: 0.00207 s], Allocated memory: 604.7 kB, transactions: 1, PolarionAuthenticator: 0.603 s [100% authenticate (1x)] (1x), SaltLicense: 0.601 s [100% userLoggedIn (1x)] (1x)
2026-06-23 11:27:15,779 [ajp-nio-127.0.0.1-8889-exec-2 | cID:AAAGtw | u:admin] INFO  TXLOGGER - Tx 67bcf38ac9df2_0_67bcf38ac9df2_0_: finished. Total: 0.284 s, CPU [system: 0.00137 s], Allocated memory: 150.2 kB
2026-06-23 11:27:15,780 [ajp-nio-127.0.0.1-8889-exec-7 | cID:AAAGuA | u:admin] INFO  TXLOGGER - Tx 67bcf38acb9f3_0_67bcf38acb9f3_0_: finished. Total: 0.277 s, CPU [system: 0.00137 s], Allocated memory: 150.3 kB
2026-06-23 11:27:15,780 [ajp-nio-127.0.0.1-8889-exec-7 | cID:AAAGuA] INFO  TXLOGGER - Summary for 'servlet /polarion/gwt/com.polarion.UI/PortalDataService': Total: 0.28 s, CPU [system: 0.00336 s], Allocated memory: 574.4 kB, transactions: 1, PortalDataService: 0.278 s [100% getInitData (1x)] (1x)
2026-06-23 11:27:15,782 [ajp-nio-127.0.0.1-8889-exec-2 | cID:AAAGtw] INFO  TXLOGGER - Summary for 'servlet /polarion/gwt/com.polarion.UI/PortalDataService': Total: 0.289 s, CPU [system: 0.00381 s], Allocated memory: 574.3 kB, transactions: 1, PortalDataService: 0.285 s [100% getInitData (1x)] (1x)
2026-06-23 11:27:16,459 [ajp-nio-127.0.0.1-8889-exec-8 | cID:AAAGxA | u:admin] INFO  RPC - "0.039","Load Rich Page for preview","/_default/Home (null, 1)"
2026-06-23 11:27:16,466 [ajp-nio-127.0.0.1-8889-exec-1 | cID:AAAGww | u:admin] INFO  RPC - "0.051","Load Rich Page for preview","/_default/Home (null, 1)"
2026-06-23 11:27:16,701 [ajp-nio-127.0.0.1-8889-exec-8 | cID:AAAG1A | u:admin] INFO  RPC - "0.005","Render Widget for preview","/_default/Home (null, 1)/com.polarion.scriptInline/polarion_wiki macro name=table;params=header=no|border=no|padding=0px|uid=client28_iw_1"
2026-06-23 11:27:16,706 [ajp-nio-127.0.0.1-8889-exec-7 | cID:AAAG1Q | u:admin] INFO  RPC - "0.008","Render Widget for preview","/_default/Home (null, 1)/com.polarion.scriptBlock/polarion_client11"
2026-06-23 11:27:16,707 [ajp-nio-127.0.0.1-8889-exec-1 | cID:AAAG0w | u:admin] INFO  RPC - "0.017","Render Widget for preview","/_default/Home (null, 1)/com.polarion.scriptBlock/polarion_client11"
2026-06-23 11:27:16,717 [ajp-nio-127.0.0.1-8889-exec-2 | cID:AAAG1g | u:admin] INFO  RPC - "0.005","Render Widget for preview","/_default/Home (null, 1)/com.polarion.scriptInline/polarion_wiki macro name=table;params=header=no|border=no|padding=0px|uid=client28_iw_2"
2026-06-23 11:27:16,723 [ajp-nio-127.0.0.1-8889-exec-10 | cID:AAAG1w | u:admin] INFO  RPC - "0.005","Render Widget for preview","/_default/Home (null, 1)/com.polarion.scriptInline/polarion_wiki macro name=table;params=header=no|border=no|padding=0px|uid=client28_iw_1"
2026-06-23 11:27:16,771 [ajp-nio-127.0.0.1-8889-exec-6 | cID:AAAG2A | u:admin] INFO  RPC - "0.005","Render Widget for preview","/_default/Home (null, 1)/com.polarion.scriptInline/polarion_wiki macro name=table;params=header=no|border=no|padding=0px|uid=client28_iw_2"
2026-06-23 11:27:16,820 [ajp-nio-127.0.0.1-8889-exec-9 | cID:AAAG2Q | u:admin] INFO  RPC - "0.005","Render Widget for preview","/_default/Home (null, 1)/com.polarion.scriptInline/polarion_wiki macro name=table;params=header=no|border=no|padding=0px|uid=client28_iw_3"
2026-06-23 11:27:16,828 [ajp-nio-127.0.0.1-8889-exec-5 | cID:AAAG2g | u:admin] INFO  RPC - "0.004","Render Widget for preview","/_default/Home (null, 1)/com.polarion.scriptBlock/polarion_client45"
2026-06-23 11:27:16,842 [ajp-nio-127.0.0.1-8889-exec-4 | cID:AAAG2w | u:admin] INFO  RPC - "0.004","Render Widget for preview","/_default/Home (null, 1)/com.polarion.scriptInline/polarion_wiki macro name=table;params=header=no|border=no|padding=0px|uid=client28_iw_3"
2026-06-23 11:27:16,846 [ajp-nio-127.0.0.1-8889-exec-3 | cID:AAAG3A | u:admin] INFO  RPC - "0.004","Render Widget for preview","/_default/Home (null, 1)/com.polarion.scriptBlock/polarion_client45"
2026-06-23 11:27:25,475 [ajp-nio-127.0.0.1-8889-exec-1 | cID:AAAG6Q] INFO  PolarionLicensing - User 'admin' logged out with concurrent ALM
2026-06-23 11:27:25,475 [ajp-nio-127.0.0.1-8889-exec-1 | cID:AAAG6Q] INFO  (SECURITY) com.polarion.platform.session.SsoUserRegistry - [AUTH-0009] - Session invalidated for user 'admin'.
2026-06-23 11:27:25,476 [ajp-nio-127.0.0.1-8889-exec-1 | cID:AAAG6Q] INFO  PolarionLicensing - User 'admin' logged out with concurrent ALM
2026-06-23 11:27:25,476 [ajp-nio-127.0.0.1-8889-exec-1 | cID:AAAG6Q] INFO  (SECURITY) com.polarion.platform.session.SsoUserRegistry - [AUTH-0009] - Session invalidated for user 'admin'.
2026-06-23 11:27:25,476 [ajp-nio-127.0.0.1-8889-exec-1 | cID:AAAG6Q] INFO  (SECURITY) com.polarion.platform.session.PolarionLocalSingleSignOn - [AUTH-0009] - User 'admin' logged out.
2026-06-23 11:27:25,476 [ajp-nio-127.0.0.1-8889-exec-1 | cID:AAAG6Q] INFO  TXLOGGER - Summary for 'servlet /polarion/login/logout': Total: 0.127 s, CPU [system: 0.00146 s], Allocated memory: 46.8 kB, transactions: 0, SaltLicense: 0.127 s [100% userLoggedOut (2x)] (2x)
2026-06-23 11:27:43,975 [ajp-nio-127.0.0.1-8889-exec-5 | cID:AAAG-A | u:p] INFO  (SECURITY) com.polarion.platform.internal.security.auth.LoginFlowUserPassword - [AUTH-0001] - User 'admin' authenticated. Source: portal/UNSET.
2026-06-23 11:27:43,976 [ajp-nio-127.0.0.1-8889-exec-5 | cID:AAAG-A] INFO  (SECURITY) com.polarion.alm.projects.internal.PasswordLoginManager - [AUTH-0001] - User 'admin' logged in by 'Password' mechanism. Source: portal/UNSET.
2026-06-23 11:27:43,976 [ajp-nio-127.0.0.1-8889-exec-5 | cID:AAAG-A] INFO  PolarionLicensing - STATS:concurrentALMUser,current:1,peak:1,limit:120000
2026-06-23 11:27:44,010 [ajp-nio-127.0.0.1-8889-exec-4 | cID:AAAG-Q | u:p] INFO  (SECURITY) com.polarion.platform.internal.security.auth.LoginFlowUserPassword - [AUTH-0001] - User 'admin' authenticated. Source: portal/UNSET.
2026-06-23 11:27:44,011 [ajp-nio-127.0.0.1-8889-exec-4 | cID:AAAG-Q] INFO  (SECURITY) com.polarion.alm.projects.internal.PasswordLoginManager - [AUTH-0001] - User 'admin' logged in by 'Password' mechanism. Source: portal/UNSET.
2026-06-23 11:27:44,011 [ajp-nio-127.0.0.1-8889-exec-4 | cID:AAAG-Q] INFO  PolarionLicensing - STATS:concurrentALMUser,current:1,peak:1,limit:120000
2026-06-23 11:27:44,612 [ajp-nio-127.0.0.1-8889-exec-5 | cID:AAAG-A] INFO  PolarionLicensing - User 'admin' logged in with concurrent ALM
2026-06-23 11:27:44,612 [ajp-nio-127.0.0.1-8889-exec-5 | cID:AAAG-A] INFO  TXLOGGER - Summary for 'servlet /polarion/j_security_check': Total: 0.639 s, CPU [system: 0.00343 s], Allocated memory: 613.5 kB, transactions: 1, PolarionAuthenticator: 0.638 s [100% authenticate (1x)] (1x), SaltLicense: 0.635 s [100% userLoggedIn (1x)] (1x)
2026-06-23 11:27:44,612 [ajp-nio-127.0.0.1-8889-exec-4 | cID:AAAG-Q] INFO  PolarionLicensing - User 'admin' logged in with concurrent ALM
2026-06-23 11:27:44,612 [ajp-nio-127.0.0.1-8889-exec-4 | cID:AAAG-Q] INFO  TXLOGGER - Summary for 'servlet /polarion/j_security_check': Total: 0.604 s, CPU [system: 0.00239 s], Allocated memory: 612.7 kB, transactions: 1, PolarionAuthenticator: 0.604 s [100% authenticate (1x)] (1x), SaltLicense: 0.601 s [100% userLoggedIn (1x)] (1x)
2026-06-23 11:27:46,066 [ajp-nio-127.0.0.1-8889-exec-4 | cID:AAAHAw | u:admin] INFO  TXLOGGER - Tx 67bcf3a865a0c_0_67bcf3a865a0c_0_: finished. Total: 0.251 s, CPU [user: 0.01 s], Allocated memory: 150.0 kB
2026-06-23 11:27:46,066 [ajp-nio-127.0.0.1-8889-exec-4 | cID:AAAHAw] INFO  TXLOGGER - Summary for 'servlet /polarion/gwt/com.polarion.UI/PortalDataService': Total: 0.254 s, CPU [user: 0.01 s], Allocated memory: 574.0 kB, transactions: 1, PortalDataService: 0.252 s [100% getInitData (1x)] (1x)
2026-06-23 11:27:46,743 [ajp-nio-127.0.0.1-8889-exec-2 | cID:AAAHEA | u:admin] INFO  RPC - "0.025","Load Rich Page for preview","/_default/Home (null, 1)"
2026-06-23 11:27:46,833 [ajp-nio-127.0.0.1-8889-exec-9 | cID:AAAHFA | u:admin] INFO  RPC - "0.036","Load Rich Page for preview","/_default/Home (null, 1)"
2026-06-23 11:27:46,986 [ajp-nio-127.0.0.1-8889-exec-2 | cID:AAAHHQ | u:admin] INFO  RPC - "0.005","Render Widget for preview","/_default/Home (null, 1)/com.polarion.scriptBlock/polarion_client11"
2026-06-23 11:27:47,005 [ajp-nio-127.0.0.1-8889-exec-6 | cID:AAAHHg | u:admin] INFO  RPC - "0.006","Render Widget for preview","/_default/Home (null, 1)/com.polarion.scriptInline/polarion_wiki macro name=table;params=header=no|border=no|padding=0px|uid=client28_iw_1"
2026-06-23 11:27:47,064 [ajp-nio-127.0.0.1-8889-exec-4 | cID:AAAHIg | u:admin] INFO  RPC - "0.004","Render Widget for preview","/_default/Home (null, 1)/com.polarion.scriptInline/polarion_wiki macro name=table;params=header=no|border=no|padding=0px|uid=client28_iw_2"
2026-06-23 11:27:47,106 [ajp-nio-127.0.0.1-8889-exec-9 | cID:AAAHIw | u:admin] INFO  RPC - "0.010","Render Widget for preview","/_default/Home (null, 1)/com.polarion.scriptBlock/polarion_client11"
2026-06-23 11:27:47,106 [ajp-nio-127.0.0.1-8889-exec-1 | cID:AAAHJA | u:admin] INFO  RPC - "0.009","Render Widget for preview","/_default/Home (null, 1)/com.polarion.scriptInline/polarion_wiki macro name=table;params=header=no|border=no|padding=0px|uid=client28_iw_3"
2026-06-23 11:27:47,114 [ajp-nio-127.0.0.1-8889-exec-8 | cID:AAAHJQ | u:admin] INFO  RPC - "0.010","Render Widget for preview","/_default/Home (null, 1)/com.polarion.scriptBlock/polarion_client45"
2026-06-23 11:27:47,116 [ajp-nio-127.0.0.1-8889-exec-1 | cID:AAAHJg | u:admin] INFO  RPC - "0.009","Render Widget for preview","/_default/Home (null, 1)/com.polarion.scriptInline/polarion_wiki macro name=table;params=header=no|border=no|padding=0px|uid=client28_iw_1"
2026-06-23 11:27:47,199 [ajp-nio-127.0.0.1-8889-exec-6 | cID:AAAHKQ | u:admin] INFO  RPC - "0.005","Render Widget for preview","/_default/Home (null, 1)/com.polarion.scriptInline/polarion_wiki macro name=table;params=header=no|border=no|padding=0px|uid=client28_iw_2"
2026-06-23 11:27:47,219 [ajp-nio-127.0.0.1-8889-exec-3 | cID:AAAHKg | u:admin] INFO  RPC - "0.004","Render Widget for preview","/_default/Home (null, 1)/com.polarion.scriptInline/polarion_wiki macro name=table;params=header=no|border=no|padding=0px|uid=client28_iw_3"
2026-06-23 11:27:47,231 [ajp-nio-127.0.0.1-8889-exec-5 | cID:AAAHKw | u:admin] INFO  RPC - "0.005","Render Widget for preview","/_default/Home (null, 1)/com.polarion.scriptBlock/polarion_client45"
2026-06-23 11:28:32,259 [ajp-nio-127.0.0.1-8889-exec-4 | cID:AAAHNw] INFO  PolarionLicensing - User 'admin' logged out with concurrent ALM
2026-06-23 11:28:32,259 [ajp-nio-127.0.0.1-8889-exec-4 | cID:AAAHNw] INFO  (SECURITY) com.polarion.platform.session.SsoUserRegistry - [AUTH-0009] - Session invalidated for user 'admin'.
2026-06-23 11:28:32,260 [ajp-nio-127.0.0.1-8889-exec-4 | cID:AAAHNw] INFO  PolarionLicensing - User 'admin' logged out with concurrent ALM
2026-06-23 11:28:32,260 [ajp-nio-127.0.0.1-8889-exec-4 | cID:AAAHNw] INFO  (SECURITY) com.polarion.platform.session.SsoUserRegistry - [AUTH-0009] - Session invalidated for user 'admin'.
2026-06-23 11:28:32,260 [ajp-nio-127.0.0.1-8889-exec-4 | cID:AAAHNw] INFO  (SECURITY) com.polarion.platform.session.PolarionLocalSingleSignOn - [AUTH-0009] - User 'admin' logged out.
2026-06-23 11:28:58,404 [ajp-nio-127.0.0.1-8889-exec-1 | cID:AAAHRQ | u:p] INFO  (SECURITY) com.polarion.platform.internal.security.auth.LoginFlowUserPassword - [AUTH-0001] - User 'admin' authenticated. Source: portal/UNSET.
2026-06-23 11:28:58,404 [ajp-nio-127.0.0.1-8889-exec-1 | cID:AAAHRQ] INFO  (SECURITY) com.polarion.alm.projects.internal.PasswordLoginManager - [AUTH-0001] - User 'admin' logged in by 'Password' mechanism. Source: portal/UNSET.
2026-06-23 11:28:58,405 [ajp-nio-127.0.0.1-8889-exec-1 | cID:AAAHRQ] INFO  PolarionLicensing - STATS:concurrentALMUser,current:1,peak:1,limit:120000
2026-06-23 11:28:58,560 [ajp-nio-127.0.0.1-8889-exec-10 | cID:AAAHRg | u:p] INFO  (SECURITY) com.polarion.platform.internal.security.auth.LoginFlowUserPassword - [AUTH-0001] - User 'admin' authenticated. Source: portal/UNSET.
2026-06-23 11:28:58,561 [ajp-nio-127.0.0.1-8889-exec-10 | cID:AAAHRg] INFO  (SECURITY) com.polarion.alm.projects.internal.PasswordLoginManager - [AUTH-0001] - User 'admin' logged in by 'Password' mechanism. Source: portal/UNSET.
2026-06-23 11:28:58,562 [ajp-nio-127.0.0.1-8889-exec-10 | cID:AAAHRg] INFO  PolarionLicensing - STATS:concurrentALMUser,current:1,peak:1,limit:120000
2026-06-23 11:28:58,854 [ajp-nio-127.0.0.1-8889-exec-1 | cID:AAAHRQ] INFO  PolarionLicensing - User 'admin' logged in with concurrent ALM
2026-06-23 11:28:58,854 [ajp-nio-127.0.0.1-8889-exec-10 | cID:AAAHRg] INFO  PolarionLicensing - User 'admin' logged in with concurrent ALM
2026-06-23 11:28:58,854 [ajp-nio-127.0.0.1-8889-exec-10 | cID:AAAHRg] INFO  TXLOGGER - Summary for 'servlet /polarion/j_security_check': Total: 0.295 s, CPU [system: 0.00257 s], Allocated memory: 629.3 kB, transactions: 1, PolarionAuthenticator: 0.295 s [100% authenticate (1x)] (1x), SaltLicense: 0.293 s [100% userLoggedIn (1x)] (1x)
2026-06-23 11:28:58,855 [ajp-nio-127.0.0.1-8889-exec-1 | cID:AAAHRQ] INFO  TXLOGGER - Summary for 'servlet /polarion/j_security_check': Total: 0.452 s, CPU [system: 0.0029 s], Allocated memory: 604.2 kB, transactions: 1, PolarionAuthenticator: 0.452 s [100% authenticate (1x)] (1x), SaltLicense: 0.449 s [100% userLoggedIn (1x)] (1x)
2026-06-23 11:29:00,388 [ajp-nio-127.0.0.1-8889-exec-1 | cID:AAAHUA | u:admin] INFO  TXLOGGER - Tx 67bcf3f116226_0_67bcf3f116226_0_: finished. Total: 0.14 s, CPU [system: 0.00213 s], Allocated memory: 150.1 kB
2026-06-23 11:29:00,390 [ajp-nio-127.0.0.1-8889-exec-1 | cID:AAAHUA] INFO  TXLOGGER - Summary for 'servlet /polarion/gwt/com.polarion.UI/PortalDataService': Total: 0.144 s, CPU [system: 0.00583 s], Allocated memory: 685.4 kB, transactions: 1, PortalDataService: 0.141 s [100% getInitData (1x)] (1x)
2026-06-23 11:29:01,048 [ajp-nio-127.0.0.1-8889-exec-1 | cID:AAAHWw | u:admin] INFO  RPC - "0.021","Load Rich Page for preview","/_default/Home (null, 1)"
2026-06-23 11:29:01,290 [ajp-nio-127.0.0.1-8889-exec-5 | cID:AAAHZQ | u:admin] INFO  RPC - "0.005","Render Widget for preview","/_default/Home (null, 1)/com.polarion.scriptBlock/polarion_client11"
2026-06-23 11:29:01,305 [ajp-nio-127.0.0.1-8889-exec-3 | cID:AAAHZg | u:admin] INFO  RPC - "0.003","Render Widget for preview","/_default/Home (null, 1)/com.polarion.scriptInline/polarion_wiki macro name=table;params=header=no|border=no|padding=0px|uid=client28_iw_1"
2026-06-23 11:29:01,384 [ajp-nio-127.0.0.1-8889-exec-7 | cID:AAAHZw | u:admin] INFO  RPC - "0.004","Render Widget for preview","/_default/Home (null, 1)/com.polarion.scriptInline/polarion_wiki macro name=table;params=header=no|border=no|padding=0px|uid=client28_iw_2"
2026-06-23 11:29:01,407 [ajp-nio-127.0.0.1-8889-exec-9 | cID:AAAHag | u:admin] INFO  RPC - "0.004","Render Widget for preview","/_default/Home (null, 1)/com.polarion.scriptBlock/polarion_client45"
2026-06-23 11:29:01,431 [ajp-nio-127.0.0.1-8889-exec-4 | cID:AAAHaQ | u:admin] INFO  RPC - "0.030","Render Widget for preview","/_default/Home (null, 1)/com.polarion.scriptInline/polarion_wiki macro name=table;params=header=no|border=no|padding=0px|uid=client28_iw_3"
2026-06-23 11:29:01,443 [ajp-nio-127.0.0.1-8889-exec-1 | cID:AAAHaA | u:admin] INFO  RPC - "0.048","Load Rich Page for preview","/_default/Home (null, 1)"
2026-06-23 11:29:01,754 [ajp-nio-127.0.0.1-8889-exec-6 | cID:AAAHeA | u:admin] INFO  RPC - "0.006","Render Widget for preview","/_default/Home (null, 1)/com.polarion.scriptBlock/polarion_client11"
2026-06-23 11:29:01,760 [ajp-nio-127.0.0.1-8889-exec-1 | cID:AAAHeQ | u:admin] INFO  RPC - "0.005","Render Widget for preview","/_default/Home (null, 1)/com.polarion.scriptInline/polarion_wiki macro name=table;params=header=no|border=no|padding=0px|uid=client28_iw_1"
2026-06-23 11:29:01,813 [ajp-nio-127.0.0.1-8889-exec-3 | cID:AAAHeg | u:admin] INFO  RPC - "0.004","Render Widget for preview","/_default/Home (null, 1)/com.polarion.scriptInline/polarion_wiki macro name=table;params=header=no|border=no|padding=0px|uid=client28_iw_2"
2026-06-23 11:29:01,817 [ajp-nio-127.0.0.1-8889-exec-7 | cID:AAAHew | u:admin] INFO  RPC - "0.004","Render Widget for preview","/_default/Home (null, 1)/com.polarion.scriptInline/polarion_wiki macro name=table;params=header=no|border=no|padding=0px|uid=client28_iw_3"
2026-06-23 11:29:01,819 [ajp-nio-127.0.0.1-8889-exec-10 | cID:AAAHfA | u:admin] INFO  RPC - "0.004","Render Widget for preview","/_default/Home (null, 1)/com.polarion.scriptBlock/polarion_client45"
2026-06-23 11:29:07,045 [ajp-nio-127.0.0.1-8889-exec-3 | cID:AAAHhA] INFO  PolarionLicensing - User 'admin' logged out with concurrent ALM
2026-06-23 11:29:07,046 [ajp-nio-127.0.0.1-8889-exec-3 | cID:AAAHhA] INFO  (SECURITY) com.polarion.platform.session.SsoUserRegistry - [AUTH-0009] - Session invalidated for user 'admin'.
2026-06-23 11:29:07,046 [ajp-nio-127.0.0.1-8889-exec-3 | cID:AAAHhA] INFO  PolarionLicensing - User 'admin' logged out with concurrent ALM
2026-06-23 11:29:07,046 [ajp-nio-127.0.0.1-8889-exec-3 | cID:AAAHhA] INFO  (SECURITY) com.polarion.platform.session.SsoUserRegistry - [AUTH-0009] - Session invalidated for user 'admin'.
2026-06-23 11:29:07,046 [ajp-nio-127.0.0.1-8889-exec-3 | cID:AAAHhA] INFO  (SECURITY) com.polarion.platform.session.PolarionLocalSingleSignOn - [AUTH-0009] - User 'admin' logged out.
2026-06-23 11:29:28,418 [ajp-nio-127.0.0.1-8889-exec-8 | cID:AAAHkg | u:p] INFO  (SECURITY) com.polarion.platform.internal.security.auth.LoginFlowUserPassword - [AUTH-0001] - User 'admin' authenticated. Source: portal/UNSET.
2026-06-23 11:29:28,419 [ajp-nio-127.0.0.1-8889-exec-8 | cID:AAAHkg] INFO  (SECURITY) com.polarion.alm.projects.internal.PasswordLoginManager - [AUTH-0001] - User 'admin' logged in by 'Password' mechanism. Source: portal/UNSET.
2026-06-23 11:29:28,419 [ajp-nio-127.0.0.1-8889-exec-8 | cID:AAAHkg] INFO  PolarionLicensing - STATS:concurrentALMUser,current:1,peak:1,limit:120000
2026-06-23 11:29:28,548 [ajp-nio-127.0.0.1-8889-exec-2 | cID:AAAHkw | u:p] INFO  (SECURITY) com.polarion.platform.internal.security.auth.LoginFlowUserPassword - [AUTH-0001] - User 'admin' authenticated. Source: portal/UNSET.
2026-06-23 11:29:28,549 [ajp-nio-127.0.0.1-8889-exec-2 | cID:AAAHkw] INFO  (SECURITY) com.polarion.alm.projects.internal.PasswordLoginManager - [AUTH-0001] - User 'admin' logged in by 'Password' mechanism. Source: portal/UNSET.
2026-06-23 11:29:28,549 [ajp-nio-127.0.0.1-8889-exec-2 | cID:AAAHkw] INFO  PolarionLicensing - STATS:concurrentALMUser,current:1,peak:1,limit:120000
2026-06-23 11:29:28,823 [ajp-nio-127.0.0.1-8889-exec-8 | cID:AAAHkg] INFO  PolarionLicensing - User 'admin' logged in with concurrent ALM
2026-06-23 11:29:28,824 [ajp-nio-127.0.0.1-8889-exec-8 | cID:AAAHkg] INFO  TXLOGGER - Summary for 'servlet /polarion/j_security_check': Total: 0.407 s, CPU [system: 0.00254 s], Allocated memory: 604.2 kB, transactions: 1, PolarionAuthenticator: 0.407 s [100% authenticate (1x)] (1x), SaltLicense: 0.404 s [100% userLoggedIn (1x)] (1x)
2026-06-23 11:29:28,824 [ajp-nio-127.0.0.1-8889-exec-2 | cID:AAAHkw] INFO  PolarionLicensing - User 'admin' logged in with concurrent ALM
2026-06-23 11:29:28,824 [ajp-nio-127.0.0.1-8889-exec-2 | cID:AAAHkw] INFO  TXLOGGER - Summary for 'servlet /polarion/j_security_check': Total: 0.277 s, CPU [system: 0.00219 s], Allocated memory: 603.9 kB, transactions: 1, PolarionAuthenticator: 0.277 s [100% authenticate (1x)] (1x), SaltLicense: 0.275 s [100% userLoggedIn (1x)] (1x)
2026-06-23 11:29:30,096 [ajp-nio-127.0.0.1-8889-exec-5 | cID:AAAHng | u:admin] INFO  TXLOGGER - Tx 67bcf40e1b240_0_67bcf40e1b240_0_: finished. Total: 0.132 s, CPU [system: 0.00162 s], Allocated memory: 150.4 kB
2026-06-23 11:29:30,097 [ajp-nio-127.0.0.1-8889-exec-5 | cID:AAAHng] INFO  TXLOGGER - Summary for 'servlet /polarion/gwt/com.polarion.UI/PortalDataService': Total: 0.134 s, CPU [system: 0.00378 s], Allocated memory: 574.5 kB, transactions: 1, PortalDataService: 0.132 s [100% getInitData (1x)] (1x)
2026-06-23 11:29:30,705 [ajp-nio-127.0.0.1-8889-exec-2 | cID:AAAHpw | u:admin] INFO  RPC - "0.020","Load Rich Page for preview","/_default/Home (null, 1)"
2026-06-23 11:29:30,939 [ajp-nio-127.0.0.1-8889-exec-4 | cID:AAAHsQ | u:admin] INFO  RPC - "0.004","Render Widget for preview","/_default/Home (null, 1)/com.polarion.scriptBlock/polarion_client11"
2026-06-23 11:29:30,951 [ajp-nio-127.0.0.1-8889-exec-1 | cID:AAAHsg | u:admin] INFO  RPC - "0.004","Render Widget for preview","/_default/Home (null, 1)/com.polarion.scriptInline/polarion_wiki macro name=table;params=header=no|border=no|padding=0px|uid=client28_iw_1"
2026-06-23 11:29:31,044 [ajp-nio-127.0.0.1-8889-exec-2 | cID:AAAHtA | u:admin] INFO  RPC - "0.005","Render Widget for preview","/_default/Home (null, 1)/com.polarion.scriptInline/polarion_wiki macro name=table;params=header=no|border=no|padding=0px|uid=client28_iw_2"
2026-06-23 11:29:31,070 [ajp-nio-127.0.0.1-8889-exec-8 | cID:AAAHuQ | u:admin] INFO  RPC - "0.003","Render Widget for preview","/_default/Home (null, 1)/com.polarion.scriptInline/polarion_wiki macro name=table;params=header=no|border=no|padding=0px|uid=client28_iw_3"
2026-06-23 11:29:31,078 [ajp-nio-127.0.0.1-8889-exec-6 | cID:AAAHtQ | u:admin] INFO  RPC - "0.022","Load Rich Page for preview","/_default/Home (null, 1)"
2026-06-23 11:29:31,086 [ajp-nio-127.0.0.1-8889-exec-10 | cID:AAAHug | u:admin] INFO  RPC - "0.004","Render Widget for preview","/_default/Home (null, 1)/com.polarion.scriptBlock/polarion_client45"
2026-06-23 11:29:31,336 [ajp-nio-127.0.0.1-8889-exec-1 | cID:AAAHxQ | u:admin] INFO  RPC - "0.007","Render Widget for preview","/_default/Home (null, 1)/com.polarion.scriptBlock/polarion_client11"
2026-06-23 11:29:31,353 [ajp-nio-127.0.0.1-8889-exec-4 | cID:AAAHxg | u:admin] INFO  RPC - "0.005","Render Widget for preview","/_default/Home (null, 1)/com.polarion.scriptInline/polarion_wiki macro name=table;params=header=no|border=no|padding=0px|uid=client28_iw_1"
2026-06-23 11:29:31,427 [ajp-nio-127.0.0.1-8889-exec-5 | cID:AAAHxw | u:admin] INFO  RPC - "0.004","Render Widget for preview","/_default/Home (null, 1)/com.polarion.scriptInline/polarion_wiki macro name=table;params=header=no|border=no|padding=0px|uid=client28_iw_2"
2026-06-23 11:29:31,434 [ajp-nio-127.0.0.1-8889-exec-2 | cID:AAAHyA | u:admin] INFO  RPC - "0.005","Render Widget for preview","/_default/Home (null, 1)/com.polarion.scriptInline/polarion_wiki macro name=table;params=header=no|border=no|padding=0px|uid=client28_iw_3"
2026-06-23 11:29:31,446 [ajp-nio-127.0.0.1-8889-exec-3 | cID:AAAHyQ | u:admin] INFO  RPC - "0.005","Render Widget for preview","/_default/Home (null, 1)/com.polarion.scriptBlock/polarion_client45"
2026-06-23 11:29:39,903 [ajp-nio-127.0.0.1-8889-exec-5 | cID:AAAH0Q] INFO  PolarionLicensing - User 'admin' logged out with concurrent ALM
2026-06-23 11:29:39,903 [ajp-nio-127.0.0.1-8889-exec-5 | cID:AAAH0Q] INFO  (SECURITY) com.polarion.platform.session.SsoUserRegistry - [AUTH-0009] - Session invalidated for user 'admin'.
2026-06-23 11:29:39,904 [ajp-nio-127.0.0.1-8889-exec-5 | cID:AAAH0Q] INFO  PolarionLicensing - User 'admin' logged out with concurrent ALM
2026-06-23 11:29:39,904 [ajp-nio-127.0.0.1-8889-exec-5 | cID:AAAH0Q] INFO  (SECURITY) com.polarion.platform.session.SsoUserRegistry - [AUTH-0009] - Session invalidated for user 'admin'.
2026-06-23 11:29:39,904 [ajp-nio-127.0.0.1-8889-exec-5 | cID:AAAH0Q] INFO  (SECURITY) com.polarion.platform.session.PolarionLocalSingleSignOn - [AUTH-0009] - User 'admin' logged out.
2026-06-23 11:29:58,794 [ajp-nio-127.0.0.1-8889-exec-7 | cID:AAAH3g | u:p] INFO  (SECURITY) com.polarion.platform.internal.security.auth.LoginFlowUserPassword - [AUTH-0001] - User 'admin' authenticated. Source: portal/UNSET.
2026-06-23 11:29:58,794 [ajp-nio-127.0.0.1-8889-exec-7 | cID:AAAH3g] INFO  (SECURITY) com.polarion.alm.projects.internal.PasswordLoginManager - [AUTH-0001] - User 'admin' logged in by 'Password' mechanism. Source: portal/UNSET.
2026-06-23 11:29:58,795 [ajp-nio-127.0.0.1-8889-exec-7 | cID:AAAH3g] INFO  PolarionLicensing - STATS:concurrentALMUser,current:1,peak:1,limit:120000
2026-06-23 11:29:59,119 [ajp-nio-127.0.0.1-8889-exec-8 | cID:AAAH4A | u:p] INFO  (SECURITY) com.polarion.platform.internal.security.auth.LoginFlowUserPassword - [AUTH-0001] - User 'admin' authenticated. Source: portal/UNSET.
2026-06-23 11:29:59,120 [ajp-nio-127.0.0.1-8889-exec-8 | cID:AAAH4A] INFO  (SECURITY) com.polarion.alm.projects.internal.PasswordLoginManager - [AUTH-0001] - User 'admin' logged in by 'Password' mechanism. Source: portal/UNSET.
2026-06-23 11:29:59,120 [ajp-nio-127.0.0.1-8889-exec-8 | cID:AAAH4A] INFO  PolarionLicensing - STATS:concurrentALMUser,current:1,peak:1,limit:120000
2026-06-23 11:29:59,272 [ajp-nio-127.0.0.1-8889-exec-7 | cID:AAAH3g] INFO  PolarionLicensing - User 'admin' logged in with concurrent ALM
2026-06-23 11:29:59,273 [ajp-nio-127.0.0.1-8889-exec-7 | cID:AAAH3g] INFO  TXLOGGER - Summary for 'servlet /polarion/j_security_check': Total: 0.48 s, CPU [user: 0.01 s], Allocated memory: 604.1 kB, transactions: 1, PolarionAuthenticator: 0.48 s [100% authenticate (1x)] (1x), SaltLicense: 0.478 s [100% userLoggedIn (1x)] (1x)
2026-06-23 11:29:59,273 [ajp-nio-127.0.0.1-8889-exec-8 | cID:AAAH4A] INFO  PolarionLicensing - User 'admin' logged in with concurrent ALM
2026-06-23 11:29:59,273 [ajp-nio-127.0.0.1-8889-exec-8 | cID:AAAH4A] INFO  TXLOGGER - Summary for 'servlet /polarion/j_security_check': Total: 0.158 s, CPU [system: 0.00243 s], Allocated memory: 603.8 kB, transactions: 1, PolarionAuthenticator: 0.158 s [100% authenticate (1x)] (1x), SaltLicense: 0.153 s [100% userLoggedIn (1x)] (1x)
2026-06-23 11:30:00,680 [ajp-nio-127.0.0.1-8889-exec-6 | cID:AAAH6w | u:admin] INFO  TXLOGGER - Tx 67bcf42bed25a_0_67bcf42bed25a_0_: finished. Total: 0.179 s, CPU [system: 0.00144 s], Allocated memory: 150.2 kB
2026-06-23 11:30:00,681 [ajp-nio-127.0.0.1-8889-exec-6 | cID:AAAH6w] INFO  TXLOGGER - Summary for 'servlet /polarion/gwt/com.polarion.UI/PortalDataService': Total: 0.182 s, CPU [system: 0.0045 s], Allocated memory: 672.7 kB, transactions: 1, PortalDataService: 0.18 s [100% getInitData (1x)] (1x)
2026-06-23 11:30:01,305 [ajp-nio-127.0.0.1-8889-exec-8 | cID:AAAH9A | u:admin] INFO  RPC - "0.026","Load Rich Page for preview","/_default/Home (null, 1)"
2026-06-23 11:30:01,590 [ajp-nio-127.0.0.1-8889-exec-6 | cID:AAAH_w | u:admin] INFO  RPC - "0.005","Render Widget for preview","/_default/Home (null, 1)/com.polarion.scriptBlock/polarion_client11"
2026-06-23 11:30:01,639 [ajp-nio-127.0.0.1-8889-exec-4 | cID:AAAIAA | u:admin] INFO  RPC - "0.027","Load Rich Page for preview","/_default/Home (null, 1)"
2026-06-23 11:30:01,721 [ajp-nio-127.0.0.1-8889-exec-9 | cID:AAAIBQ | u:admin] INFO  RPC - "0.009","Render Widget for preview","/_default/Home (null, 1)/com.polarion.scriptInline/polarion_wiki macro name=table;params=header=no|border=no|padding=0px|uid=client28_iw_3"
2026-06-23 11:30:01,725 [ajp-nio-127.0.0.1-8889-exec-10 | cID:AAAIBw | u:admin] INFO  RPC - "0.013","Render Widget for preview","/_default/Home (null, 1)/com.polarion.scriptInline/polarion_wiki macro name=table;params=header=no|border=no|padding=0px|uid=client28_iw_2"
2026-06-23 11:30:01,725 [ajp-nio-127.0.0.1-8889-exec-3 | cID:AAAICA | u:admin] INFO  RPC - "0.005","Render Widget for preview","/_default/Home (null, 1)/com.polarion.scriptBlock/polarion_client45"
2026-06-23 11:30:01,726 [ajp-nio-127.0.0.1-8889-exec-7 | cID:AAAIBg | u:admin] INFO  RPC - "0.014","Render Widget for preview","/_default/Home (null, 1)/com.polarion.scriptInline/polarion_wiki macro name=table;params=header=no|border=no|padding=0px|uid=client28_iw_1"
2026-06-23 11:30:01,912 [ajp-nio-127.0.0.1-8889-exec-1 | cID:AAAIDA | u:admin] INFO  RPC - "0.005","Render Widget for preview","/_default/Home (null, 1)/com.polarion.scriptInline/polarion_wiki macro name=table;params=header=no|border=no|padding=0px|uid=client28_iw_1"
2026-06-23 11:30:01,913 [ajp-nio-127.0.0.1-8889-exec-5 | cID:AAAIDQ | u:admin] INFO  RPC - "0.006","Render Widget for preview","/_default/Home (null, 1)/com.polarion.scriptBlock/polarion_client11"
2026-06-23 11:30:02,047 [ajp-nio-127.0.0.1-8889-exec-8 | cID:AAAIFA | u:admin] INFO  RPC - "0.005","Render Widget for preview","/_default/Home (null, 1)/com.polarion.scriptInline/polarion_wiki macro name=table;params=header=no|border=no|padding=0px|uid=client28_iw_2"
2026-06-23 11:30:02,094 [ajp-nio-127.0.0.1-8889-exec-1 | cID:AAAIFQ | u:admin] INFO  RPC - "0.005","Render Widget for preview","/_default/Home (null, 1)/com.polarion.scriptInline/polarion_wiki macro name=table;params=header=no|border=no|padding=0px|uid=client28_iw_3"
2026-06-23 11:30:02,099 [ajp-nio-127.0.0.1-8889-exec-5 | cID:AAAIFg | u:admin] INFO  RPC - "0.004","Render Widget for preview","/_default/Home (null, 1)/com.polarion.scriptBlock/polarion_client45"
2026-06-23 11:30:09,901 [ajp-nio-127.0.0.1-8889-exec-3 | cID:AAAIHQ] INFO  PolarionLicensing - User 'admin' logged out with concurrent ALM
2026-06-23 11:30:09,901 [ajp-nio-127.0.0.1-8889-exec-3 | cID:AAAIHQ] INFO  (SECURITY) com.polarion.platform.session.SsoUserRegistry - [AUTH-0009] - Session invalidated for user 'admin'.
2026-06-23 11:30:09,902 [ajp-nio-127.0.0.1-8889-exec-3 | cID:AAAIHQ] INFO  PolarionLicensing - User 'admin' logged out with concurrent ALM
2026-06-23 11:30:09,902 [ajp-nio-127.0.0.1-8889-exec-3 | cID:AAAIHQ] INFO  (SECURITY) com.polarion.platform.session.SsoUserRegistry - [AUTH-0009] - Session invalidated for user 'admin'.
2026-06-23 11:30:09,902 [ajp-nio-127.0.0.1-8889-exec-3 | cID:AAAIHQ] INFO  (SECURITY) com.polarion.platform.session.PolarionLocalSingleSignOn - [AUTH-0009] - User 'admin' logged out.
2026-06-23 11:30:33,517 [ajp-nio-127.0.0.1-8889-exec-9 | cID:AAAILA | u:p] INFO  (SECURITY) com.polarion.platform.internal.security.auth.LoginFlowUserPassword - [AUTH-0001] - User 'admin' authenticated. Source: portal/UNSET.
2026-06-23 11:30:33,517 [ajp-nio-127.0.0.1-8889-exec-9 | cID:AAAILA] INFO  (SECURITY) com.polarion.alm.projects.internal.PasswordLoginManager - [AUTH-0001] - User 'admin' logged in by 'Password' mechanism. Source: portal/UNSET.
2026-06-23 11:30:33,518 [ajp-nio-127.0.0.1-8889-exec-9 | cID:AAAILA] INFO  PolarionLicensing - STATS:concurrentALMUser,current:1,peak:1,limit:120000
2026-06-23 11:30:33,701 [ajp-nio-127.0.0.1-8889-exec-7 | cID:AAAILQ | u:p] INFO  (SECURITY) com.polarion.platform.internal.security.auth.LoginFlowUserPassword - [AUTH-0001] - User 'admin' authenticated. Source: portal/UNSET.
2026-06-23 11:30:33,701 [ajp-nio-127.0.0.1-8889-exec-7 | cID:AAAILQ] INFO  (SECURITY) com.polarion.alm.projects.internal.PasswordLoginManager - [AUTH-0001] - User 'admin' logged in by 'Password' mechanism. Source: portal/UNSET.
2026-06-23 11:30:33,702 [ajp-nio-127.0.0.1-8889-exec-7 | cID:AAAILQ] INFO  PolarionLicensing - STATS:concurrentALMUser,current:1,peak:1,limit:120000
2026-06-23 11:30:34,012 [ajp-nio-127.0.0.1-8889-exec-9 | cID:AAAILA] INFO  PolarionLicensing - User 'admin' logged in with concurrent ALM
2026-06-23 11:30:34,013 [ajp-nio-127.0.0.1-8889-exec-9 | cID:AAAILA] INFO  TXLOGGER - Summary for 'servlet /polarion/j_security_check': Total: 0.497 s, CPU [user: 0.01 s], Allocated memory: 604.0 kB, transactions: 1, PolarionAuthenticator: 0.497 s [100% authenticate (1x)] (1x), SaltLicense: 0.495 s [100% userLoggedIn (1x)] (1x)
2026-06-23 11:30:34,013 [ajp-nio-127.0.0.1-8889-exec-7 | cID:AAAILQ] INFO  PolarionLicensing - User 'admin' logged in with concurrent ALM
2026-06-23 11:30:34,013 [ajp-nio-127.0.0.1-8889-exec-7 | cID:AAAILQ] INFO  TXLOGGER - Summary for 'servlet /polarion/j_security_check': Total: 0.314 s, CPU [system: 0.00233 s], Allocated memory: 603.8 kB, transactions: 1, PolarionAuthenticator: 0.313 s [100% authenticate (1x)] (1x), SaltLicense: 0.311 s [100% userLoggedIn (1x)] (1x)
2026-06-23 11:30:35,518 [ajp-nio-127.0.0.1-8889-exec-2 | cID:AAAIOA | u:admin] INFO  TXLOGGER - Tx 67bcf44df6674_0_67bcf44df6674_0_: finished. Total: 0.164 s, CPU [system: 0.0015 s], Allocated memory: 150.2 kB
2026-06-23 11:30:35,519 [ajp-nio-127.0.0.1-8889-exec-2 | cID:AAAIOA] INFO  TXLOGGER - Summary for 'servlet /polarion/gwt/com.polarion.UI/PortalDataService': Total: 0.167 s, CPU [system: 0.00381 s], Allocated memory: 574.3 kB, transactions: 1, PortalDataService: 0.165 s [100% getInitData (1x)] (1x)
2026-06-23 11:30:36,199 [ajp-nio-127.0.0.1-8889-exec-4 | cID:AAAIPw | u:admin] INFO  RPC - "0.027","Load Rich Page for preview","/_default/Home (null, 1)"
2026-06-23 11:30:36,448 [ajp-nio-127.0.0.1-8889-exec-9 | cID:AAAISQ | u:admin] INFO  RPC - "0.005","Render Widget for preview","/_default/Home (null, 1)/com.polarion.scriptBlock/polarion_client11"
2026-06-23 11:30:36,478 [ajp-nio-127.0.0.1-8889-exec-4 | cID:AAAITA | u:admin] INFO  RPC - "0.007","Render Widget for preview","/_default/Home (null, 1)/com.polarion.scriptInline/polarion_wiki macro name=table;params=header=no|border=no|padding=0px|uid=client28_iw_1"
2026-06-23 11:30:36,531 [ajp-nio-127.0.0.1-8889-exec-2 | cID:AAAITQ | u:admin] INFO  RPC - "0.005","Render Widget for preview","/_default/Home (null, 1)/com.polarion.scriptInline/polarion_wiki macro name=table;params=header=no|border=no|padding=0px|uid=client28_iw_2"
2026-06-23 11:30:36,571 [ajp-nio-127.0.0.1-8889-exec-3 | cID:AAAIUA | u:admin] INFO  RPC - "0.004","Render Widget for preview","/_default/Home (null, 1)/com.polarion.scriptBlock/polarion_client45"
2026-06-23 11:30:36,572 [ajp-nio-127.0.0.1-8889-exec-8 | cID:AAAITw | u:admin] INFO  RPC - "0.012","Render Widget for preview","/_default/Home (null, 1)/com.polarion.scriptInline/polarion_wiki macro name=table;params=header=no|border=no|padding=0px|uid=client28_iw_3"
2026-06-23 11:30:36,745 [ajp-nio-127.0.0.1-8889-exec-6 | cID:AAAIVA | u:admin] INFO  RPC - "0.038","Load Rich Page for preview","/_default/Home (null, 1)"
2026-06-23 11:30:37,086 [ajp-nio-127.0.0.1-8889-exec-2 | cID:AAAIXw | u:admin] INFO  RPC - "0.010","Render Widget for preview","/_default/Home (null, 1)/com.polarion.scriptBlock/polarion_client11"
2026-06-23 11:30:37,086 [ajp-nio-127.0.0.1-8889-exec-4 | cID:AAAIYA | u:admin] INFO  RPC - "0.006","Render Widget for preview","/_default/Home (null, 1)/com.polarion.scriptInline/polarion_wiki macro name=table;params=header=no|border=no|padding=0px|uid=client28_iw_1"
2026-06-23 11:30:37,200 [ajp-nio-127.0.0.1-8889-exec-6 | cID:AAAIYg | u:admin] INFO  RPC - "0.004","Render Widget for preview","/_default/Home (null, 1)/com.polarion.scriptInline/polarion_wiki macro name=table;params=header=no|border=no|padding=0px|uid=client28_iw_3"
2026-06-23 11:30:37,200 [ajp-nio-127.0.0.1-8889-exec-10 | cID:AAAIYQ | u:admin] INFO  RPC - "0.008","Render Widget for preview","/_default/Home (null, 1)/com.polarion.scriptInline/polarion_wiki macro name=table;params=header=no|border=no|padding=0px|uid=client28_iw_2"
2026-06-23 11:30:37,212 [ajp-nio-127.0.0.1-8889-exec-8 | cID:AAAIYw | u:admin] INFO  RPC - "0.004","Render Widget for preview","/_default/Home (null, 1)/com.polarion.scriptBlock/polarion_client45"
2026-06-23 11:30:46,061 [ajp-nio-127.0.0.1-8889-exec-6 | cID:AAAIaw] INFO  PolarionLicensing - User 'admin' logged out with concurrent ALM
2026-06-23 11:30:46,061 [ajp-nio-127.0.0.1-8889-exec-6 | cID:AAAIaw] INFO  (SECURITY) com.polarion.platform.session.SsoUserRegistry - [AUTH-0009] - Session invalidated for user 'admin'.
2026-06-23 11:30:46,061 [ajp-nio-127.0.0.1-8889-exec-6 | cID:AAAIaw] INFO  PolarionLicensing - User 'admin' logged out with concurrent ALM
2026-06-23 11:30:46,061 [ajp-nio-127.0.0.1-8889-exec-6 | cID:AAAIaw] INFO  (SECURITY) com.polarion.platform.session.SsoUserRegistry - [AUTH-0009] - Session invalidated for user 'admin'.
2026-06-23 11:30:46,062 [ajp-nio-127.0.0.1-8889-exec-6 | cID:AAAIaw] INFO  (SECURITY) com.polarion.platform.session.PolarionLocalSingleSignOn - [AUTH-0009] - User 'admin' logged out.
2026-06-23 11:32:29,013 [taskScheduler-1] INFO  (SECURITY) com.siemens.polarion.secrets.manager.vault.providers.impl.FileBackedVaultProvider - [ENC-0004] - Read secret with key: polarion.rt.repo.encrypt.decrypt.key
2026-06-23 11:32:29,015 [taskScheduler-1] INFO  (SECURITY) com.siemens.polarion.secrets.manager.vault.providers.impl.FileBackedVaultProvider - [ENC-0004] - Read secret with key: polarion.rt.repo.encrypt.decrypt.key
2026-06-23 11:32:30,071 [Monitoring] INFO  com.polarion.platform.monitoring - Executing actions from stage PERIODIC with speed FAST
2026-06-23 11:32:30,071 [Monitoring] INFO  com.polarion.platform.monitoring - Executing action 'polarion.sso.statistics'
2026-06-23 11:32:30,071 [Monitoring] INFO  com.polarion.platform.monitoring - polarion.sso.statistics (Statistics of all active sso sessions) = Statistics of logged users 
Logged active users:0
 [Tue Jun 23 11:32:30 CEST 2026]
2026-06-23 11:32:30,074 [Monitoring] INFO  com.polarion.platform.monitoring - Executing action 'system.info.disk.data.free'
2026-06-23 11:32:30,075 [Monitoring] INFO  com.polarion.platform.monitoring - system.info.disk.data.free (Free data disk '/opt/polarion/data' space) = Disk Space 
20.11 GB
 [Tue Jun 23 11:32:30 CEST 2026]
2026-06-23 11:32:30,077 [Monitoring] INFO  com.polarion.platform.monitoring - Executing action 'system.info.garbageCollector.full.cycles'
2026-06-23 11:32:30,077 [Monitoring] INFO  com.polarion.platform.monitoring - system.info.garbageCollector.full.cycles (Full Garbage Collector cycles) = Full Garbage Collector cycles 
Full GC cycles: 0; Time: 0.0 s.
 [Tue Jun 23 11:32:30 CEST 2026]
2026-06-23 11:32:30,080 [Monitoring] INFO  com.polarion.platform.monitoring - Executing action 'system.info.garbageCollector.normal.cycles'
2026-06-23 11:32:30,080 [Monitoring] INFO  com.polarion.platform.monitoring - system.info.garbageCollector.normal.cycles (Normal Garbage Collector cycles) = Normal Garbage Collector cycles 
Normal GC cycles: 19; Time: 0.434 s.
 [Tue Jun 23 11:32:30 CEST 2026]
2026-06-23 11:32:30,083 [Monitoring] INFO  com.polarion.platform.monitoring - Executing action 'system.info.memory.nonheap.free'
2026-06-23 11:32:30,083 [Monitoring] INFO  com.polarion.platform.monitoring - system.info.memory.nonheap.free (Free non-heap memory) = Java Metaspace Memory 
Unlimited
 [Tue Jun 23 11:32:30 CEST 2026]
2026-06-23 11:32:30,089 [Monitoring] INFO  com.polarion.platform.monitoring - Executing action 'system.info.memory.oldGen.free'
2026-06-23 11:32:30,089 [Monitoring] INFO  com.polarion.platform.monitoring - system.info.memory.oldGen.free (Free Old Gen memory after GC) = Java Heap Memory 
Old Gen pool has  94.13% memory free after GC.
 [Tue Jun 23 11:32:30 CEST 2026]
2026-06-23 11:32:30,092 [Monitoring] INFO  com.polarion.platform.monitoring - Finished with actions from stage PERIODIC: {OK=6}
2026-06-23 11:37:47,516 [ajp-nio-127.0.0.1-8889-exec-4 | cID:AAAIfA | u:p] INFO  (SECURITY) com.polarion.platform.internal.security.auth.LoginFlowUserPassword - [AUTH-0001] - User 'admin' authenticated. Source: portal/UNSET.
2026-06-23 11:37:47,517 [ajp-nio-127.0.0.1-8889-exec-4 | cID:AAAIfA | u:p] INFO  PolarionLicensing - STATS:concurrentALMUser,current:1,peak:1,limit:120000
2026-06-23 11:37:47,517 [ajp-nio-127.0.0.1-8889-exec-4 | cID:AAAIfA] INFO  (SECURITY) com.polarion.alm.projects.internal.PasswordLoginManager - [AUTH-0001] - User 'admin' logged in by 'Password' mechanism. Source: portal/UNSET.
2026-06-23 11:37:47,517 [ajp-nio-127.0.0.1-8889-exec-4 | cID:AAAIfA] INFO  PolarionLicensing - STATS:concurrentALMUser,current:1,peak:1,limit:120000
2026-06-23 11:37:47,969 [ajp-nio-127.0.0.1-8889-exec-4 | cID:AAAIfA] INFO  PolarionLicensing - User 'admin' logged in with concurrent ALM
2026-06-23 11:37:47,969 [ajp-nio-127.0.0.1-8889-exec-4 | cID:AAAIfA] INFO  TXLOGGER - Summary for 'servlet /polarion/j_security_check': Total: 0.456 s, CPU [system: 0.00363 s], Allocated memory: 755.9 kB, transactions: 1, PolarionAuthenticator: 0.456 s [100% authenticate (1x)] (1x), SaltLicense: 0.451 s [100% userLoggedIn (1x)] (1x)
2026-06-23 11:37:50,463 [ajp-nio-127.0.0.1-8889-exec-5 | cID:AAAIgw | u:admin] INFO  TXLOGGER - Tx 67bcf5f6bfe8d_0_67bcf5f6bfe8d_0_: finished. Total: 0.127 s, CPU [system: 0.00203 s], Allocated memory: 149.6 kB
2026-06-23 11:37:50,464 [ajp-nio-127.0.0.1-8889-exec-5 | cID:AAAIgw] INFO  TXLOGGER - Summary for 'servlet /polarion/gwt/com.polarion.UI/PortalDataService': Total: 0.13 s, CPU [system: 0.0044 s], Allocated memory: 573.4 kB, transactions: 1, PortalDataService: 0.127 s [100% getInitData (1x)] (1x)
2026-06-23 11:37:51,259 [ajp-nio-127.0.0.1-8889-exec-1 | cID:AAAIjA | u:admin] INFO  TXLOGGER - Tx 67bcf5f798e92_0_67bcf5f798e92_0_: finished. Total: 0.056 s, CPU [user: 0.03 s, system: 0.000743 s], Allocated memory: 4.7 MB, WeakPObjectList: [bulkResolves: 1 secondGetHits: 28 ]
2026-06-23 11:37:51,262 [ajp-nio-127.0.0.1-8889-exec-1 | cID:AAAIjA] INFO  TXLOGGER - Summary for 'servlet /polarion/gwt/com.polarion.UI/UserDataService': Total: 0.061 s, CPU [user: 0.03 s, system: 0.0056 s], Allocated memory: 5.6 MB, transactions: 1, UserDataService: 0.0564 s [100% getUsers (1x)] (1x), WeakPObjectList: [bulkResolves: 1 secondGetHits: 28 ]
2026-06-23 11:37:51,355 [ajp-nio-127.0.0.1-8889-exec-9 | cID:AAAIjw | u:admin] INFO  TXLOGGER - Tx 67bcf5f7bca94_0_67bcf5f7bca94_0_: finished. Total: 0.00816 s, CPU [system: 0.00791 s], Allocated memory: 2.5 MB, WeakPObjectList: [bulkResolves: 1 secondGetHits: 28 ]
2026-06-23 11:37:51,355 [ajp-nio-127.0.0.1-8889-exec-9 | cID:AAAIjw] INFO  TXLOGGER - Summary for 'servlet /polarion/gwt/com.polarion.UI/UserDataService': Total: 0.0107 s, CPU [user: 0.01 s, system: 0.0000927 s], Allocated memory: 3.0 MB, transactions: 1, WeakPObjectList: [bulkResolves: 1 secondGetHits: 28 ]
2026-06-23 11:37:52,085 [ajp-nio-127.0.0.1-8889-exec-6 | cID:AAAIpQ | u:admin] INFO  TXLOGGER - Tx 67bcf5f86c29a_0_67bcf5f86c29a_0_: finished. Total: 0.036 s, CPU [user: 0.02 s, system: 0.00137 s], Allocated memory: 3.6 MB, activeUserQueryParserPreprocessor: 0.0132 s [100% query-parser-preprocess (2x)] (2x), Lucene: 0.0102 s [67% parse (3x), 26% search (1x)] (16x), WeakPObjectList: [bulkResolves: 1 secondGetHits: 28 ]
2026-06-23 11:37:52,086 [ajp-nio-127.0.0.1-8889-exec-6 | cID:AAAIpQ] INFO  TXLOGGER - Summary for 'servlet /polarion/gwt/com.polarion.UI/UserDataService': Total: 0.0393 s, CPU [user: 0.02 s, system: 0.00396 s], Allocated memory: 4.1 MB, transactions: 1, UserDataService: 0.0365 s [100% getUsers (1x)] (1x), activeUserQueryParserPreprocessor: 0.0132 s [100% query-parser-preprocess (2x)] (2x), Lucene: 0.0102 s [67% parse (3x), 26% search (1x)] (16x), WeakPObjectList: [bulkResolves: 1 secondGetHits: 28 ]
2026-06-23 11:37:52,312 [ajp-nio-127.0.0.1-8889-exec-5 | cID:AAAIqg | u:admin] INFO  TXLOGGER - Tx 67bcf5f8aaa9b_0_67bcf5f8aaa9b_0_: finished. Total: 0.0135 s, CPU [system: 0.00777 s], Allocated memory: 2.6 MB, WeakPObjectList: [bulkResolves: 1 secondGetHits: 28 ]
2026-06-23 11:37:52,312 [ajp-nio-127.0.0.1-8889-exec-5 | cID:AAAIqg] INFO  TXLOGGER - Summary for 'servlet /polarion/gwt/com.polarion.UI/UserDataService': Total: 0.0177 s, CPU [user: 0.01 s, system: 0.000798 s], Allocated memory: 3.1 MB, transactions: 1, UserDataService: 0.0138 s [100% getUsers (1x)] (1x), WeakPObjectList: [bulkResolves: 1 secondGetHits: 28 ]
2026-06-23 11:37:52,330 [ajp-nio-127.0.0.1-8889-exec-3 | cID:AAAIqw | u:admin] INFO  com.polarion.subterra.index.impl.lucene.LuceneIndexPair - searcher manager created for index: Plan
2026-06-23 11:37:52,403 [ajp-nio-127.0.0.1-8889-exec-3 | cID:AAAIqw | u:admin] INFO  TXLOGGER - Tx 67bcf5f8aca9c_0_67bcf5f8aca9c_0_: finished. Total: 0.0965 s, CPU [user: 0.07 s, system: 0.000206 s], Allocated memory: 6.2 MB, WeakPObjectList: [bulkResolves: 1 secondGetHits: 10 ]
2026-06-23 11:37:52,420 [ajp-nio-127.0.0.1-8889-exec-3 | cID:AAAIqw] INFO  TXLOGGER - Summary for 'servlet /polarion/gwt/com.polarion.UI/UserDataService': Total: 0.125 s, CPU [user: 0.07 s, system: 0.0125 s], Allocated memory: 9.0 MB, transactions: 1, UserDataService: 0.0972 s [100% loadUser (1x)] (1x), RPC: 0.0216 s [75% encodeResponse (1x), 19% decodeRequest (1x)] (4x), WeakPObjectList: [bulkResolves: 1 secondGetHits: 10 ]
2026-06-23 11:37:53,585 [ajp-nio-127.0.0.1-8889-exec-9 | cID:AAAIyQ | u:admin] INFO  com.polarion.reina.web.internal.server.ria.ServerLogger - 2026-5-23 15:7:54.599  ERROR: Unable to create editor for assignedLicense because the model is null.
2026-06-23 11:37:53,585 [ajp-nio-127.0.0.1-8889-exec-9 | cID:AAAIyQ | u:admin] INFO  com.polarion.reina.web.internal.server.ria.ServerLogger - 2026-5-23 15:7:54.600  ERROR: Unable to create editor for assignedAddonLicenses because the model is null.
2026-06-23 11:37:56,968 [ajp-nio-127.0.0.1-8889-exec-3 | cID:AAAIyw | u:admin] INFO  TXLOGGER - Tx 67bcf5fd38eab_0_67bcf5fd38eab_0_: finished. Total: 0.00575 s, CPU [system: 0.00409 s], Allocated memory: 531.0 kB, WeakPObjectList: [bulkResolves: 1 secondGetHits: 10 ]
2026-06-23 11:37:56,970 [ajp-nio-127.0.0.1-8889-exec-3 | cID:AAAIyw] INFO  TXLOGGER - Summary for 'servlet /polarion/gwt/com.polarion.UI/UserDataService': Total: 0.00869 s, CPU [system: 0.00694 s], Allocated memory: 1.1 MB, transactions: 1, WeakPObjectList: [bulkResolves: 1 secondGetHits: 10 ]
2026-06-23 11:37:58,125 [ajp-nio-127.0.0.1-8889-exec-6 | cID:AAAIzg | u:admin] INFO  com.polarion.reina.web.internal.server.ria.ServerLogger - 2026-5-23 15:7:59.139  ERROR: Unable to create editor for assignedLicense because the model is null.
2026-06-23 11:37:58,125 [ajp-nio-127.0.0.1-8889-exec-6 | cID:AAAIzg | u:admin] INFO  com.polarion.reina.web.internal.server.ria.ServerLogger - 2026-5-23 15:7:59.139  ERROR: Unable to create editor for assignedAddonLicenses because the model is null.
2026-06-23 11:38:11,118 [ajp-nio-127.0.0.1-8889-exec-8 | cID:AAAI1w | u:admin] INFO  TXLOGGER - Tx 67bcf60b0aab0_0_67bcf60b0aab0_0_: finished. Total: 0.00453 s, CPU [system: 0.00323 s], Allocated memory: 477.8 kB, WeakPObjectList: [bulkResolves: 1 secondGetHits: 10 ]
2026-06-23 11:38:11,121 [ajp-nio-127.0.0.1-8889-exec-8 | cID:AAAI1w] INFO  TXLOGGER - Summary for 'servlet /polarion/gwt/com.polarion.UI/UserDataService': Total: 0.0221 s, CPU [user: 0.02 s, system: 0.000233 s], Allocated memory: 3.4 MB, transactions: 2, UserDataService: 0.0135 s [100% saveUser (1x)] (1x), WeakPObjectList: [bulkResolves: 1 secondGetHits: 10 ]
2026-06-23 11:38:11,393 [ajp-nio-127.0.0.1-8889-exec-10 | cID:AAAI2g | u:admin] INFO  TXLOGGER - Tx 67bcf60b4fab1_0_67bcf60b4fab1_0_: finished. Total: 0.00212 s, CPU [system: 0.00218 s], Allocated memory: 315.7 kB, WeakPObjectList: [bulkResolves: 1 secondGetHits: 7 ]
2026-06-23 11:38:11,393 [ajp-nio-127.0.0.1-8889-exec-10 | cID:AAAI2g] INFO  TXLOGGER - Summary for 'servlet /polarion/gwt/com.polarion.UI/UserDataService': Total: 0.00559 s, CPU [user: 0.01 s], Allocated memory: 818.2 kB, transactions: 1, WeakPObjectList: [bulkResolves: 1 secondGetHits: 7 ]
2026-06-23 11:38:11,448 [ajp-nio-127.0.0.1-8889-exec-7 | cID:AAAI2w | u:admin] INFO  TXLOGGER - Tx 67bcf60b5c6b2_0_67bcf60b5c6b2_0_: finished. Total: 0.00706 s, CPU [system: 0.00497 s], Allocated memory: 801.1 kB, WeakPObjectList: [bulkResolves: 1 secondGetHits: 13 ]
2026-06-23 11:38:11,450 [ajp-nio-127.0.0.1-8889-exec-7 | cID:AAAI2w] INFO  TXLOGGER - Summary for 'servlet /polarion/gwt/com.polarion.UI/UserDataService': Total: 0.0105 s, CPU [system: 0.00814 s], Allocated memory: 1.4 MB, transactions: 1, WeakPObjectList: [bulkResolves: 1 secondGetHits: 13 ]
2026-06-23 11:38:12,369 [ajp-nio-127.0.0.1-8889-exec-9 | cID:AAAI3Q | u:admin] INFO  com.polarion.reina.web.internal.server.ria.ServerLogger - 2026-5-23 15:8:13.376  ERROR: Unable to create editor for assignedLicense because the model is null.
2026-06-23 11:38:12,369 [ajp-nio-127.0.0.1-8889-exec-9 | cID:AAAI3Q | u:admin] INFO  com.polarion.reina.web.internal.server.ria.ServerLogger - 2026-5-23 15:8:13.377  ERROR: Unable to create editor for assignedAddonLicenses because the model is null.
2026-06-23 11:38:15,065 [ajp-nio-127.0.0.1-8889-exec-6 | cID:AAAI7A | u:admin] INFO  TXLOGGER - Tx 67bcf60ee2ebb_0_67bcf60ee2ebb_0_: finished. Total: 0.0142 s, CPU [user: 0.01 s], Allocated memory: 2.5 MB, WeakPObjectList: [bulkResolves: 1 secondGetHits: 28 ]
2026-06-23 11:38:15,067 [ajp-nio-127.0.0.1-8889-exec-2 | cID:AAAI6g | u:admin] INFO  TXLOGGER - Tx 67bcf60ee0ab9_0_67bcf60ee0ab9_0_: finished. Total: 0.0246 s, CPU [user: 0.01 s], Allocated memory: 2.5 MB, WeakPObjectList: [bulkResolves: 1 secondGetHits: 28 ]
2026-06-23 11:38:15,068 [ajp-nio-127.0.0.1-8889-exec-6 | cID:AAAI7A] INFO  TXLOGGER - Summary for 'servlet /polarion/gwt/com.polarion.UI/UserDataService': Total: 0.0215 s, CPU [user: 0.01 s], Allocated memory: 3.0 MB, transactions: 1, UserDataService: 0.0144 s [100% getUsers (1x)] (1x), WeakPObjectList: [bulkResolves: 1 secondGetHits: 28 ]
2026-06-23 11:38:15,068 [ajp-nio-127.0.0.1-8889-exec-2 | cID:AAAI6g] INFO  TXLOGGER - Summary for 'servlet /polarion/gwt/com.polarion.UI/UserDataService': Total: 0.0273 s, CPU [user: 0.01 s], Allocated memory: 3.0 MB, transactions: 1, UserDataService: 0.0248 s [100% getUsers (1x)] (1x), WeakPObjectList: [bulkResolves: 1 secondGetHits: 28 ]
2026-06-23 11:38:15,457 [ajp-nio-127.0.0.1-8889-exec-6 | cID:AAAI9w | u:admin] INFO  TXLOGGER - Tx 67bcf60f46ac3_0_67bcf60f46ac3_0_: finished. Total: 0.00596 s, CPU [system: 0.00554 s], Allocated memory: 2.6 MB, WeakPObjectList: [bulkResolves: 1 secondGetHits: 28 ]
2026-06-23 11:38:15,457 [ajp-nio-127.0.0.1-8889-exec-6 | cID:AAAI9w] INFO  TXLOGGER - Summary for 'servlet /polarion/gwt/com.polarion.UI/UserDataService': Total: 0.00806 s, CPU [system: 0.00741 s], Allocated memory: 3.1 MB, transactions: 1, WeakPObjectList: [bulkResolves: 1 secondGetHits: 28 ]
2026-06-23 11:38:15,467 [ajp-nio-127.0.0.1-8889-exec-8 | cID:AAAI9Q | u:admin] INFO  TXLOGGER - Tx 67bcf60f456c2_0_67bcf60f456c2_0_: finished. Total: 0.0224 s, CPU [system: 0.00719 s], Allocated memory: 2.6 MB, WeakPObjectList: [bulkResolves: 1 secondGetHits: 28 ]
2026-06-23 11:38:15,468 [ajp-nio-127.0.0.1-8889-exec-8 | cID:AAAI9Q] INFO  TXLOGGER - Summary for 'servlet /polarion/gwt/com.polarion.UI/UserDataService': Total: 0.0259 s, CPU [user: 0.01 s], Allocated memory: 3.1 MB, transactions: 1, UserDataService: 0.0226 s [100% getUsers (1x)] (1x), WeakPObjectList: [bulkResolves: 1 secondGetHits: 28 ]
2026-06-23 11:38:15,472 [ajp-nio-127.0.0.1-8889-exec-4 | cID:AAAI9g | u:admin] INFO  TXLOGGER - Tx 67bcf60f452c1_0_67bcf60f452c1_0_: finished. Total: 0.0279 s, CPU [user: 0.02 s], Allocated memory: 3.1 MB, WeakPObjectList: [bulkResolves: 1 secondGetHits: 10 ]
2026-06-23 11:38:15,474 [ajp-nio-127.0.0.1-8889-exec-4 | cID:AAAI9g] INFO  TXLOGGER - Summary for 'servlet /polarion/gwt/com.polarion.UI/UserDataService': Total: 0.0307 s, CPU [user: 0.02 s], Allocated memory: 4.2 MB, transactions: 1, UserDataService: 0.028 s [100% loadUser (1x)] (1x), WeakPObjectList: [bulkResolves: 1 secondGetHits: 10 ]
2026-06-23 11:38:16,208 [ajp-nio-127.0.0.1-8889-exec-6 | cID:AAAI_w | u:admin] INFO  RPC - "0.026","Load Rich Page for preview","drivepilot/_default/Home (null, 1)"
2026-06-23 11:38:16,486 [ajp-nio-127.0.0.1-8889-exec-10 | cID:AAAJBw | u:admin] INFO  RPC - "0.014","Render Widget for preview","drivepilot/_default/Home (null, 1)/com.polarion.scriptInline/polarion_client5_iw_1"
2026-06-23 11:38:16,488 [ajp-nio-127.0.0.1-8889-exec-6 | cID:AAAJCQ | u:admin] INFO  RPC - "0.012","Render Widget for preview","drivepilot/_default/Home (null, 1)/com.polarion.scriptInline/polarion_client9_iw_1"
2026-06-23 11:38:16,495 [ajp-nio-127.0.0.1-8889-exec-5 | cID:AAAJCA | u:admin] INFO  RPC - "0.023","Render Widget for preview","drivepilot/_default/Home (null, 1)/com.polarion.scriptInline/polarion_client16_iw_1"
2026-06-23 11:38:16,499 [ajp-nio-127.0.0.1-8889-exec-9 | cID:AAAJBg | u:admin] INFO  RPC - "0.031","Render Widget for preview","drivepilot/_default/Home (null, 1)/com.polarion.scriptBlock/polarion_client10"
2026-06-23 11:38:16,499 [ajp-nio-127.0.0.1-8889-exec-7 | cID:AAAJBQ | u:admin] INFO  RPC - "0.037","Render Widget for preview","drivepilot/_default/Home (null, 1)/com.polarion.scriptBlock/polarion_client11"
2026-06-23 11:38:16,503 [ajp-nio-127.0.0.1-8889-exec-2 | cID:AAAJCg | u:admin | i:drivepilot/_default/Home e:polarion_client1] INFO  com.polarion.subterra.index.impl.lucene.LuceneIndexPair - searcher manager created for index: Activities
2026-06-23 11:38:16,510 [ajp-nio-127.0.0.1-8889-exec-2 | cID:AAAJCg | u:admin] INFO  RPC - "0.031","Render Widget for preview","drivepilot/_default/Home (null, 1)/com.polarion.activityStream/polarion_client1"
2026-06-23 11:38:16,668 [ajp-nio-127.0.0.1-8889-exec-8 | cID:AAAJCw | u:admin] INFO  com.polarion.reina.web.internal.server.ria.ServerLogger - 2026-5-23 15:8:17.654  ERROR: Unable to create editor for assignedLicense because the model is null.
2026-06-23 11:38:16,668 [ajp-nio-127.0.0.1-8889-exec-8 | cID:AAAJCw | u:admin] INFO  com.polarion.reina.web.internal.server.ria.ServerLogger - 2026-5-23 15:8:17.654  ERROR: Unable to create editor for assignedAddonLicenses because the model is null.
2026-06-23 11:38:18,924 [ajp-nio-127.0.0.1-8889-exec-4 | cID:AAAJFg] INFO  PolarionLicensing - User 'admin' logged out with concurrent ALM
2026-06-23 11:38:18,924 [ajp-nio-127.0.0.1-8889-exec-4 | cID:AAAJFg] INFO  (SECURITY) com.polarion.platform.session.SsoUserRegistry - [AUTH-0009] - Session invalidated for user 'admin'.
2026-06-23 11:38:18,924 [ajp-nio-127.0.0.1-8889-exec-4 | cID:AAAJFg] INFO  (SECURITY) com.polarion.platform.session.PolarionLocalSingleSignOn - [AUTH-0009] - User 'admin' logged out.
2026-06-23 11:39:14,236 [ajp-nio-127.0.0.1-8889-exec-8 | cID:AAAJHg | u:p] INFO  (SECURITY) com.polarion.platform.internal.security.auth.LoginFlowUserPassword - [AUTH-0002] - Authentication failed for user 'admin'. Source: portal/UNSET.
2026-06-23 11:39:14,236 [ajp-nio-127.0.0.1-8889-exec-8 | cID:AAAJHg] INFO  (SECURITY) com.polarion.alm.projects.internal.PasswordLoginManager - [AUTH-0002] - Unsuccessful login attempt for user 'admin' by 'Password' mechanism. Reason: Incorrect username or password, or a forbidden user or authentication provider. Source: portal/UNSET.
2026-06-23 11:39:14,236 [ajp-nio-127.0.0.1-8889-exec-8 | cID:AAAJHg] INFO  com.polarion.platform.realm.PolarionRealm - Login failed: Your Username or Password is incorrect, or there was another problem logging in. Contact your administrator for details.
2026-06-23 11:40:22,615 [ajp-nio-127.0.0.1-8889-exec-9 | cID:AAAJLw] INFO  TXLOGGER - Summary for 'servlet /polarion/mxgraph/js/app.min.js': Total: 0.835 s, CPU [user: 0.01 s], Allocated memory: 81.6 kB, transactions: 0
2026-06-23 11:40:23,381 [ajp-nio-127.0.0.1-8889-exec-4 | cID:AAAJNA] INFO  TXLOGGER - Summary for 'servlet /polarion/mxgraph/js/stencils.min.js': Total: 1.16 s, CPU [system: 0.0062 s], Allocated memory: 74.5 kB, transactions: 0
2026-06-23 11:40:33,433 [ajp-nio-127.0.0.1-8889-exec-3 | cID:AAAJ1Q | u:p] INFO  (SECURITY) com.polarion.platform.internal.security.auth.LoginFlowUserPassword - [AUTH-0001] - User 'admin' authenticated. Source: portal/UNSET.
2026-06-23 11:40:33,434 [ajp-nio-127.0.0.1-8889-exec-3 | cID:AAAJ1Q] INFO  (SECURITY) com.polarion.alm.projects.internal.PasswordLoginManager - [AUTH-0001] - User 'admin' logged in by 'Password' mechanism. Source: portal/UNSET.
2026-06-23 11:40:33,435 [ajp-nio-127.0.0.1-8889-exec-3 | cID:AAAJ1Q] INFO  PolarionLicensing - STATS:concurrentALMUser,current:1,peak:1,limit:120000
2026-06-23 11:40:33,435 [ajp-nio-127.0.0.1-8889-exec-3 | cID:AAAJ1Q] INFO  PolarionLicensing - STATS:concurrentVariantsUser,current:1,peak:1,limit:120000
2026-06-23 11:40:33,468 [ajp-nio-127.0.0.1-8889-exec-4 | cID:AAAJ1g | u:p] INFO  (SECURITY) com.polarion.platform.internal.security.auth.LoginFlowUserPassword - [AUTH-0001] - User 'admin' authenticated. Source: portal/UNSET.
2026-06-23 11:40:33,469 [ajp-nio-127.0.0.1-8889-exec-4 | cID:AAAJ1g] INFO  (SECURITY) com.polarion.alm.projects.internal.PasswordLoginManager - [AUTH-0001] - User 'admin' logged in by 'Password' mechanism. Source: portal/UNSET.
2026-06-23 11:40:33,469 [ajp-nio-127.0.0.1-8889-exec-4 | cID:AAAJ1g] INFO  PolarionLicensing - STATS:concurrentALMUser,current:1,peak:1,limit:120000
2026-06-23 11:40:33,469 [ajp-nio-127.0.0.1-8889-exec-4 | cID:AAAJ1g] INFO  PolarionLicensing - STATS:concurrentVariantsUser,current:1,peak:1,limit:120000
2026-06-23 11:40:33,931 [ajp-nio-127.0.0.1-8889-exec-3 | cID:AAAJ1Q] INFO  PolarionLicensing - User 'admin' logged in with concurrent ALM
2026-06-23 11:40:33,932 [ajp-nio-127.0.0.1-8889-exec-3 | cID:AAAJ1Q] INFO  TXLOGGER - Summary for 'servlet /polarion/j_security_check': Total: 0.5 s, CPU [system: 0.00292 s], Allocated memory: 705.0 kB, transactions: 1, PolarionAuthenticator: 0.5 s [100% authenticate (1x)] (1x), SaltLicense: 0.497 s [100% userLoggedIn (1x)] (1x)
2026-06-23 11:40:33,932 [ajp-nio-127.0.0.1-8889-exec-4 | cID:AAAJ1g] INFO  PolarionLicensing - User 'admin' logged in with concurrent ALM
2026-06-23 11:40:33,932 [ajp-nio-127.0.0.1-8889-exec-4 | cID:AAAJ1g] INFO  TXLOGGER - Summary for 'servlet /polarion/j_security_check': Total: 0.466 s, CPU [system: 0.00213 s], Allocated memory: 606.1 kB, transactions: 1, PolarionAuthenticator: 0.465 s [100% authenticate (1x)] (1x), SaltLicense: 0.463 s [100% userLoggedIn (1x)] (1x)
2026-06-23 11:40:35,569 [ajp-nio-127.0.0.1-8889-exec-8 | cID:AAAJ8Q | u:admin] INFO  TXLOGGER - Tx 67bcf697f82d6_0_67bcf697f82d6_0_: finished. Total: 0.144 s, CPU [user: 0.01 s], Allocated memory: 188.0 kB
2026-06-23 11:40:35,570 [ajp-nio-127.0.0.1-8889-exec-8 | cID:AAAJ8Q] INFO  TXLOGGER - Summary for 'servlet /polarion/gwt/com.polarion.UI/PortalDataService': Total: 0.147 s, CPU [user: 0.01 s], Allocated memory: 626.7 kB, transactions: 1, PortalDataService: 0.145 s [100% getInitData (1x)] (1x)
2026-06-23 11:40:36,534 [ajp-nio-127.0.0.1-8889-exec-8 | cID:AAAKGw | u:admin] INFO  TXLOGGER - Tx 67bcf6990b6d9_0_67bcf6990b6d9_0_: finished. Total: 0.00881 s, CPU [system: 0.00622 s], Allocated memory: 2.5 MB, WeakPObjectList: [bulkResolves: 1 secondGetHits: 28 ]
2026-06-23 11:40:36,535 [ajp-nio-127.0.0.1-8889-exec-8 | cID:AAAKGw] INFO  TXLOGGER - Summary for 'servlet /polarion/gwt/com.polarion.UI/UserDataService': Total: 0.0112 s, CPU [system: 0.0084 s], Allocated memory: 3.0 MB, transactions: 1, WeakPObjectList: [bulkResolves: 1 secondGetHits: 28 ]
2026-06-23 11:40:36,696 [ajp-nio-127.0.0.1-8889-exec-5 | cID:AAAKJA | u:admin] INFO  TXLOGGER - Tx 67bcf69933add_0_67bcf69933add_0_: finished. Total: 0.0101 s, CPU [user: 0.01 s], Allocated memory: 2.5 MB, WeakPObjectList: [bulkResolves: 1 secondGetHits: 28 ]
2026-06-23 11:40:36,697 [ajp-nio-127.0.0.1-8889-exec-5 | cID:AAAKJA] INFO  TXLOGGER - Summary for 'servlet /polarion/gwt/com.polarion.UI/UserDataService': Total: 0.0127 s, CPU [user: 0.01 s], Allocated memory: 3.0 MB, transactions: 1, UserDataService: 0.0104 s [100% getUsers (1x)] (1x), WeakPObjectList: [bulkResolves: 1 secondGetHits: 28 ]
2026-06-23 11:40:36,867 [ajp-nio-127.0.0.1-8889-exec-5 | cID:AAAKMQ | u:admin] INFO  TXLOGGER - Tx 67bcf6995d2e2_0_67bcf6995d2e2_0_: finished. Total: 0.0143 s, CPU [user: 0.01 s], Allocated memory: 2.6 MB, WeakPObjectList: [bulkResolves: 1 secondGetHits: 28 ]
2026-06-23 11:40:36,887 [ajp-nio-127.0.0.1-8889-exec-7 | cID:AAAKMg | u:admin] INFO  TXLOGGER - Tx 67bcf6995e2e3_0_67bcf6995e2e3_0_: finished. Total: 0.0318 s, CPU [user: 0.02 s], Allocated memory: 3.1 MB, WeakPObjectList: [bulkResolves: 1 secondGetHits: 10 ]
2026-06-23 11:40:36,890 [ajp-nio-127.0.0.1-8889-exec-7 | cID:AAAKMg] INFO  TXLOGGER - Summary for 'servlet /polarion/gwt/com.polarion.UI/UserDataService': Total: 0.0359 s, CPU [user: 0.02 s], Allocated memory: 4.2 MB, transactions: 1, UserDataService: 0.032 s [100% loadUser (1x)] (1x), WeakPObjectList: [bulkResolves: 1 secondGetHits: 10 ]
2026-06-23 11:40:36,894 [ajp-nio-127.0.0.1-8889-exec-2 | cID:AAAKMw | u:admin] INFO  TXLOGGER - Tx 67bcf69961ae4_0_67bcf69961ae4_0_: finished. Total: 0.0123 s, CPU [user: 0.01 s], Allocated memory: 2.6 MB, WeakPObjectList: [bulkResolves: 1 secondGetHits: 28 ]
2026-06-23 11:40:36,896 [ajp-nio-127.0.0.1-8889-exec-5 | cID:AAAKMQ] INFO  TXLOGGER - Summary for 'servlet /polarion/gwt/com.polarion.UI/UserDataService': Total: 0.0457 s, CPU [user: 0.01 s, system: 0.000322 s], Allocated memory: 3.1 MB, transactions: 1, RPC: 0.0293 s [99% encodeResponse (1x)] (4x), UserDataService: 0.0147 s [100% getUsers (1x)] (1x), WeakPObjectList: [bulkResolves: 1 secondGetHits: 28 ]
2026-06-23 11:40:36,896 [ajp-nio-127.0.0.1-8889-exec-2 | cID:AAAKMw] INFO  TXLOGGER - Summary for 'servlet /polarion/gwt/com.polarion.UI/UserDataService': Total: 0.0293 s, CPU [user: 0.01 s], Allocated memory: 3.1 MB, transactions: 1, UserDataService: 0.0243 s [100% getUsers (1x)] (1x), WeakPObjectList: [bulkResolves: 1 secondGetHits: 28 ]
2026-06-23 11:40:38,089 [ajp-nio-127.0.0.1-8889-exec-5 | cID:AAAKWg | u:admin] INFO  com.polarion.reina.web.internal.server.ria.ServerLogger - 2026-5-23 15:10:39.103  ERROR: Unable to create editor for assignedLicense because the model is null.
2026-06-23 11:40:38,089 [ajp-nio-127.0.0.1-8889-exec-5 | cID:AAAKWg | u:admin] INFO  com.polarion.reina.web.internal.server.ria.ServerLogger - 2026-5-23 15:10:39.103  ERROR: Unable to create editor for assignedAddonLicenses because the model is null.
2026-06-23 11:40:38,103 [ajp-nio-127.0.0.1-8889-exec-7 | cID:AAAKWQ] INFO  TXLOGGER - Summary for 'servlet /polarion/gwt/com.polarion.UI/279626CE08DC7FA41ABE45CD403ABA6B.cache.js': Total: 0.187 s, CPU [user: 0.01 s], Allocated memory: 145.8 kB, transactions: 0
2026-06-23 11:40:40,221 [ajp-nio-127.0.0.1-8889-exec-9 | cID:AAAKYA] WARN  com.polarion.portal.tomcat.servlets.HttpHeadersFilterMonitor - Attempt to override header: 'Cache-Control' to value: 'public, max-age=31536000, immutable', but header should be managed by Polarion, caller: 'com.polarion.alm.server.LocalizationServlet'
2026-06-23 11:40:42,331 [ajp-nio-127.0.0.1-8889-exec-1 | cID:AAAKgA | u:admin] INFO  RPC - "0.031","Load Rich Page for preview","drivepilot/_default/Home (null, 1)"
2026-06-23 11:40:42,683 [ajp-nio-127.0.0.1-8889-exec-9 | cID:AAAKkg | u:admin] INFO  RPC - "0.015","Render Widget for preview","drivepilot/_default/Home (null, 1)/com.polarion.scriptBlock/polarion_client11"
2026-06-23 11:40:42,685 [ajp-nio-127.0.0.1-8889-exec-3 | cID:AAAKkw | u:admin] INFO  RPC - "0.017","Render Widget for preview","drivepilot/_default/Home (null, 1)/com.polarion.scriptBlock/polarion_client10"
2026-06-23 11:40:42,825 [ajp-nio-127.0.0.1-8889-exec-6 | cID:AAAKmA | u:admin] INFO  RPC - "0.006","Render Widget for preview","drivepilot/_default/Home (null, 1)/com.polarion.scriptInline/polarion_client9_iw_1"
2026-06-23 11:40:42,828 [ajp-nio-127.0.0.1-8889-exec-10 | cID:AAAKmQ | u:admin] INFO  RPC - "0.010","Render Widget for preview","drivepilot/_default/Home (null, 1)/com.polarion.activityStream/polarion_client1"
2026-06-23 11:40:42,833 [ajp-nio-127.0.0.1-8889-exec-2 | cID:AAAKlw | u:admin] INFO  RPC - "0.017","Render Widget for preview","drivepilot/_default/Home (null, 1)/com.polarion.scriptInline/polarion_client5_iw_1"
2026-06-23 11:40:42,833 [ajp-nio-127.0.0.1-8889-exec-8 | cID:AAAKlg | u:admin] INFO  RPC - "0.020","Render Widget for preview","drivepilot/_default/Home (null, 1)/com.polarion.scriptInline/polarion_client16_iw_1"
2026-06-23 11:40:43,884 [ajp-nio-127.0.0.1-8889-exec-3 | cID:AAAKpw | u:admin] INFO  TXLOGGER - Tx 67bcf6a0386f9_0_67bcf6a0386f9_0_: finished. Total: 0.0105 s, CPU [user: 0.01 s], Allocated memory: 2.5 MB, WeakPObjectList: [bulkResolves: 1 secondGetHits: 28 ]
2026-06-23 11:40:43,887 [ajp-nio-127.0.0.1-8889-exec-5 | cID:AAAKqQ | u:admin] INFO  TXLOGGER - Tx 67bcf6a039afc_0_67bcf6a039afc_0_: finished. Total: 0.00801 s, CPU [system: 0.00512 s], Allocated memory: 2.5 MB, WeakPObjectList: [bulkResolves: 1 secondGetHits: 28 ]
2026-06-23 11:40:43,891 [ajp-nio-127.0.0.1-8889-exec-3 | cID:AAAKpw] INFO  TXLOGGER - Summary for 'servlet /polarion/gwt/com.polarion.UI/UserDataService': Total: 0.0193 s, CPU [user: 0.01 s], Allocated memory: 3.0 MB, transactions: 1, UserDataService: 0.0107 s [100% getUsers (1x)] (1x), WeakPObjectList: [bulkResolves: 1 secondGetHits: 28 ]
2026-06-23 11:40:43,891 [ajp-nio-127.0.0.1-8889-exec-5 | cID:AAAKqQ] INFO  TXLOGGER - Summary for 'servlet /polarion/gwt/com.polarion.UI/UserDataService': Total: 0.0188 s, CPU [user: 0.01 s], Allocated memory: 3.0 MB, transactions: 1, WeakPObjectList: [bulkResolves: 1 secondGetHits: 28 ]
2026-06-23 11:40:44,756 [ajp-nio-127.0.0.1-8889-exec-7 | cID:AAAKxQ | u:admin] INFO  TXLOGGER - Tx 67bcf6a113303_0_67bcf6a113303_0_: finished. Total: 0.00722 s, CPU [user: 0.01 s], Allocated memory: 2.6 MB, WeakPObjectList: [bulkResolves: 1 secondGetHits: 28 ]
2026-06-23 11:40:44,757 [ajp-nio-127.0.0.1-8889-exec-7 | cID:AAAKxQ] INFO  TXLOGGER - Summary for 'servlet /polarion/gwt/com.polarion.UI/UserDataService': Total: 0.00978 s, CPU [user: 0.01 s], Allocated memory: 3.1 MB, transactions: 1, WeakPObjectList: [bulkResolves: 1 secondGetHits: 28 ]
2026-06-23 11:40:44,778 [ajp-nio-127.0.0.1-8889-exec-9 | cID:AAAKxA | u:admin] INFO  TXLOGGER - Tx 67bcf6a113302_0_67bcf6a113302_0_: finished. Total: 0.0295 s, CPU [user: 0.01 s, system: 0.00374 s], Allocated memory: 3.1 MB, WeakPObjectList: [bulkResolves: 1 secondGetHits: 10 ]
2026-06-23 11:40:44,781 [ajp-nio-127.0.0.1-8889-exec-9 | cID:AAAKxA] INFO  TXLOGGER - Summary for 'servlet /polarion/gwt/com.polarion.UI/UserDataService': Total: 0.0348 s, CPU [user: 0.02 s], Allocated memory: 4.4 MB, transactions: 1, UserDataService: 0.0297 s [100% loadUser (1x)] (1x), WeakPObjectList: [bulkResolves: 1 secondGetHits: 10 ]
2026-06-23 11:40:44,922 [ajp-nio-127.0.0.1-8889-exec-3 | cID:AAAKyA | u:admin] INFO  TXLOGGER - Tx 67bcf6a13d304_0_67bcf6a13d304_0_: finished. Total: 0.00605 s, CPU [system: 0.00574 s], Allocated memory: 2.6 MB, WeakPObjectList: [bulkResolves: 1 secondGetHits: 28 ]
2026-06-23 11:40:44,926 [ajp-nio-127.0.0.1-8889-exec-3 | cID:AAAKyA] INFO  TXLOGGER - Summary for 'servlet /polarion/gwt/com.polarion.UI/UserDataService': Total: 0.0118 s, CPU [user: 0.01 s], Allocated memory: 3.1 MB, transactions: 1, WeakPObjectList: [bulkResolves: 1 secondGetHits: 28 ]
2026-06-23 11:40:45,572 [ajp-nio-127.0.0.1-8889-exec-6 | cID:AAAK2g | u:admin] INFO  RPC - "0.042","Load Rich Page for preview","drivepilot/_default/Home (null, 1)"
2026-06-23 11:40:46,059 [ajp-nio-127.0.0.1-8889-exec-8 | cID:AAAK7g | u:admin] INFO  RPC - "0.009","Render Widget for preview","drivepilot/_default/Home (null, 1)/com.polarion.scriptInline/polarion_client16_iw_1"
2026-06-23 11:40:46,064 [ajp-nio-127.0.0.1-8889-exec-10 | cID:AAAK7A | u:admin] INFO  RPC - "0.019","Render Widget for preview","drivepilot/_default/Home (null, 1)/com.polarion.scriptBlock/polarion_client11"
2026-06-23 11:40:46,066 [ajp-nio-127.0.0.1-8889-exec-1 | cID:AAAK7w | u:admin] INFO  RPC - "0.010","Render Widget for preview","drivepilot/_default/Home (null, 1)/com.polarion.scriptInline/polarion_client5_iw_1"
2026-06-23 11:40:46,068 [ajp-nio-127.0.0.1-8889-exec-7 | cID:AAAK7Q | u:admin] INFO  RPC - "0.022","Render Widget for preview","drivepilot/_default/Home (null, 1)/com.polarion.scriptBlock/polarion_client10"
2026-06-23 11:40:46,088 [ajp-nio-127.0.0.1-8889-exec-4 | cID:AAAK8Q | u:admin] INFO  RPC - "0.008","Render Widget for preview","drivepilot/_default/Home (null, 1)/com.polarion.activityStream/polarion_client1"
2026-06-23 11:40:46,093 [ajp-nio-127.0.0.1-8889-exec-9 | cID:AAAK8A | u:admin] INFO  RPC - "0.017","Render Widget for preview","drivepilot/_default/Home (null, 1)/com.polarion.scriptInline/polarion_client9_iw_1"
2026-06-23 11:40:46,230 [ajp-nio-127.0.0.1-8889-exec-6 | cID:AAAK8g | u:admin] INFO  com.polarion.reina.web.internal.server.ria.ServerLogger - 2026-5-23 15:10:45.283  ERROR: Unable to create editor for assignedLicense because the model is null.
2026-06-23 11:40:46,231 [ajp-nio-127.0.0.1-8889-exec-6 | cID:AAAK8g | u:admin] INFO  com.polarion.reina.web.internal.server.ria.ServerLogger - 2026-5-23 15:10:45.283  ERROR: Unable to create editor for assignedAddonLicenses because the model is null.
2026-06-23 11:40:53,427 [ajp-nio-127.0.0.1-8889-exec-2 | cID:AAALBA] INFO  PolarionLicensing - User 'admin' logged out with concurrent ALM
2026-06-23 11:40:53,427 [ajp-nio-127.0.0.1-8889-exec-2 | cID:AAALBA] INFO  (SECURITY) com.polarion.platform.session.SsoUserRegistry - [AUTH-0009] - Session invalidated for user 'admin'.
2026-06-23 11:40:53,427 [ajp-nio-127.0.0.1-8889-exec-2 | cID:AAALBA] INFO  PolarionLicensing - User 'admin' logged out with concurrent ALM
2026-06-23 11:40:53,427 [ajp-nio-127.0.0.1-8889-exec-2 | cID:AAALBA] INFO  (SECURITY) com.polarion.platform.session.SsoUserRegistry - [AUTH-0009] - Session invalidated for user 'admin'.
2026-06-23 11:40:53,427 [ajp-nio-127.0.0.1-8889-exec-2 | cID:AAALBA] INFO  (SECURITY) com.polarion.platform.session.PolarionLocalSingleSignOn - [AUTH-0009] - User 'admin' logged out.
2026-06-23 11:40:53,427 [ajp-nio-127.0.0.1-8889-exec-2 | cID:AAALBA] INFO  TXLOGGER - Summary for 'servlet /polarion/login/logout': Total: 0.117 s, CPU [system: 0.00128 s], Allocated memory: 36.2 kB, transactions: 0, SaltLicense: 0.116 s [100% userLoggedOut (2x)] (2x)
2026-06-23 11:41:21,205 [ajp-nio-127.0.0.1-8889-exec-9 | cID:AAALEQ | u:p] INFO  (SECURITY) com.polarion.platform.internal.security.auth.LoginFlowUserPassword - [AUTH-0001] - User 'admin' authenticated. Source: portal/UNSET.
2026-06-23 11:41:21,207 [ajp-nio-127.0.0.1-8889-exec-9 | cID:AAALEQ] INFO  (SECURITY) com.polarion.alm.projects.internal.PasswordLoginManager - [AUTH-0001] - User 'admin' logged in by 'Password' mechanism. Source: portal/UNSET.
2026-06-23 11:41:21,207 [ajp-nio-127.0.0.1-8889-exec-9 | cID:AAALEQ] INFO  PolarionLicensing - STATS:concurrentALMUser,current:1,peak:1,limit:120000
2026-06-23 11:41:21,207 [ajp-nio-127.0.0.1-8889-exec-9 | cID:AAALEQ] INFO  PolarionLicensing - STATS:concurrentVariantsUser,current:1,peak:1,limit:120000
2026-06-23 11:41:21,396 [ajp-nio-127.0.0.1-8889-exec-5 | cID:AAALEw | u:p] INFO  (SECURITY) com.polarion.platform.internal.security.auth.LoginFlowUserPassword - [AUTH-0001] - User 'admin' authenticated. Source: portal/UNSET.
2026-06-23 11:41:21,397 [ajp-nio-127.0.0.1-8889-exec-5 | cID:AAALEw] INFO  (SECURITY) com.polarion.alm.projects.internal.PasswordLoginManager - [AUTH-0001] - User 'admin' logged in by 'Password' mechanism. Source: portal/UNSET.
2026-06-23 11:41:21,397 [ajp-nio-127.0.0.1-8889-exec-5 | cID:AAALEw] INFO  PolarionLicensing - STATS:concurrentALMUser,current:1,peak:1,limit:120000
2026-06-23 11:41:21,397 [ajp-nio-127.0.0.1-8889-exec-5 | cID:AAALEw] INFO  PolarionLicensing - STATS:concurrentVariantsUser,current:1,peak:1,limit:120000
2026-06-23 11:41:21,612 [ajp-nio-127.0.0.1-8889-exec-9 | cID:AAALEQ] INFO  PolarionLicensing - User 'admin' logged in with concurrent ALM
2026-06-23 11:41:21,612 [ajp-nio-127.0.0.1-8889-exec-9 | cID:AAALEQ] INFO  TXLOGGER - Summary for 'servlet /polarion/j_security_check': Total: 0.409 s, CPU [system: 0.00351 s], Allocated memory: 762.1 kB, transactions: 1, PolarionAuthenticator: 0.409 s [100% authenticate (1x)] (1x), SaltLicense: 0.405 s [100% userLoggedIn (1x)] (1x)
2026-06-23 11:41:21,613 [ajp-nio-127.0.0.1-8889-exec-5 | cID:AAALEw] INFO  PolarionLicensing - User 'admin' logged in with concurrent ALM
2026-06-23 11:41:21,613 [ajp-nio-127.0.0.1-8889-exec-5 | cID:AAALEw] INFO  TXLOGGER - Summary for 'servlet /polarion/j_security_check': Total: 0.218 s, CPU [system: 0.00244 s], Allocated memory: 606.3 kB, transactions: 1, PolarionAuthenticator: 0.218 s [100% authenticate (1x)] (1x), SaltLicense: 0.215 s [100% userLoggedIn (1x)] (1x)
2026-06-23 11:41:22,995 [ajp-nio-127.0.0.1-8889-exec-5 | cID:AAALHQ | u:admin] INFO  TXLOGGER - Tx 67bcf6c64bf22_0_67bcf6c64bf22_0_: finished. Total: 0.132 s, CPU [system: 0.00159 s], Allocated memory: 165.5 kB
2026-06-23 11:41:22,996 [ajp-nio-127.0.0.1-8889-exec-5 | cID:AAALHQ] INFO  TXLOGGER - Summary for 'servlet /polarion/gwt/com.polarion.UI/PortalDataService': Total: 0.135 s, CPU [system: 0.00381 s], Allocated memory: 600.4 kB, transactions: 1, PortalDataService: 0.132 s [100% getInitData (1x)] (1x)
2026-06-23 11:41:23,610 [ajp-nio-127.0.0.1-8889-exec-3 | cID:AAALKQ | u:admin] INFO  RPC - "0.018","Load Rich Page for preview","drivepilot/_default/Home (null, 1)"
2026-06-23 11:41:23,824 [ajp-nio-127.0.0.1-8889-exec-10 | cID:AAALMA | u:admin] INFO  RPC - "0.030","Load Rich Page for preview","drivepilot/_default/Home (null, 1)"
2026-06-23 11:41:23,860 [ajp-nio-127.0.0.1-8889-exec-1 | cID:AAALNQ | u:admin] INFO  RPC - "0.015","Render Widget for preview","drivepilot/_default/Home (null, 1)/com.polarion.scriptBlock/polarion_client11"
2026-06-23 11:41:23,863 [ajp-nio-127.0.0.1-8889-exec-3 | cID:AAALNg | u:admin] INFO  RPC - "0.018","Render Widget for preview","drivepilot/_default/Home (null, 1)/com.polarion.scriptBlock/polarion_client10"
2026-06-23 11:41:23,864 [ajp-nio-127.0.0.1-8889-exec-6 | cID:AAALNw | u:admin] INFO  RPC - "0.009","Render Widget for preview","drivepilot/_default/Home (null, 1)/com.polarion.scriptInline/polarion_client16_iw_1"
2026-06-23 11:41:23,891 [ajp-nio-127.0.0.1-8889-exec-4 | cID:AAALOA | u:admin] INFO  RPC - "0.006","Render Widget for preview","drivepilot/_default/Home (null, 1)/com.polarion.scriptInline/polarion_client5_iw_1"
2026-06-23 11:41:23,956 [ajp-nio-127.0.0.1-8889-exec-5 | cID:AAALOw | u:admin] INFO  RPC - "0.006","Render Widget for preview","drivepilot/_default/Home (null, 1)/com.polarion.activityStream/polarion_client1"
2026-06-23 11:41:23,959 [ajp-nio-127.0.0.1-8889-exec-9 | cID:AAALOg | u:admin] INFO  RPC - "0.014","Render Widget for preview","drivepilot/_default/Home (null, 1)/com.polarion.scriptInline/polarion_client9_iw_1"
2026-06-23 11:41:24,074 [ajp-nio-127.0.0.1-8889-exec-1 | cID:AAALPw | u:admin] INFO  RPC - "0.014","Render Widget for preview","drivepilot/_default/Home (null, 1)/com.polarion.scriptBlock/polarion_client11"
2026-06-23 11:41:24,082 [ajp-nio-127.0.0.1-8889-exec-5 | cID:AAALQw | u:admin] INFO  RPC - "0.013","Render Widget for preview","drivepilot/_default/Home (null, 1)/com.polarion.scriptInline/polarion_client5_iw_1"
2026-06-23 11:41:24,082 [ajp-nio-127.0.0.1-8889-exec-4 | cID:AAALQg | u:admin] INFO  RPC - "0.016","Render Widget for preview","drivepilot/_default/Home (null, 1)/com.polarion.scriptInline/polarion_client16_iw_1"
2026-06-23 11:41:24,083 [ajp-nio-127.0.0.1-8889-exec-8 | cID:AAALRA | u:admin] INFO  RPC - "0.006","Render Widget for preview","drivepilot/_default/Home (null, 1)/com.polarion.scriptInline/polarion_client9_iw_1"
2026-06-23 11:41:24,086 [ajp-nio-127.0.0.1-8889-exec-3 | cID:AAALQA | u:admin] INFO  RPC - "0.024","Render Widget for preview","drivepilot/_default/Home (null, 1)/com.polarion.scriptBlock/polarion_client10"
2026-06-23 11:41:24,156 [ajp-nio-127.0.0.1-8889-exec-2 | cID:AAALRw | u:admin] INFO  RPC - "0.004","Render Widget for preview","drivepilot/_default/Home (null, 1)/com.polarion.activityStream/polarion_client1"
2026-06-23 11:41:29,033 [ScriptsCleanupService] INFO  com.polarion.psvn.core.internal.scripting.ScriptRunsCleanupTask - Execution of ScriptsCleanupTask has started
2026-06-23 11:41:29,050 [ScriptsCleanupService] INFO  com.polarion.psvn.core.internal.scripting.ScriptRunsCleanupTask - Execution of ScriptsCleanupTask has ended successfully
2026-06-23 11:41:35,595 [ajp-nio-127.0.0.1-8889-exec-9 | cID:AAALVg] INFO  PolarionLicensing - User 'admin' logged out with concurrent ALM
2026-06-23 11:41:35,595 [ajp-nio-127.0.0.1-8889-exec-6 | cID:AAALVQ] INFO  PolarionLicensing - User 'admin' logged out with concurrent ALM
2026-06-23 11:41:35,595 [ajp-nio-127.0.0.1-8889-exec-9 | cID:AAALVg] INFO  (SECURITY) com.polarion.platform.session.SsoUserRegistry - [AUTH-0009] - Session invalidated for user 'admin'.
2026-06-23 11:41:35,595 [ajp-nio-127.0.0.1-8889-exec-6 | cID:AAALVQ] INFO  (SECURITY) com.polarion.platform.session.SsoUserRegistry - [AUTH-0009] - Session invalidated for user 'admin'.
2026-06-23 11:41:35,596 [ajp-nio-127.0.0.1-8889-exec-6 | cID:AAALVQ] INFO  PolarionLicensing - User 'admin' logged out with concurrent ALM
2026-06-23 11:41:35,596 [ajp-nio-127.0.0.1-8889-exec-9 | cID:AAALVg] INFO  PolarionLicensing - User 'admin' logged out with concurrent ALM
2026-06-23 11:41:35,596 [ajp-nio-127.0.0.1-8889-exec-6 | cID:AAALVQ] INFO  (SECURITY) com.polarion.platform.session.SsoUserRegistry - [AUTH-0009] - Session invalidated for user 'admin'.
2026-06-23 11:41:35,596 [ajp-nio-127.0.0.1-8889-exec-9 | cID:AAALVg] INFO  (SECURITY) com.polarion.platform.session.SsoUserRegistry - [AUTH-0009] - Session invalidated for user 'admin'.
2026-06-23 11:41:35,596 [ajp-nio-127.0.0.1-8889-exec-6 | cID:AAALVQ] INFO  (SECURITY) com.polarion.platform.session.PolarionLocalSingleSignOn - [AUTH-0009] - User 'admin' logged out.
2026-06-23 11:41:35,596 [ajp-nio-127.0.0.1-8889-exec-9 | cID:AAALVg] INFO  (SECURITY) com.polarion.platform.session.PolarionLocalSingleSignOn - [AUTH-0009] - User 'admin' logged out.
2026-06-23 11:41:53,501 [ajp-nio-127.0.0.1-8889-exec-3 | cID:AAALYw | u:p] INFO  (SECURITY) com.polarion.platform.internal.security.auth.LoginFlowUserPassword - [AUTH-0001] - User 'admin' authenticated. Source: portal/UNSET.
2026-06-23 11:41:53,502 [ajp-nio-127.0.0.1-8889-exec-3 | cID:AAALYw] INFO  (SECURITY) com.polarion.alm.projects.internal.PasswordLoginManager - [AUTH-0001] - User 'admin' logged in by 'Password' mechanism. Source: portal/UNSET.
2026-06-23 11:41:53,502 [ajp-nio-127.0.0.1-8889-exec-3 | cID:AAALYw] INFO  PolarionLicensing - STATS:concurrentALMUser,current:1,peak:1,limit:120000
2026-06-23 11:41:53,502 [ajp-nio-127.0.0.1-8889-exec-3 | cID:AAALYw] INFO  PolarionLicensing - STATS:concurrentVariantsUser,current:1,peak:1,limit:120000
2026-06-23 11:41:53,875 [ajp-nio-127.0.0.1-8889-exec-3 | cID:AAALYw] INFO  PolarionLicensing - User 'admin' logged in with concurrent ALM
2026-06-23 11:41:53,875 [ajp-nio-127.0.0.1-8889-exec-3 | cID:AAALYw] INFO  TXLOGGER - Summary for 'servlet /polarion/j_security_check': Total: 0.376 s, CPU [system: 0.00273 s], Allocated memory: 608.4 kB, transactions: 1, PolarionAuthenticator: 0.376 s [100% authenticate (1x)] (1x), SaltLicense: 0.373 s [100% userLoggedIn (1x)] (1x)
2026-06-23 11:41:55,447 [ajp-nio-127.0.0.1-8889-exec-4 | cID:AAALaQ | u:admin] INFO  TXLOGGER - Tx 67bcf6e5fe33f_0_67bcf6e5fe33f_0_: finished. Total: 0.127 s, CPU [system: 0.00162 s], Allocated memory: 165.6 kB
2026-06-23 11:41:55,448 [ajp-nio-127.0.0.1-8889-exec-4 | cID:AAALaQ] INFO  TXLOGGER - Summary for 'servlet /polarion/gwt/com.polarion.UI/PortalDataService': Total: 0.129 s, CPU [system: 0.00386 s], Allocated memory: 600.6 kB, transactions: 1, PortalDataService: 0.127 s [100% getInitData (1x)] (1x)
2026-06-23 11:41:55,833 [ajp-nio-127.0.0.1-8889-exec-3 | cID:AAALbQ | u:p] INFO  (SECURITY) com.polarion.platform.internal.security.auth.LoginFlowUserPassword - [AUTH-0001] - User 'admin' authenticated. Source: portal/UNSET.
2026-06-23 11:41:55,833 [ajp-nio-127.0.0.1-8889-exec-3 | cID:AAALbQ] INFO  (SECURITY) com.polarion.alm.projects.internal.PasswordLoginManager - [AUTH-0001] - User 'admin' logged in by 'Password' mechanism. Source: portal/UNSET.
2026-06-23 11:41:55,834 [ajp-nio-127.0.0.1-8889-exec-3 | cID:AAALbQ] INFO  PolarionLicensing - STATS:concurrentALMUser,current:1,peak:1,limit:120000
2026-06-23 11:41:55,834 [ajp-nio-127.0.0.1-8889-exec-3 | cID:AAALbQ] INFO  PolarionLicensing - STATS:concurrentVariantsUser,current:1,peak:1,limit:120000
2026-06-23 11:41:55,834 [ajp-nio-127.0.0.1-8889-exec-3 | cID:AAALbQ] INFO  PolarionLicensing - User 'admin' logged in with concurrent ALM
2026-06-23 11:41:56,199 [ajp-nio-127.0.0.1-8889-exec-5 | cID:AAALcg | u:admin] INFO  RPC - "0.020","Load Rich Page for preview","drivepilot/_default/Home (null, 1)"
2026-06-23 11:41:56,436 [ajp-nio-127.0.0.1-8889-exec-1 | cID:AAALeQ | u:admin] INFO  RPC - "0.007","Render Widget for preview","drivepilot/_default/Home (null, 1)/com.polarion.scriptBlock/polarion_client11"
2026-06-23 11:41:56,442 [ajp-nio-127.0.0.1-8889-exec-10 | cID:AAALew | u:admin] INFO  RPC - "0.009","Render Widget for preview","drivepilot/_default/Home (null, 1)/com.polarion.scriptBlock/polarion_client10"
2026-06-23 11:41:56,445 [ajp-nio-127.0.0.1-8889-exec-6 | cID:AAALfQ | u:admin] INFO  RPC - "0.006","Render Widget for preview","drivepilot/_default/Home (null, 1)/com.polarion.scriptInline/polarion_client5_iw_1"
2026-06-23 11:41:56,446 [ajp-nio-127.0.0.1-8889-exec-4 | cID:AAALfA | u:admin] INFO  RPC - "0.010","Render Widget for preview","drivepilot/_default/Home (null, 1)/com.polarion.scriptInline/polarion_client16_iw_1"
2026-06-23 11:41:56,475 [ajp-nio-127.0.0.1-8889-exec-9 | cID:AAALfg | u:admin] INFO  RPC - "0.006","Render Widget for preview","drivepilot/_default/Home (null, 1)/com.polarion.scriptInline/polarion_client9_iw_1"
2026-06-23 11:41:56,502 [ajp-nio-127.0.0.1-8889-exec-5 | cID:AAALfw | u:admin] INFO  RPC - "0.005","Render Widget for preview","drivepilot/_default/Home (null, 1)/com.polarion.activityStream/polarion_client1"
2026-06-23 11:41:57,850 [ajp-nio-127.0.0.1-8889-exec-5 | cID:AAALkQ | u:admin] INFO  RPC - "0.016","Load Rich Page for preview","drivepilot/_default/Home (null, 1)"
2026-06-23 11:41:58,094 [ajp-nio-127.0.0.1-8889-exec-1 | cID:AAALlw | u:admin] INFO  RPC - "0.007","Render Widget for preview","drivepilot/_default/Home (null, 1)/com.polarion.scriptBlock/polarion_client11"
2026-06-23 11:41:58,103 [ajp-nio-127.0.0.1-8889-exec-10 | cID:AAALmQ | u:admin] INFO  RPC - "0.010","Render Widget for preview","drivepilot/_default/Home (null, 1)/com.polarion.scriptInline/polarion_client16_iw_1"
2026-06-23 11:41:58,106 [ajp-nio-127.0.0.1-8889-exec-2 | cID:AAALmA | u:admin] INFO  RPC - "0.017","Render Widget for preview","drivepilot/_default/Home (null, 1)/com.polarion.scriptBlock/polarion_client10"
2026-06-23 11:41:58,180 [ajp-nio-127.0.0.1-8889-exec-9 | cID:AAALmg | u:admin] INFO  RPC - "0.007","Render Widget for preview","drivepilot/_default/Home (null, 1)/com.polarion.scriptInline/polarion_client5_iw_1"
2026-06-23 11:41:58,211 [ajp-nio-127.0.0.1-8889-exec-5 | cID:AAALmw | u:admin] INFO  RPC - "0.006","Render Widget for preview","drivepilot/_default/Home (null, 1)/com.polarion.scriptInline/polarion_client9_iw_1"
2026-06-23 11:41:58,226 [ajp-nio-127.0.0.1-8889-exec-6 | cID:AAALnA | u:admin] INFO  RPC - "0.004","Render Widget for preview","drivepilot/_default/Home (null, 1)/com.polarion.activityStream/polarion_client1"
2026-06-23 11:42:23,744 [ajp-nio-127.0.0.1-8889-exec-7 | cID:AAALqg] INFO  PolarionLicensing - User 'admin' logged out with concurrent ALM
2026-06-23 11:42:23,744 [ajp-nio-127.0.0.1-8889-exec-7 | cID:AAALqg] INFO  (SECURITY) com.polarion.platform.session.SsoUserRegistry - [AUTH-0009] - Session invalidated for user 'admin'.
2026-06-23 11:42:23,745 [ajp-nio-127.0.0.1-8889-exec-7 | cID:AAALqg] INFO  PolarionLicensing - User 'admin' logged out with concurrent ALM
2026-06-23 11:42:23,745 [ajp-nio-127.0.0.1-8889-exec-7 | cID:AAALqg] INFO  (SECURITY) com.polarion.platform.session.SsoUserRegistry - [AUTH-0009] - Session invalidated for user 'admin'.
2026-06-23 11:42:23,745 [ajp-nio-127.0.0.1-8889-exec-7 | cID:AAALqg] INFO  (SECURITY) com.polarion.platform.session.PolarionLocalSingleSignOn - [AUTH-0009] - User 'admin' logged out.
2026-06-23 11:42:30,070 [Monitoring] INFO  com.polarion.platform.monitoring - Executing actions from stage PERIODIC with speed FAST
2026-06-23 11:42:30,071 [Monitoring] INFO  com.polarion.platform.monitoring - Executing action 'polarion.sso.statistics'
2026-06-23 11:42:30,071 [Monitoring] INFO  com.polarion.platform.monitoring - polarion.sso.statistics (Statistics of all active sso sessions) = Statistics of logged users 
Logged active users:0
 [Tue Jun 23 11:42:30 CEST 2026]
2026-06-23 11:42:30,074 [Monitoring] INFO  com.polarion.platform.monitoring - Executing action 'system.info.disk.data.free'
2026-06-23 11:42:30,074 [Monitoring] INFO  com.polarion.platform.monitoring - system.info.disk.data.free (Free data disk '/opt/polarion/data' space) = Disk Space 
20.1 GB
 [Tue Jun 23 11:42:30 CEST 2026]
2026-06-23 11:42:30,077 [Monitoring] INFO  com.polarion.platform.monitoring - Executing action 'system.info.garbageCollector.full.cycles'
2026-06-23 11:42:30,077 [Monitoring] INFO  com.polarion.platform.monitoring - system.info.garbageCollector.full.cycles (Full Garbage Collector cycles) = Full Garbage Collector cycles 
Full GC cycles: 0; Time: 0.0 s.
 [Tue Jun 23 11:42:30 CEST 2026]
2026-06-23 11:42:30,081 [Monitoring] INFO  com.polarion.platform.monitoring - Executing action 'system.info.garbageCollector.normal.cycles'
2026-06-23 11:42:30,081 [Monitoring] INFO  com.polarion.platform.monitoring - system.info.garbageCollector.normal.cycles (Normal Garbage Collector cycles) = Normal Garbage Collector cycles 
Normal GC cycles: 19; Time: 0.434 s.
 [Tue Jun 23 11:42:30 CEST 2026]
2026-06-23 11:42:30,084 [Monitoring] INFO  com.polarion.platform.monitoring - Executing action 'system.info.memory.nonheap.free'
2026-06-23 11:42:30,084 [Monitoring] INFO  com.polarion.platform.monitoring - system.info.memory.nonheap.free (Free non-heap memory) = Java Metaspace Memory 
Unlimited
 [Tue Jun 23 11:42:30 CEST 2026]
2026-06-23 11:42:30,089 [Monitoring] INFO  com.polarion.platform.monitoring - Executing action 'system.info.memory.oldGen.free'
2026-06-23 11:42:30,089 [Monitoring] INFO  com.polarion.platform.monitoring - system.info.memory.oldGen.free (Free Old Gen memory after GC) = Java Heap Memory 
Old Gen pool has  94.13% memory free after GC.
 [Tue Jun 23 11:42:30 CEST 2026]
2026-06-23 11:42:30,092 [Monitoring] INFO  com.polarion.platform.monitoring - Finished with actions from stage PERIODIC: {OK=6}
2026-06-23 11:42:40,897 [ajp-nio-127.0.0.1-8889-exec-5 | cID:AAALuA | u:p] INFO  (SECURITY) com.polarion.platform.internal.security.auth.LoginFlowUserPassword - [AUTH-0001] - User 'admin' authenticated. Source: portal/UNSET.
2026-06-23 11:42:40,898 [ajp-nio-127.0.0.1-8889-exec-5 | cID:AAALuA] INFO  (SECURITY) com.polarion.alm.projects.internal.PasswordLoginManager - [AUTH-0001] - User 'admin' logged in by 'Password' mechanism. Source: portal/UNSET.
2026-06-23 11:42:40,898 [ajp-nio-127.0.0.1-8889-exec-5 | cID:AAALuA] INFO  PolarionLicensing - STATS:concurrentALMUser,current:1,peak:1,limit:120000
2026-06-23 11:42:40,898 [ajp-nio-127.0.0.1-8889-exec-5 | cID:AAALuA] INFO  PolarionLicensing - STATS:concurrentVariantsUser,current:1,peak:1,limit:120000
2026-06-23 11:42:40,983 [ajp-nio-127.0.0.1-8889-exec-9 | cID:AAALuQ | u:p] INFO  (SECURITY) com.polarion.platform.internal.security.auth.LoginFlowUserPassword - [AUTH-0001] - User 'admin' authenticated. Source: portal/UNSET.
2026-06-23 11:42:40,984 [ajp-nio-127.0.0.1-8889-exec-9 | cID:AAALuQ] INFO  (SECURITY) com.polarion.alm.projects.internal.PasswordLoginManager - [AUTH-0001] - User 'admin' logged in by 'Password' mechanism. Source: portal/UNSET.
2026-06-23 11:42:40,984 [ajp-nio-127.0.0.1-8889-exec-9 | cID:AAALuQ] INFO  PolarionLicensing - STATS:concurrentALMUser,current:1,peak:1,limit:120000
2026-06-23 11:42:40,984 [ajp-nio-127.0.0.1-8889-exec-9 | cID:AAALuQ] INFO  PolarionLicensing - STATS:concurrentVariantsUser,current:1,peak:1,limit:120000
2026-06-23 11:42:41,574 [ajp-nio-127.0.0.1-8889-exec-5 | cID:AAALuA] INFO  PolarionLicensing - User 'admin' logged in with concurrent ALM
2026-06-23 11:42:41,574 [ajp-nio-127.0.0.1-8889-exec-9 | cID:AAALuQ] INFO  PolarionLicensing - User 'admin' logged in with concurrent ALM
2026-06-23 11:42:41,574 [ajp-nio-127.0.0.1-8889-exec-5 | cID:AAALuA] INFO  TXLOGGER - Summary for 'servlet /polarion/j_security_check': Total: 0.679 s, CPU [user: 0.01 s], Allocated memory: 608.4 kB, transactions: 1, PolarionAuthenticator: 0.679 s [100% authenticate (1x)] (1x), SaltLicense: 0.676 s [100% userLoggedIn (1x)] (1x)
2026-06-23 11:42:41,574 [ajp-nio-127.0.0.1-8889-exec-9 | cID:AAALuQ] INFO  TXLOGGER - Summary for 'servlet /polarion/j_security_check': Total: 0.592 s, CPU [system: 0.0022 s], Allocated memory: 619.0 kB, transactions: 1, PolarionAuthenticator: 0.592 s [100% authenticate (1x)] (1x), SaltLicense: 0.59 s [100% userLoggedIn (1x)] (1x)
2026-06-23 11:42:43,188 [ajp-nio-127.0.0.1-8889-exec-5 | cID:AAALwg | u:admin] INFO  TXLOGGER - Tx 67bcf7147b75f_0_67bcf7147b75f_0_: finished. Total: 0.263 s, CPU [system: 0.00182 s], Allocated memory: 165.5 kB
2026-06-23 11:42:43,192 [ajp-nio-127.0.0.1-8889-exec-5 | cID:AAALwg] INFO  TXLOGGER - Summary for 'servlet /polarion/gwt/com.polarion.UI/PortalDataService': Total: 0.268 s, CPU [system: 0.00405 s], Allocated memory: 600.1 kB, transactions: 1, PortalDataService: 0.264 s [100% getInitData (1x)] (1x)
2026-06-23 11:42:43,896 [ajp-nio-127.0.0.1-8889-exec-2 | cID:AAALyg | u:admin] INFO  RPC - "0.027","Load Rich Page for preview","drivepilot/_default/Home (null, 1)"
2026-06-23 11:42:44,153 [ajp-nio-127.0.0.1-8889-exec-4 | cID:AAAL0Q | u:admin] INFO  RPC - "0.013","Render Widget for preview","drivepilot/_default/Home (null, 1)/com.polarion.scriptBlock/polarion_client11"
2026-06-23 11:42:44,157 [ajp-nio-127.0.0.1-8889-exec-1 | cID:AAAL0w | u:admin] INFO  RPC - "0.010","Render Widget for preview","drivepilot/_default/Home (null, 1)/com.polarion.scriptInline/polarion_client16_iw_1"
2026-06-23 11:42:44,160 [ajp-nio-127.0.0.1-8889-exec-7 | cID:AAAL0g | u:admin] INFO  RPC - "0.018","Render Widget for preview","drivepilot/_default/Home (null, 1)/com.polarion.scriptBlock/polarion_client10"
2026-06-23 11:42:44,182 [ajp-nio-127.0.0.1-8889-exec-10 | cID:AAAL1A | u:admin] INFO  RPC - "0.016","Render Widget for preview","drivepilot/_default/Home (null, 1)/com.polarion.scriptInline/polarion_client5_iw_1"
2026-06-23 11:42:44,230 [ajp-nio-127.0.0.1-8889-exec-2 | cID:AAAL1w | u:admin] INFO  RPC - "0.008","Render Widget for preview","drivepilot/_default/Home (null, 1)/com.polarion.scriptInline/polarion_client9_iw_1"
2026-06-23 11:42:44,236 [ajp-nio-127.0.0.1-8889-exec-6 | cID:AAAL2A | u:admin] INFO  RPC - "0.006","Render Widget for preview","drivepilot/_default/Home (null, 1)/com.polarion.activityStream/polarion_client1"
2026-06-23 11:42:44,589 [ajp-nio-127.0.0.1-8889-exec-3 | cID:AAAL4w | u:admin] INFO  RPC - "0.027","Load Rich Page for preview","drivepilot/_default/Home (null, 1)"
2026-06-23 11:42:44,819 [ajp-nio-127.0.0.1-8889-exec-2 | cID:AAAL6w | u:admin] INFO  RPC - "0.018","Render Widget for preview","drivepilot/_default/Home (null, 1)/com.polarion.scriptBlock/polarion_client11"
2026-06-23 11:42:44,822 [ajp-nio-127.0.0.1-8889-exec-7 | cID:AAAL7g | u:admin] INFO  RPC - "0.013","Render Widget for preview","drivepilot/_default/Home (null, 1)/com.polarion.scriptInline/polarion_client16_iw_1"
2026-06-23 11:42:44,823 [ajp-nio-127.0.0.1-8889-exec-4 | cID:AAAL7Q | u:admin] INFO  RPC - "0.015","Render Widget for preview","drivepilot/_default/Home (null, 1)/com.polarion.scriptInline/polarion_client5_iw_1"
2026-06-23 11:42:44,827 [ajp-nio-127.0.0.1-8889-exec-6 | cID:AAAL7A | u:admin] INFO  RPC - "0.019","Render Widget for preview","drivepilot/_default/Home (null, 1)/com.polarion.scriptBlock/polarion_client10"
2026-06-23 11:42:44,861 [ajp-nio-127.0.0.1-8889-exec-1 | cID:AAAL7w | u:admin] INFO  RPC - "0.010","Render Widget for preview","drivepilot/_default/Home (null, 1)/com.polarion.scriptInline/polarion_client9_iw_1"
2026-06-23 11:42:44,880 [ajp-nio-127.0.0.1-8889-exec-3 | cID:AAAL8A | u:admin] INFO  RPC - "0.005","Render Widget for preview","drivepilot/_default/Home (null, 1)/com.polarion.activityStream/polarion_client1"
2026-06-23 11:42:53,948 [ajp-nio-127.0.0.1-8889-exec-8 | cID:AAAL-w] INFO  PolarionLicensing - User 'admin' logged out with concurrent ALM
2026-06-23 11:42:53,948 [ajp-nio-127.0.0.1-8889-exec-10 | cID:AAAL_A] INFO  PolarionLicensing - User 'admin' logged out with concurrent ALM
2026-06-23 11:42:53,948 [ajp-nio-127.0.0.1-8889-exec-8 | cID:AAAL-w] INFO  (SECURITY) com.polarion.platform.session.SsoUserRegistry - [AUTH-0009] - Session invalidated for user 'admin'.
2026-06-23 11:42:53,948 [ajp-nio-127.0.0.1-8889-exec-10 | cID:AAAL_A] INFO  (SECURITY) com.polarion.platform.session.SsoUserRegistry - [AUTH-0009] - Session invalidated for user 'admin'.
2026-06-23 11:42:53,948 [ajp-nio-127.0.0.1-8889-exec-8 | cID:AAAL-w] INFO  PolarionLicensing - User 'admin' logged out with concurrent ALM
2026-06-23 11:42:53,948 [ajp-nio-127.0.0.1-8889-exec-10 | cID:AAAL_A] INFO  PolarionLicensing - User 'admin' logged out with concurrent ALM
2026-06-23 11:42:53,948 [ajp-nio-127.0.0.1-8889-exec-8 | cID:AAAL-w] INFO  (SECURITY) com.polarion.platform.session.SsoUserRegistry - [AUTH-0009] - Session invalidated for user 'admin'.
2026-06-23 11:42:53,948 [ajp-nio-127.0.0.1-8889-exec-10 | cID:AAAL_A] INFO  (SECURITY) com.polarion.platform.session.SsoUserRegistry - [AUTH-0009] - Session invalidated for user 'admin'.
2026-06-23 11:42:53,948 [ajp-nio-127.0.0.1-8889-exec-10 | cID:AAAL_A] INFO  (SECURITY) com.polarion.platform.session.PolarionLocalSingleSignOn - [AUTH-0009] - User 'admin' logged out.
2026-06-23 11:42:53,948 [ajp-nio-127.0.0.1-8889-exec-8 | cID:AAAL-w] INFO  (SECURITY) com.polarion.platform.session.PolarionLocalSingleSignOn - [AUTH-0009] - User 'admin' logged out.
2026-06-23 11:42:53,949 [ajp-nio-127.0.0.1-8889-exec-8 | cID:AAAL-w] INFO  TXLOGGER - Summary for 'servlet /polarion/login/logout': Total: 0.161 s, CPU [system: 0.000952 s], Allocated memory: 35.0 kB, transactions: 0, SaltLicense: 0.16 s [100% userLoggedOut (2x)] (2x)
2026-06-23 11:42:53,949 [ajp-nio-127.0.0.1-8889-exec-10 | cID:AAAL_A] INFO  TXLOGGER - Summary for 'servlet /polarion/login/logout': Total: 0.133 s, CPU [system: 0.000841 s], Allocated memory: 28.4 kB, transactions: 0, SaltLicense: 0.133 s [100% userLoggedOut (2x)] (2x)
2026-06-23 11:43:14,512 [ajp-nio-127.0.0.1-8889-exec-2 | cID:AAAMCQ | u:p] INFO  (SECURITY) com.polarion.platform.internal.security.auth.LoginFlowUserPassword - [AUTH-0001] - User 'admin' authenticated. Source: portal/UNSET.
2026-06-23 11:43:14,517 [ajp-nio-127.0.0.1-8889-exec-2 | cID:AAAMCQ] INFO  (SECURITY) com.polarion.alm.projects.internal.PasswordLoginManager - [AUTH-0001] - User 'admin' logged in by 'Password' mechanism. Source: portal/UNSET.
2026-06-23 11:43:14,517 [ajp-nio-127.0.0.1-8889-exec-2 | cID:AAAMCQ] INFO  PolarionLicensing - STATS:concurrentALMUser,current:1,peak:1,limit:120000
2026-06-23 11:43:14,517 [ajp-nio-127.0.0.1-8889-exec-2 | cID:AAAMCQ] INFO  PolarionLicensing - STATS:concurrentVariantsUser,current:1,peak:1,limit:120000
2026-06-23 11:43:14,772 [ajp-nio-127.0.0.1-8889-exec-7 | cID:AAAMCw | u:p] INFO  (SECURITY) com.polarion.platform.internal.security.auth.LoginFlowUserPassword - [AUTH-0001] - User 'admin' authenticated. Source: portal/UNSET.
2026-06-23 11:43:14,772 [ajp-nio-127.0.0.1-8889-exec-7 | cID:AAAMCw] INFO  (SECURITY) com.polarion.alm.projects.internal.PasswordLoginManager - [AUTH-0001] - User 'admin' logged in by 'Password' mechanism. Source: portal/UNSET.
2026-06-23 11:43:14,773 [ajp-nio-127.0.0.1-8889-exec-7 | cID:AAAMCw] INFO  PolarionLicensing - STATS:concurrentALMUser,current:1,peak:1,limit:120000
2026-06-23 11:43:14,773 [ajp-nio-127.0.0.1-8889-exec-7 | cID:AAAMCw] INFO  PolarionLicensing - STATS:concurrentVariantsUser,current:1,peak:1,limit:120000
2026-06-23 11:43:14,894 [ajp-nio-127.0.0.1-8889-exec-7 | cID:AAAMCw] INFO  PolarionLicensing - User 'admin' logged in with concurrent ALM
2026-06-23 11:43:14,894 [ajp-nio-127.0.0.1-8889-exec-2 | cID:AAAMCQ] INFO  PolarionLicensing - User 'admin' logged in with concurrent ALM
2026-06-23 11:43:14,895 [ajp-nio-127.0.0.1-8889-exec-2 | cID:AAAMCQ] INFO  TXLOGGER - Summary for 'servlet /polarion/j_security_check': Total: 0.385 s, CPU [system: 0.00356 s], Allocated memory: 753.8 kB, transactions: 1, PolarionAuthenticator: 0.385 s [100% authenticate (1x)] (1x), SaltLicense: 0.377 s [100% userLoggedIn (1x)] (1x)
2026-06-23 11:43:14,895 [ajp-nio-127.0.0.1-8889-exec-7 | cID:AAAMCw] INFO  TXLOGGER - Summary for 'servlet /polarion/j_security_check': Total: 0.124 s, CPU [system: 0.00257 s], Allocated memory: 606.2 kB, transactions: 1, PolarionAuthenticator: 0.124 s [100% authenticate (1x)] (1x), SaltLicense: 0.122 s [100% userLoggedIn (1x)] (1x)
2026-06-23 11:43:16,354 [ajp-nio-127.0.0.1-8889-exec-1 | cID:AAAMFg | u:admin] INFO  TXLOGGER - Tx 67bcf7350077d_0_67bcf7350077d_0_: finished. Total: 0.129 s, CPU [system: 0.00204 s], Allocated memory: 165.2 kB
2026-06-23 11:43:16,355 [ajp-nio-127.0.0.1-8889-exec-1 | cID:AAAMFg] INFO  TXLOGGER - Summary for 'servlet /polarion/gwt/com.polarion.UI/PortalDataService': Total: 0.132 s, CPU [user: 0.01 s], Allocated memory: 600.3 kB, transactions: 1, PortalDataService: 0.129 s [100% getInitData (1x)] (1x)
2026-06-23 11:43:16,979 [ajp-nio-127.0.0.1-8889-exec-3 | cID:AAAMIg | u:admin] INFO  RPC - "0.026","Load Rich Page for preview","drivepilot/_default/Home (null, 1)"
2026-06-23 11:43:17,084 [ajp-nio-127.0.0.1-8889-exec-4 | cID:AAAMJg | u:admin] INFO  RPC - "0.021","Load Rich Page for preview","drivepilot/_default/Home (null, 1)"
2026-06-23 11:43:17,240 [ajp-nio-127.0.0.1-8889-exec-3 | cID:AAAMLw | u:admin] INFO  RPC - "0.011","Render Widget for preview","drivepilot/_default/Home (null, 1)/com.polarion.scriptInline/polarion_client16_iw_1"
2026-06-23 11:43:17,241 [ajp-nio-127.0.0.1-8889-exec-10 | cID:AAAMLQ | u:admin] INFO  RPC - "0.015","Render Widget for preview","drivepilot/_default/Home (null, 1)/com.polarion.scriptBlock/polarion_client11"
2026-06-23 11:43:17,242 [ajp-nio-127.0.0.1-8889-exec-8 | cID:AAAMLg | u:admin] INFO  RPC - "0.013","Render Widget for preview","drivepilot/_default/Home (null, 1)/com.polarion.scriptBlock/polarion_client10"
2026-06-23 11:43:17,266 [ajp-nio-127.0.0.1-8889-exec-2 | cID:AAAMMA | u:admin] INFO  RPC - "0.007","Render Widget for preview","drivepilot/_default/Home (null, 1)/com.polarion.scriptInline/polarion_client5_iw_1"
2026-06-23 11:43:17,305 [ajp-nio-127.0.0.1-8889-exec-7 | cID:AAAMMQ | u:admin] INFO  RPC - "0.006","Render Widget for preview","drivepilot/_default/Home (null, 1)/com.polarion.scriptInline/polarion_client9_iw_1"
2026-06-23 11:43:17,318 [ajp-nio-127.0.0.1-8889-exec-5 | cID:AAAMMg | u:admin] INFO  RPC - "0.008","Render Widget for preview","drivepilot/_default/Home (null, 1)/com.polarion.activityStream/polarion_client1"
2026-06-23 11:43:17,431 [ajp-nio-127.0.0.1-8889-exec-9 | cID:AAAMNg | u:admin] INFO  RPC - "0.018","Render Widget for preview","drivepilot/_default/Home (null, 1)/com.polarion.scriptInline/polarion_client16_iw_1"
2026-06-23 11:43:17,435 [ajp-nio-127.0.0.1-8889-exec-3 | cID:AAAMOA | u:admin] INFO  RPC - "0.019","Render Widget for preview","drivepilot/_default/Home (null, 1)/com.polarion.scriptInline/polarion_client5_iw_1"
2026-06-23 11:43:17,437 [ajp-nio-127.0.0.1-8889-exec-6 | cID:AAAMNA | u:admin] INFO  RPC - "0.026","Render Widget for preview","drivepilot/_default/Home (null, 1)/com.polarion.scriptBlock/polarion_client11"
2026-06-23 11:43:17,437 [ajp-nio-127.0.0.1-8889-exec-10 | cID:AAAMNw | u:admin] INFO  RPC - "0.021","Render Widget for preview","drivepilot/_default/Home (null, 1)/com.polarion.scriptInline/polarion_client9_iw_1"
2026-06-23 11:43:17,441 [ajp-nio-127.0.0.1-8889-exec-1 | cID:AAAMNQ | u:admin] INFO  RPC - "0.028","Render Widget for preview","drivepilot/_default/Home (null, 1)/com.polarion.scriptBlock/polarion_client10"
2026-06-23 11:43:17,483 [ajp-nio-127.0.0.1-8889-exec-9 | cID:AAAMPg | u:admin] INFO  RPC - "0.006","Render Widget for preview","drivepilot/_default/Home (null, 1)/com.polarion.activityStream/polarion_client1"
2026-06-23 11:43:27,884 [ajp-nio-127.0.0.1-8889-exec-6 | cID:AAAMTQ] INFO  PolarionLicensing - User 'admin' logged out with concurrent ALM
2026-06-23 11:43:27,884 [ajp-nio-127.0.0.1-8889-exec-6 | cID:AAAMTQ] INFO  (SECURITY) com.polarion.platform.session.SsoUserRegistry - [AUTH-0009] - Session invalidated for user 'admin'.
2026-06-23 11:43:27,884 [ajp-nio-127.0.0.1-8889-exec-6 | cID:AAAMTQ] INFO  PolarionLicensing - User 'admin' logged out with concurrent ALM
2026-06-23 11:43:27,884 [ajp-nio-127.0.0.1-8889-exec-6 | cID:AAAMTQ] INFO  (SECURITY) com.polarion.platform.session.SsoUserRegistry - [AUTH-0009] - Session invalidated for user 'admin'.
2026-06-23 11:43:27,884 [ajp-nio-127.0.0.1-8889-exec-6 | cID:AAAMTQ] INFO  (SECURITY) com.polarion.platform.session.PolarionLocalSingleSignOn - [AUTH-0009] - User 'admin' logged out.
2026-06-23 11:43:39,039 [ajp-nio-127.0.0.1-8889-exec-9 | cID:AAAMWg] INFO  (SECURITY) com.polarion.alm.projects.internal.PasswordLoginManager - [AUTH-0002] - Unsuccessful login attempt for user '' by 'Password' mechanism. Reason: Incorrect username or password, or a forbidden user or authentication provider. Source: portal/UNSET.
2026-06-23 11:43:39,039 [ajp-nio-127.0.0.1-8889-exec-9 | cID:AAAMWg] ERROR com.polarion.platform.realm.PolarionRealm - Login error: java.security.PrivilegedActionException: com.polarion.alm.projects.LoginDeniedException: Please provide user name and password to login to Polarion.
com.polarion.platform.persistence.WrapperException: java.security.PrivilegedActionException: com.polarion.alm.projects.LoginDeniedException: Please provide user name and password to login to Polarion.
	at com.polarion.alm.projects.internal.PasswordLoginManager.login(PasswordLoginManager.java:116)
	at com.polarion.alm.projects.internal.auth.ProjectLoginFlowUserPassword.perform(ProjectLoginFlowUserPassword.java:37)
	at com.polarion.platform.realm.PolarionRealm.authenticateImpl(PolarionRealm.java:136)
	at com.polarion.platform.realm.PolarionRealm.authenticate(PolarionRealm.java:123)
	at org.apache.catalina.authenticator.FormAuthenticator.doAuthenticate(FormAuthenticator.java:266)
	at com.polarion.platform.security.auth.PolarionAuthenticator.authenticateImpl(PolarionAuthenticator.java:240)
	at com.polarion.platform.security.auth.PolarionAuthenticator.doAuthenticate(PolarionAuthenticator.java:129)
	at org.apache.catalina.authenticator.AuthenticatorBase.invoke(AuthenticatorBase.java:573)
	at com.polarion.platform.security.auth.PolarionAuthenticator.invokeInternal(PolarionAuthenticator.java:342)
	at com.polarion.platform.security.auth.PolarionAuthenticator.invoke(PolarionAuthenticator.java:336)
	at org.apache.catalina.core.StandardHostValve.invoke(StandardHostValve.java:113)
	at org.apache.catalina.valves.ErrorReportValve.invoke(ErrorReportValve.java:83)
	at org.apache.catalina.authenticator.SingleSignOn.invoke(SingleSignOn.java:267)
	at com.polarion.platform.session.PolarionLocalSingleSignOn.invoke(PolarionLocalSingleSignOn.java:190)
	at org.apache.catalina.core.StandardEngineValve.invoke(StandardEngineValve.java:72)
	at org.apache.catalina.connector.CoyoteAdapter.service(CoyoteAdapter.java:341)
	at org.apache.coyote.ajp.AjpProcessor.service(AjpProcessor.java:424)
	at org.apache.coyote.AbstractProcessorLight.process(AbstractProcessorLight.java:63)
	at org.apache.coyote.AbstractProtocol$ConnectionHandler.process(AbstractProtocol.java:903)
	at org.apache.tomcat.util.net.NioEndpoint$SocketProcessor.doRun(NioEndpoint.java:1801)
	at org.apache.tomcat.util.net.SocketProcessorBase.run(SocketProcessorBase.java:52)
	at org.apache.tomcat.util.threads.ThreadPoolExecutor.runWorker(ThreadPoolExecutor.java:946)
	at org.apache.tomcat.util.threads.ThreadPoolExecutor$Worker.run(ThreadPoolExecutor.java:480)
	at org.apache.tomcat.util.threads.TaskThread$WrappingRunnable.run(TaskThread.java:57)
	at java.base/java.lang.Thread.run(Thread.java:1583)
Caused by: java.security.PrivilegedActionException
	at java.base/java.security.AccessController.doPrivileged(AccessController.java:718)
	at java.base/javax.security.auth.Subject.doAs(Subject.java:525)
	at com.polarion.platform.internal.security.SubjectNDC.doAs(SubjectNDC.java:70)
	at com.polarion.platform.internal.security.SecurityService.doAsUser(SecurityService.java:428)
	at com.polarion.platform.internal.security.SecurityService.doAsSystemUser(SecurityService.java:416)
	at $ISecurityService_19ef32d797e.doAsSystemUser($ISecurityService_19ef32d797e.java)
	at com.polarion.alm.projects.internal.PasswordLoginManager.login(PasswordLoginManager.java:107)
	... 24 more
Caused by: com.polarion.alm.projects.LoginDeniedException: Please provide user name and password to login to Polarion.
	at com.polarion.alm.projects.internal.PasswordLoginManager.loginInternal(PasswordLoginManager.java:124)
	at com.polarion.alm.projects.internal.PasswordLoginManager.lambda$0(PasswordLoginManager.java:107)
	at java.base/java.security.AccessController.doPrivileged(AccessController.java:714)
	... 30 more
2026-06-23 11:43:54,048 [ajp-nio-127.0.0.1-8889-exec-3 | cID:AAAMYA | u:p] INFO  (SECURITY) com.polarion.platform.internal.security.auth.LoginFlowUserPassword - [AUTH-0001] - User 'admin' authenticated. Source: portal/UNSET.
2026-06-23 11:43:54,048 [ajp-nio-127.0.0.1-8889-exec-3 | cID:AAAMYA] INFO  (SECURITY) com.polarion.alm.projects.internal.PasswordLoginManager - [AUTH-0001] - User 'admin' logged in by 'Password' mechanism. Source: portal/UNSET.
2026-06-23 11:43:54,049 [ajp-nio-127.0.0.1-8889-exec-3 | cID:AAAMYA] INFO  PolarionLicensing - STATS:concurrentALMUser,current:1,peak:1,limit:120000
2026-06-23 11:43:54,049 [ajp-nio-127.0.0.1-8889-exec-3 | cID:AAAMYA] INFO  PolarionLicensing - STATS:concurrentVariantsUser,current:1,peak:1,limit:120000
2026-06-23 11:43:54,208 [ajp-nio-127.0.0.1-8889-exec-6 | cID:AAAMYQ | u:p] INFO  (SECURITY) com.polarion.platform.internal.security.auth.LoginFlowUserPassword - [AUTH-0001] - User 'admin' authenticated. Source: portal/UNSET.
2026-06-23 11:43:54,210 [ajp-nio-127.0.0.1-8889-exec-6 | cID:AAAMYQ] INFO  (SECURITY) com.polarion.alm.projects.internal.PasswordLoginManager - [AUTH-0001] - User 'admin' logged in by 'Password' mechanism. Source: portal/UNSET.
2026-06-23 11:43:54,210 [ajp-nio-127.0.0.1-8889-exec-6 | cID:AAAMYQ] INFO  PolarionLicensing - STATS:concurrentALMUser,current:1,peak:1,limit:120000
2026-06-23 11:43:54,210 [ajp-nio-127.0.0.1-8889-exec-6 | cID:AAAMYQ] INFO  PolarionLicensing - STATS:concurrentVariantsUser,current:1,peak:1,limit:120000
2026-06-23 11:43:55,330 [ajp-nio-127.0.0.1-8889-exec-3 | cID:AAAMYA] INFO  PolarionLicensing - User 'admin' logged in with concurrent ALM
2026-06-23 11:43:55,331 [ajp-nio-127.0.0.1-8889-exec-3 | cID:AAAMYA] INFO  TXLOGGER - Summary for 'servlet /polarion/j_security_check': Total: 1.28 s, CPU [system: 0.00234 s], Allocated memory: 606.8 kB, transactions: 1, PolarionAuthenticator: 1.28 s [100% authenticate (1x)] (1x), SaltLicense: 1.28 s [100% userLoggedIn (1x)] (1x)
2026-06-23 11:43:55,331 [ajp-nio-127.0.0.1-8889-exec-6 | cID:AAAMYQ] INFO  PolarionLicensing - User 'admin' logged in with concurrent ALM
2026-06-23 11:43:55,331 [ajp-nio-127.0.0.1-8889-exec-6 | cID:AAAMYQ] INFO  TXLOGGER - Summary for 'servlet /polarion/j_security_check': Total: 1.12 s, CPU [system: 0.00321 s], Allocated memory: 605.1 kB, transactions: 1, PolarionAuthenticator: 1.12 s [100% authenticate (1x)] (1x), SaltLicense: 1.12 s [100% userLoggedIn (1x)] (1x)
2026-06-23 11:43:56,922 [ajp-nio-127.0.0.1-8889-exec-1 | cID:AAAMbA | u:admin] INFO  TXLOGGER - Tx 67bcf75c6079b_0_67bcf75c6079b_0_: finished. Total: 0.377 s, CPU [system: 0.00148 s], Allocated memory: 165.6 kB
2026-06-23 11:43:56,923 [ajp-nio-127.0.0.1-8889-exec-10 | cID:AAAMbQ | u:admin] INFO  TXLOGGER - Tx 67bcf75c7939c_0_67bcf75c7939c_0_: finished. Total: 0.279 s, CPU [system: 0.00103 s], Allocated memory: 165.4 kB
2026-06-23 11:43:56,928 [ajp-nio-127.0.0.1-8889-exec-10 | cID:AAAMbQ] INFO  TXLOGGER - Summary for 'servlet /polarion/gwt/com.polarion.UI/PortalDataService': Total: 0.285 s, CPU [user: 0.01 s], Allocated memory: 600.3 kB, transactions: 1, PortalDataService: 0.279 s [100% getInitData (1x)] (1x)
2026-06-23 11:43:56,928 [ajp-nio-127.0.0.1-8889-exec-1 | cID:AAAMbA] INFO  TXLOGGER - Summary for 'servlet /polarion/gwt/com.polarion.UI/PortalDataService': Total: 0.384 s, CPU [system: 0.00363 s], Allocated memory: 600.3 kB, transactions: 1, PortalDataService: 0.377 s [100% getInitData (1x)] (1x)
2026-06-23 11:43:57,584 [ajp-nio-127.0.0.1-8889-exec-1 | cID:AAAMdw | u:admin] INFO  RPC - "0.022","Load Rich Page for preview","drivepilot/_default/Home (null, 1)"
2026-06-23 11:43:57,647 [ajp-nio-127.0.0.1-8889-exec-6 | cID:AAAMfw | u:admin] INFO  RPC - "0.024","Load Rich Page for preview","drivepilot/_default/Home (null, 1)"
2026-06-23 11:43:57,846 [ajp-nio-127.0.0.1-8889-exec-7 | cID:AAAMhA | u:admin] INFO  RPC - "0.016","Render Widget for preview","drivepilot/_default/Home (null, 1)/com.polarion.scriptBlock/polarion_client11"
2026-06-23 11:43:57,849 [ajp-nio-127.0.0.1-8889-exec-3 | cID:AAAMhw | u:admin] INFO  RPC - "0.007","Render Widget for preview","drivepilot/_default/Home (null, 1)/com.polarion.scriptInline/polarion_client5_iw_1"
2026-06-23 11:43:57,849 [ajp-nio-127.0.0.1-8889-exec-1 | cID:AAAMhQ | u:admin] INFO  RPC - "0.013","Render Widget for preview","drivepilot/_default/Home (null, 1)/com.polarion.scriptInline/polarion_client16_iw_1"
2026-06-23 11:43:57,851 [ajp-nio-127.0.0.1-8889-exec-2 | cID:AAAMhg | u:admin] INFO  RPC - "0.015","Render Widget for preview","drivepilot/_default/Home (null, 1)/com.polarion.scriptBlock/polarion_client10"
2026-06-23 11:43:57,862 [ajp-nio-127.0.0.1-8889-exec-8 | cID:AAAMiA | u:admin] INFO  RPC - "0.007","Render Widget for preview","drivepilot/_default/Home (null, 1)/com.polarion.scriptInline/polarion_client9_iw_1"
2026-06-23 11:43:57,884 [ajp-nio-127.0.0.1-8889-exec-10 | cID:AAAMiQ | u:admin] INFO  RPC - "0.005","Render Widget for preview","drivepilot/_default/Home (null, 1)/com.polarion.activityStream/polarion_client1"
2026-06-23 11:43:57,905 [ajp-nio-127.0.0.1-8889-exec-6 | cID:AAAMig | u:admin] INFO  RPC - "0.020","Render Widget for preview","drivepilot/_default/Home (null, 1)/com.polarion.scriptBlock/polarion_client11"
2026-06-23 11:43:57,906 [ajp-nio-127.0.0.1-8889-exec-9 | cID:AAAMjA | u:admin] INFO  RPC - "0.008","Render Widget for preview","drivepilot/_default/Home (null, 1)/com.polarion.scriptInline/polarion_client16_iw_1"
2026-06-23 11:43:57,912 [ajp-nio-127.0.0.1-8889-exec-4 | cID:AAAMiw | u:admin] INFO  RPC - "0.027","Render Widget for preview","drivepilot/_default/Home (null, 1)/com.polarion.scriptBlock/polarion_client10"
2026-06-23 11:43:57,932 [ajp-nio-127.0.0.1-8889-exec-5 | cID:AAAMjQ | u:admin] INFO  RPC - "0.005","Render Widget for preview","drivepilot/_default/Home (null, 1)/com.polarion.scriptInline/polarion_client5_iw_1"
2026-06-23 11:43:57,973 [ajp-nio-127.0.0.1-8889-exec-7 | cID:AAAMjg | u:admin] INFO  RPC - "0.005","Render Widget for preview","drivepilot/_default/Home (null, 1)/com.polarion.scriptInline/polarion_client9_iw_1"
2026-06-23 11:43:57,998 [ajp-nio-127.0.0.1-8889-exec-3 | cID:AAAMjw | u:admin] INFO  RPC - "0.007","Render Widget for preview","drivepilot/_default/Home (null, 1)/com.polarion.activityStream/polarion_client1"
2026-06-23 11:44:07,514 [ajp-nio-127.0.0.1-8889-exec-3 | cID:AAAMow] INFO  PolarionLicensing - User 'admin' logged out with concurrent ALM
2026-06-23 11:44:07,514 [ajp-nio-127.0.0.1-8889-exec-9 | cID:AAAMpQ] INFO  PolarionLicensing - User 'admin' logged out with concurrent ALM
2026-06-23 11:44:07,514 [ajp-nio-127.0.0.1-8889-exec-3 | cID:AAAMow] INFO  (SECURITY) com.polarion.platform.session.SsoUserRegistry - [AUTH-0009] - Session invalidated for user 'admin'.
2026-06-23 11:44:07,514 [ajp-nio-127.0.0.1-8889-exec-9 | cID:AAAMpQ] INFO  (SECURITY) com.polarion.platform.session.SsoUserRegistry - [AUTH-0009] - Session invalidated for user 'admin'.
2026-06-23 11:44:07,515 [ajp-nio-127.0.0.1-8889-exec-3 | cID:AAAMow] INFO  PolarionLicensing - User 'admin' logged out with concurrent ALM
2026-06-23 11:44:07,515 [ajp-nio-127.0.0.1-8889-exec-9 | cID:AAAMpQ] INFO  PolarionLicensing - User 'admin' logged out with concurrent ALM
2026-06-23 11:44:07,515 [ajp-nio-127.0.0.1-8889-exec-3 | cID:AAAMow] INFO  (SECURITY) com.polarion.platform.session.SsoUserRegistry - [AUTH-0009] - Session invalidated for user 'admin'.
2026-06-23 11:44:07,515 [ajp-nio-127.0.0.1-8889-exec-9 | cID:AAAMpQ] INFO  (SECURITY) com.polarion.platform.session.SsoUserRegistry - [AUTH-0009] - Session invalidated for user 'admin'.
2026-06-23 11:44:07,515 [ajp-nio-127.0.0.1-8889-exec-9 | cID:AAAMpQ] INFO  (SECURITY) com.polarion.platform.session.PolarionLocalSingleSignOn - [AUTH-0009] - User 'admin' logged out.
2026-06-23 11:44:07,515 [ajp-nio-127.0.0.1-8889-exec-3 | cID:AAAMow] INFO  (SECURITY) com.polarion.platform.session.PolarionLocalSingleSignOn - [AUTH-0009] - User 'admin' logged out.
2026-06-23 11:44:33,044 [ajp-nio-127.0.0.1-8889-exec-4 | cID:AAAMsQ | u:p] INFO  (SECURITY) com.polarion.platform.internal.security.auth.LoginFlowUserPassword - [AUTH-0001] - User 'admin' authenticated. Source: portal/UNSET.
2026-06-23 11:44:33,045 [ajp-nio-127.0.0.1-8889-exec-4 | cID:AAAMsQ] INFO  (SECURITY) com.polarion.alm.projects.internal.PasswordLoginManager - [AUTH-0001] - User 'admin' logged in by 'Password' mechanism. Source: portal/UNSET.
2026-06-23 11:44:33,045 [ajp-nio-127.0.0.1-8889-exec-4 | cID:AAAMsQ] INFO  PolarionLicensing - STATS:concurrentALMUser,current:1,peak:1,limit:120000
2026-06-23 11:44:33,045 [ajp-nio-127.0.0.1-8889-exec-4 | cID:AAAMsQ] INFO  PolarionLicensing - STATS:concurrentVariantsUser,current:1,peak:1,limit:120000
2026-06-23 11:44:33,428 [ajp-nio-127.0.0.1-8889-exec-7 | cID:AAAMsw | u:p] INFO  (SECURITY) com.polarion.platform.internal.security.auth.LoginFlowUserPassword - [AUTH-0001] - User 'admin' authenticated. Source: portal/UNSET.
2026-06-23 11:44:33,429 [ajp-nio-127.0.0.1-8889-exec-7 | cID:AAAMsw] INFO  (SECURITY) com.polarion.alm.projects.internal.PasswordLoginManager - [AUTH-0001] - User 'admin' logged in by 'Password' mechanism. Source: portal/UNSET.
2026-06-23 11:44:33,429 [ajp-nio-127.0.0.1-8889-exec-7 | cID:AAAMsw] INFO  PolarionLicensing - STATS:concurrentALMUser,current:1,peak:1,limit:120000
2026-06-23 11:44:33,429 [ajp-nio-127.0.0.1-8889-exec-7 | cID:AAAMsw] INFO  PolarionLicensing - STATS:concurrentVariantsUser,current:1,peak:1,limit:120000
2026-06-23 11:44:33,445 [ajp-nio-127.0.0.1-8889-exec-4 | cID:AAAMsQ] INFO  PolarionLicensing - User 'admin' logged in with concurrent ALM
2026-06-23 11:44:33,446 [ajp-nio-127.0.0.1-8889-exec-4 | cID:AAAMsQ] INFO  TXLOGGER - Summary for 'servlet /polarion/j_security_check': Total: 0.403 s, CPU [system: 0.00268 s], Allocated memory: 605.4 kB, transactions: 1, PolarionAuthenticator: 0.403 s [100% authenticate (1x)] (1x), SaltLicense: 0.401 s [100% userLoggedIn (1x)] (1x)
2026-06-23 11:44:33,446 [ajp-nio-127.0.0.1-8889-exec-7 | cID:AAAMsw] INFO  PolarionLicensing - User 'admin' logged in with concurrent ALM
2026-06-23 11:44:34,988 [ajp-nio-127.0.0.1-8889-exec-7 | cID:AAAMvQ | u:admin] INFO  TXLOGGER - Tx 67bcf781cabb9_0_67bcf781cabb9_0_: finished. Total: 0.129 s, CPU [system: 0.00159 s], Allocated memory: 165.4 kB
2026-06-23 11:44:34,989 [ajp-nio-127.0.0.1-8889-exec-7 | cID:AAAMvQ] INFO  TXLOGGER - Summary for 'servlet /polarion/gwt/com.polarion.UI/PortalDataService': Total: 0.132 s, CPU [system: 0.00382 s], Allocated memory: 600.1 kB, transactions: 1, PortalDataService: 0.13 s [100% getInitData (1x)] (1x)
2026-06-23 11:44:35,620 [ajp-nio-127.0.0.1-8889-exec-6 | cID:AAAMxQ | u:admin] INFO  RPC - "0.020","Load Rich Page for preview","drivepilot/_default/Home (null, 1)"
2026-06-23 11:44:35,883 [ajp-nio-127.0.0.1-8889-exec-4 | cID:AAAMzw | u:admin] INFO  RPC - "0.020","Render Widget for preview","drivepilot/_default/Home (null, 1)/com.polarion.scriptBlock/polarion_client11"
2026-06-23 11:44:35,886 [ajp-nio-127.0.0.1-8889-exec-7 | cID:AAAM0Q | u:admin] INFO  RPC - "0.016","Render Widget for preview","drivepilot/_default/Home (null, 1)/com.polarion.scriptInline/polarion_client16_iw_1"
2026-06-23 11:44:35,887 [ajp-nio-127.0.0.1-8889-exec-5 | cID:AAAM0A | u:admin] INFO  RPC - "0.024","Render Widget for preview","drivepilot/_default/Home (null, 1)/com.polarion.scriptBlock/polarion_client10"
2026-06-23 11:44:35,921 [ajp-nio-127.0.0.1-8889-exec-6 | cID:AAAM0g | u:admin] INFO  RPC - "0.012","Render Widget for preview","drivepilot/_default/Home (null, 1)/com.polarion.scriptInline/polarion_client5_iw_1"
2026-06-23 11:44:35,960 [ajp-nio-127.0.0.1-8889-exec-2 | cID:AAAM0w | u:admin] INFO  RPC - "0.007","Render Widget for preview","drivepilot/_default/Home (null, 1)/com.polarion.scriptInline/polarion_client9_iw_1"
2026-06-23 11:44:35,979 [ajp-nio-127.0.0.1-8889-exec-10 | cID:AAAM1A | u:admin] INFO  RPC - "0.006","Render Widget for preview","drivepilot/_default/Home (null, 1)/com.polarion.activityStream/polarion_client1"
2026-06-23 11:44:36,174 [ajp-nio-127.0.0.1-8889-exec-5 | cID:AAAM2w | u:admin] INFO  RPC - "0.022","Load Rich Page for preview","drivepilot/_default/Home (null, 1)"
2026-06-23 11:44:36,465 [ajp-nio-127.0.0.1-8889-exec-6 | cID:AAAM5Q | u:admin] INFO  RPC - "0.016","Render Widget for preview","drivepilot/_default/Home (null, 1)/com.polarion.scriptBlock/polarion_client11"
2026-06-23 11:44:36,468 [ajp-nio-127.0.0.1-8889-exec-1 | cID:AAAM6A | u:admin] INFO  RPC - "0.010","Render Widget for preview","drivepilot/_default/Home (null, 1)/com.polarion.scriptInline/polarion_client16_iw_1"
2026-06-23 11:44:36,468 [ajp-nio-127.0.0.1-8889-exec-10 | cID:AAAM5w | u:admin] INFO  RPC - "0.012","Render Widget for preview","drivepilot/_default/Home (null, 1)/com.polarion.scriptInline/polarion_client5_iw_1"
2026-06-23 11:44:36,470 [ajp-nio-127.0.0.1-8889-exec-2 | cID:AAAM5g | u:admin] INFO  RPC - "0.021","Render Widget for preview","drivepilot/_default/Home (null, 1)/com.polarion.scriptBlock/polarion_client10"
2026-06-23 11:44:36,476 [ajp-nio-127.0.0.1-8889-exec-6 | cID:AAAM6Q | u:admin] INFO  RPC - "0.011","Render Widget for preview","drivepilot/_default/Home (null, 1)/com.polarion.scriptInline/polarion_client9_iw_1"
2026-06-23 11:44:36,536 [ajp-nio-127.0.0.1-8889-exec-8 | cID:AAAM6g | u:admin] INFO  RPC - "0.005","Render Widget for preview","drivepilot/_default/Home (null, 1)/com.polarion.activityStream/polarion_client1"
2026-06-23 11:44:44,832 [ajp-nio-127.0.0.1-8889-exec-4 | cID:AAAM9Q] INFO  PolarionLicensing - User 'admin' logged out with concurrent ALM
2026-06-23 11:44:44,832 [ajp-nio-127.0.0.1-8889-exec-4 | cID:AAAM9Q] INFO  (SECURITY) com.polarion.platform.session.SsoUserRegistry - [AUTH-0009] - Session invalidated for user 'admin'.
2026-06-23 11:44:44,834 [ajp-nio-127.0.0.1-8889-exec-4 | cID:AAAM9Q] INFO  PolarionLicensing - User 'admin' logged out with concurrent ALM
2026-06-23 11:44:44,835 [ajp-nio-127.0.0.1-8889-exec-4 | cID:AAAM9Q] INFO  (SECURITY) com.polarion.platform.session.SsoUserRegistry - [AUTH-0009] - Session invalidated for user 'admin'.
2026-06-23 11:44:44,835 [ajp-nio-127.0.0.1-8889-exec-4 | cID:AAAM9Q] INFO  (SECURITY) com.polarion.platform.session.PolarionLocalSingleSignOn - [AUTH-0009] - User 'admin' logged out.
2026-06-23 11:45:13,045 [ajp-nio-127.0.0.1-8889-exec-3 | cID:AAANAw | u:p] INFO  (SECURITY) com.polarion.platform.internal.security.auth.LoginFlowUserPassword - [AUTH-0001] - User 'admin' authenticated. Source: portal/UNSET.
2026-06-23 11:45:13,046 [ajp-nio-127.0.0.1-8889-exec-3 | cID:AAANAw] INFO  (SECURITY) com.polarion.alm.projects.internal.PasswordLoginManager - [AUTH-0001] - User 'admin' logged in by 'Password' mechanism. Source: portal/UNSET.
2026-06-23 11:45:13,046 [ajp-nio-127.0.0.1-8889-exec-3 | cID:AAANAw] INFO  PolarionLicensing - STATS:concurrentALMUser,current:1,peak:1,limit:120000
2026-06-23 11:45:13,046 [ajp-nio-127.0.0.1-8889-exec-3 | cID:AAANAw] INFO  PolarionLicensing - STATS:concurrentVariantsUser,current:1,peak:1,limit:120000
2026-06-23 11:45:13,123 [ajp-nio-127.0.0.1-8889-exec-2 | cID:AAANBA | u:p] INFO  (SECURITY) com.polarion.platform.internal.security.auth.LoginFlowUserPassword - [AUTH-0001] - User 'admin' authenticated. Source: portal/UNSET.
2026-06-23 11:45:13,124 [ajp-nio-127.0.0.1-8889-exec-2 | cID:AAANBA] INFO  (SECURITY) com.polarion.alm.projects.internal.PasswordLoginManager - [AUTH-0001] - User 'admin' logged in by 'Password' mechanism. Source: portal/UNSET.
2026-06-23 11:45:13,124 [ajp-nio-127.0.0.1-8889-exec-2 | cID:AAANBA] INFO  PolarionLicensing - STATS:concurrentALMUser,current:1,peak:1,limit:120000
2026-06-23 11:45:13,124 [ajp-nio-127.0.0.1-8889-exec-2 | cID:AAANBA] INFO  PolarionLicensing - STATS:concurrentVariantsUser,current:1,peak:1,limit:120000
2026-06-23 11:45:13,441 [ajp-nio-127.0.0.1-8889-exec-3 | cID:AAANAw] INFO  PolarionLicensing - User 'admin' logged in with concurrent ALM
2026-06-23 11:45:13,442 [ajp-nio-127.0.0.1-8889-exec-3 | cID:AAANAw] INFO  TXLOGGER - Summary for 'servlet /polarion/j_security_check': Total: 0.398 s, CPU [user: 0.01 s], Allocated memory: 753.2 kB, transactions: 1, PolarionAuthenticator: 0.398 s [100% authenticate (1x)] (1x), SaltLicense: 0.395 s [100% userLoggedIn (1x)] (1x)
2026-06-23 11:45:13,443 [ajp-nio-127.0.0.1-8889-exec-2 | cID:AAANBA] INFO  PolarionLicensing - User 'admin' logged in with concurrent ALM
2026-06-23 11:45:13,443 [ajp-nio-127.0.0.1-8889-exec-2 | cID:AAANBA] INFO  TXLOGGER - Summary for 'servlet /polarion/j_security_check': Total: 0.321 s, CPU [system: 0.00176 s], Allocated memory: 605.5 kB, transactions: 1, PolarionAuthenticator: 0.321 s [100% authenticate (1x)] (1x), SaltLicense: 0.319 s [100% userLoggedIn (1x)] (1x)
2026-06-23 11:45:15,011 [ajp-nio-127.0.0.1-8889-exec-6 | cID:AAANDw | u:admin] INFO  TXLOGGER - Tx 67bcf7a8ddfd7_0_67bcf7a8ddfd7_0_: finished. Total: 0.14 s, CPU [system: 0.00157 s], Allocated memory: 165.4 kB
2026-06-23 11:45:15,011 [ajp-nio-127.0.0.1-8889-exec-5 | cID:AAANEA | u:admin] INFO  TXLOGGER - Tx 67bcf7a8e0fd8_0_67bcf7a8e0fd8_0_: finished. Total: 0.128 s, CPU [system: 0.00139 s], Allocated memory: 165.2 kB
2026-06-23 11:45:15,012 [ajp-nio-127.0.0.1-8889-exec-6 | cID:AAANDw] INFO  TXLOGGER - Summary for 'servlet /polarion/gwt/com.polarion.UI/PortalDataService': Total: 0.143 s, CPU [system: 0.0041 s], Allocated memory: 600.3 kB, transactions: 1, PortalDataService: 0.14 s [100% getInitData (1x)] (1x)
2026-06-23 11:45:15,012 [ajp-nio-127.0.0.1-8889-exec-5 | cID:AAANEA] INFO  TXLOGGER - Summary for 'servlet /polarion/gwt/com.polarion.UI/PortalDataService': Total: 0.13 s, CPU [system: 0.00329 s], Allocated memory: 599.9 kB, transactions: 1, PortalDataService: 0.129 s [100% getInitData (1x)] (1x)
2026-06-23 11:45:15,789 [ajp-nio-127.0.0.1-8889-exec-8 | cID:AAANGw | u:admin] INFO  RPC - "0.035","Load Rich Page for preview","drivepilot/_default/Home (null, 1)"
2026-06-23 11:45:15,830 [ajp-nio-127.0.0.1-8889-exec-3 | cID:AAANHw | u:admin] INFO  RPC - "0.034","Load Rich Page for preview","drivepilot/_default/Home (null, 1)"
2026-06-23 11:45:16,037 [ajp-nio-127.0.0.1-8889-exec-9 | cID:AAANJw | u:admin] INFO  RPC - "0.011","Render Widget for preview","drivepilot/_default/Home (null, 1)/com.polarion.scriptBlock/polarion_client11"
2026-06-23 11:45:16,041 [ajp-nio-127.0.0.1-8889-exec-10 | cID:AAANKg | u:admin] INFO  RPC - "0.007","Render Widget for preview","drivepilot/_default/Home (null, 1)/com.polarion.scriptInline/polarion_client5_iw_1"
2026-06-23 11:45:16,042 [ajp-nio-127.0.0.1-8889-exec-7 | cID:AAANKQ | u:admin] INFO  RPC - "0.014","Render Widget for preview","drivepilot/_default/Home (null, 1)/com.polarion.scriptInline/polarion_client16_iw_1"
2026-06-23 11:45:16,044 [ajp-nio-127.0.0.1-8889-exec-8 | cID:AAANKA | u:admin] INFO  RPC - "0.016","Render Widget for preview","drivepilot/_default/Home (null, 1)/com.polarion.scriptBlock/polarion_client10"
2026-06-23 11:45:16,080 [ajp-nio-127.0.0.1-8889-exec-6 | cID:AAANKw | u:admin] INFO  RPC - "0.006","Render Widget for preview","drivepilot/_default/Home (null, 1)/com.polarion.scriptBlock/polarion_client11"
2026-06-23 11:45:16,090 [ajp-nio-127.0.0.1-8889-exec-5 | cID:AAANLQ | u:admin] INFO  RPC - "0.006","Render Widget for preview","drivepilot/_default/Home (null, 1)/com.polarion.scriptInline/polarion_client16_iw_1"
2026-06-23 11:45:16,091 [ajp-nio-127.0.0.1-8889-exec-3 | cID:AAANLg | u:admin] INFO  RPC - "0.006","Render Widget for preview","drivepilot/_default/Home (null, 1)/com.polarion.scriptInline/polarion_client5_iw_1"
2026-06-23 11:45:16,092 [ajp-nio-127.0.0.1-8889-exec-2 | cID:AAANLA | u:admin] INFO  RPC - "0.013","Render Widget for preview","drivepilot/_default/Home (null, 1)/com.polarion.scriptBlock/polarion_client10"
2026-06-23 11:45:16,110 [ajp-nio-127.0.0.1-8889-exec-4 | cID:AAANLw | u:admin] INFO  RPC - "0.008","Render Widget for preview","drivepilot/_default/Home (null, 1)/com.polarion.scriptInline/polarion_client9_iw_1"
2026-06-23 11:45:16,111 [ajp-nio-127.0.0.1-8889-exec-1 | cID:AAANMA | u:admin] INFO  RPC - "0.007","Render Widget for preview","drivepilot/_default/Home (null, 1)/com.polarion.scriptInline/polarion_client9_iw_1"
2026-06-23 11:45:16,114 [ajp-nio-127.0.0.1-8889-exec-9 | cID:AAANMQ | u:admin] INFO  RPC - "0.009","Render Widget for preview","drivepilot/_default/Home (null, 1)/com.polarion.activityStream/polarion_client1"
2026-06-23 11:45:16,115 [ajp-nio-127.0.0.1-8889-exec-10 | cID:AAANMg | u:admin] INFO  RPC - "0.003","Render Widget for preview","drivepilot/_default/Home (null, 1)/com.polarion.activityStream/polarion_client1"
2026-06-23 11:45:25,713 [ajp-nio-127.0.0.1-8889-exec-10 | cID:AAANSA] INFO  PolarionLicensing - User 'admin' logged out with concurrent ALM
2026-06-23 11:45:25,713 [ajp-nio-127.0.0.1-8889-exec-10 | cID:AAANSA] INFO  (SECURITY) com.polarion.platform.session.SsoUserRegistry - [AUTH-0009] - Session invalidated for user 'admin'.
2026-06-23 11:45:25,713 [ajp-nio-127.0.0.1-8889-exec-10 | cID:AAANSA] INFO  PolarionLicensing - User 'admin' logged out with concurrent ALM
2026-06-23 11:45:25,713 [ajp-nio-127.0.0.1-8889-exec-10 | cID:AAANSA] INFO  (SECURITY) com.polarion.platform.session.SsoUserRegistry - [AUTH-0009] - Session invalidated for user 'admin'.
2026-06-23 11:45:25,713 [ajp-nio-127.0.0.1-8889-exec-10 | cID:AAANSA] INFO  (SECURITY) com.polarion.platform.session.PolarionLocalSingleSignOn - [AUTH-0009] - User 'admin' logged out.
2026-06-23 11:45:25,713 [ajp-nio-127.0.0.1-8889-exec-5 | cID:AAANRg] INFO  PolarionLicensing - User 'admin' logged out with concurrent ALM
2026-06-23 11:45:25,713 [ajp-nio-127.0.0.1-8889-exec-5 | cID:AAANRg] INFO  (SECURITY) com.polarion.platform.session.SsoUserRegistry - [AUTH-0009] - Session invalidated for user 'admin'.
2026-06-23 11:45:25,713 [ajp-nio-127.0.0.1-8889-exec-5 | cID:AAANRg] INFO  (SECURITY) com.polarion.platform.session.PolarionLocalSingleSignOn - [AUTH-0009] - User 'admin' logged out.
2026-06-23 11:45:44,042 [ajp-nio-127.0.0.1-8889-exec-3 | cID:AAANVA | u:p] INFO  (SECURITY) com.polarion.platform.internal.security.auth.LoginFlowUserPassword - [AUTH-0001] - User 'admin' authenticated. Source: portal/UNSET.
2026-06-23 11:45:44,043 [ajp-nio-127.0.0.1-8889-exec-3 | cID:AAANVA] INFO  (SECURITY) com.polarion.alm.projects.internal.PasswordLoginManager - [AUTH-0001] - User 'admin' logged in by 'Password' mechanism. Source: portal/UNSET.
2026-06-23 11:45:44,043 [ajp-nio-127.0.0.1-8889-exec-3 | cID:AAANVA] INFO  PolarionLicensing - STATS:concurrentALMUser,current:1,peak:1,limit:120000
2026-06-23 11:45:44,043 [ajp-nio-127.0.0.1-8889-exec-3 | cID:AAANVA] INFO  PolarionLicensing - STATS:concurrentVariantsUser,current:1,peak:1,limit:120000
2026-06-23 11:45:44,332 [ajp-nio-127.0.0.1-8889-exec-8 | cID:AAANVg | u:p] INFO  (SECURITY) com.polarion.platform.internal.security.auth.LoginFlowUserPassword - [AUTH-0001] - User 'admin' authenticated. Source: portal/UNSET.
2026-06-23 11:45:44,333 [ajp-nio-127.0.0.1-8889-exec-8 | cID:AAANVg] INFO  (SECURITY) com.polarion.alm.projects.internal.PasswordLoginManager - [AUTH-0001] - User 'admin' logged in by 'Password' mechanism. Source: portal/UNSET.
2026-06-23 11:45:44,333 [ajp-nio-127.0.0.1-8889-exec-8 | cID:AAANVg] INFO  PolarionLicensing - STATS:concurrentALMUser,current:1,peak:1,limit:120000
2026-06-23 11:45:44,333 [ajp-nio-127.0.0.1-8889-exec-8 | cID:AAANVg] INFO  PolarionLicensing - STATS:concurrentVariantsUser,current:1,peak:1,limit:120000
2026-06-23 11:45:44,452 [ajp-nio-127.0.0.1-8889-exec-3 | cID:AAANVA] INFO  PolarionLicensing - User 'admin' logged in with concurrent ALM
2026-06-23 11:45:44,452 [ajp-nio-127.0.0.1-8889-exec-3 | cID:AAANVA] INFO  TXLOGGER - Summary for 'servlet /polarion/j_security_check': Total: 0.411 s, CPU [user: 0.01 s], Allocated memory: 605.4 kB, transactions: 1, PolarionAuthenticator: 0.411 s [100% authenticate (1x)] (1x), SaltLicense: 0.409 s [100% userLoggedIn (1x)] (1x)
2026-06-23 11:45:44,453 [ajp-nio-127.0.0.1-8889-exec-8 | cID:AAANVg] INFO  PolarionLicensing - User 'admin' logged in with concurrent ALM
2026-06-23 11:45:44,453 [ajp-nio-127.0.0.1-8889-exec-8 | cID:AAANVg] INFO  TXLOGGER - Summary for 'servlet /polarion/j_security_check': Total: 0.122 s, CPU [system: 0.00259 s], Allocated memory: 605.2 kB, transactions: 1, PolarionAuthenticator: 0.122 s [100% authenticate (1x)] (1x), SaltLicense: 0.12 s [100% userLoggedIn (1x)] (1x)
2026-06-23 11:45:45,951 [ajp-nio-127.0.0.1-8889-exec-7 | cID:AAANYQ | u:admin] INFO  TXLOGGER - Tx 67bcf7c715ff5_0_67bcf7c715ff5_0_: finished. Total: 0.135 s, CPU [system: 0.00136 s], Allocated memory: 165.2 kB
2026-06-23 11:45:45,951 [ajp-nio-127.0.0.1-8889-exec-1 | cID:AAANYg | u:admin] INFO  TXLOGGER - Tx 67bcf7c71c3f6_0_67bcf7c71c3f6_0_: finished. Total: 0.111 s, CPU [system: 0.00141 s], Allocated memory: 165.2 kB
2026-06-23 11:45:45,952 [ajp-nio-127.0.0.1-8889-exec-1 | cID:AAANYg] INFO  TXLOGGER - Summary for 'servlet /polarion/gwt/com.polarion.UI/PortalDataService': Total: 0.113 s, CPU [user: 0.01 s], Allocated memory: 599.9 kB, transactions: 1, PortalDataService: 0.111 s [100% getInitData (1x)] (1x)
2026-06-23 11:45:45,953 [ajp-nio-127.0.0.1-8889-exec-7 | cID:AAANYQ] INFO  TXLOGGER - Summary for 'servlet /polarion/gwt/com.polarion.UI/PortalDataService': Total: 0.138 s, CPU [system: 0.00333 s], Allocated memory: 600.1 kB, transactions: 1, PortalDataService: 0.136 s [100% getInitData (1x)] (1x)
2026-06-23 11:45:46,617 [ajp-nio-127.0.0.1-8889-exec-7 | cID:AAANbA | u:admin] INFO  RPC - "0.027","Load Rich Page for preview","drivepilot/_default/Home (null, 1)"
2026-06-23 11:45:46,814 [ajp-nio-127.0.0.1-8889-exec-2 | cID:AAANcg | u:admin] INFO  RPC - "0.030","Load Rich Page for preview","drivepilot/_default/Home (null, 1)"
2026-06-23 11:45:46,867 [ajp-nio-127.0.0.1-8889-exec-9 | cID:AAANdw | u:admin] INFO  RPC - "0.005","Render Widget for preview","drivepilot/_default/Home (null, 1)/com.polarion.scriptBlock/polarion_client11"
2026-06-23 11:45:46,877 [ajp-nio-127.0.0.1-8889-exec-7 | cID:AAANeQ | u:admin] INFO  RPC - "0.009","Render Widget for preview","drivepilot/_default/Home (null, 1)/com.polarion.scriptInline/polarion_client16_iw_1"
2026-06-23 11:45:46,877 [ajp-nio-127.0.0.1-8889-exec-5 | cID:AAANeg | u:admin] INFO  RPC - "0.009","Render Widget for preview","drivepilot/_default/Home (null, 1)/com.polarion.scriptInline/polarion_client5_iw_1"
2026-06-23 11:45:46,884 [ajp-nio-127.0.0.1-8889-exec-10 | cID:AAANeA | u:admin] INFO  RPC - "0.020","Render Widget for preview","drivepilot/_default/Home (null, 1)/com.polarion.scriptBlock/polarion_client10"
2026-06-23 11:45:46,896 [ajp-nio-127.0.0.1-8889-exec-3 | cID:AAANfA | u:admin] INFO  RPC - "0.006","Render Widget for preview","drivepilot/_default/Home (null, 1)/com.polarion.scriptInline/polarion_client9_iw_1"
2026-06-23 11:45:47,039 [ajp-nio-127.0.0.1-8889-exec-1 | cID:AAANfg | u:admin] INFO  RPC - "0.004","Render Widget for preview","drivepilot/_default/Home (null, 1)/com.polarion.activityStream/polarion_client1"
2026-06-23 11:45:47,076 [ajp-nio-127.0.0.1-8889-exec-2 | cID:AAANfw | u:admin] INFO  RPC - "0.006","Render Widget for preview","drivepilot/_default/Home (null, 1)/com.polarion.scriptBlock/polarion_client11"
2026-06-23 11:45:47,092 [ajp-nio-127.0.0.1-8889-exec-5 | cID:AAANgg | u:admin] INFO  RPC - "0.008","Render Widget for preview","drivepilot/_default/Home (null, 1)/com.polarion.scriptInline/polarion_client16_iw_1"
2026-06-23 11:45:47,108 [ajp-nio-127.0.0.1-8889-exec-9 | cID:AAANgQ | u:admin] INFO  RPC - "0.024","Render Widget for preview","drivepilot/_default/Home (null, 1)/com.polarion.scriptInline/polarion_client5_iw_1"
2026-06-23 11:45:47,109 [ajp-nio-127.0.0.1-8889-exec-4 | cID:AAANgA | u:admin] INFO  RPC - "0.035","Render Widget for preview","drivepilot/_default/Home (null, 1)/com.polarion.scriptBlock/polarion_client10"
2026-06-23 11:45:47,148 [ajp-nio-127.0.0.1-8889-exec-1 | cID:AAANiA | u:admin] INFO  RPC - "0.005","Render Widget for preview","drivepilot/_default/Home (null, 1)/com.polarion.scriptInline/polarion_client9_iw_1"
2026-06-23 11:45:47,153 [ajp-nio-127.0.0.1-8889-exec-2 | cID:AAANiQ | u:admin] INFO  RPC - "0.004","Render Widget for preview","drivepilot/_default/Home (null, 1)/com.polarion.activityStream/polarion_client1"
2026-06-23 11:45:55,717 [ajp-nio-127.0.0.1-8889-exec-10 | cID:AAANmA] INFO  PolarionLicensing - User 'admin' logged out with concurrent ALM
2026-06-23 11:45:55,717 [ajp-nio-127.0.0.1-8889-exec-10 | cID:AAANmA] INFO  (SECURITY) com.polarion.platform.session.SsoUserRegistry - [AUTH-0009] - Session invalidated for user 'admin'.
2026-06-23 11:45:55,717 [ajp-nio-127.0.0.1-8889-exec-7 | cID:AAANmg] INFO  PolarionLicensing - User 'admin' logged out with concurrent ALM
2026-06-23 11:45:55,717 [ajp-nio-127.0.0.1-8889-exec-7 | cID:AAANmg] INFO  (SECURITY) com.polarion.platform.session.SsoUserRegistry - [AUTH-0009] - Session invalidated for user 'admin'.
2026-06-23 11:45:55,717 [ajp-nio-127.0.0.1-8889-exec-10 | cID:AAANmA] INFO  PolarionLicensing - User 'admin' logged out with concurrent ALM
2026-06-23 11:45:55,717 [ajp-nio-127.0.0.1-8889-exec-10 | cID:AAANmA] INFO  (SECURITY) com.polarion.platform.session.SsoUserRegistry - [AUTH-0009] - Session invalidated for user 'admin'.
2026-06-23 11:45:55,717 [ajp-nio-127.0.0.1-8889-exec-10 | cID:AAANmA] INFO  (SECURITY) com.polarion.platform.session.PolarionLocalSingleSignOn - [AUTH-0009] - User 'admin' logged out.
2026-06-23 11:45:55,719 [ajp-nio-127.0.0.1-8889-exec-7 | cID:AAANmg] INFO  PolarionLicensing - User 'admin' logged out with concurrent ALM
2026-06-23 11:45:55,720 [ajp-nio-127.0.0.1-8889-exec-7 | cID:AAANmg] INFO  (SECURITY) com.polarion.platform.session.SsoUserRegistry - [AUTH-0009] - Session invalidated for user 'admin'.
2026-06-23 11:45:55,720 [ajp-nio-127.0.0.1-8889-exec-7 | cID:AAANmg] INFO  (SECURITY) com.polarion.platform.session.PolarionLocalSingleSignOn - [AUTH-0009] - User 'admin' logged out.
2026-06-23 11:46:13,939 [ajp-nio-127.0.0.1-8889-exec-2 | cID:AAANpw | u:p] INFO  (SECURITY) com.polarion.platform.internal.security.auth.LoginFlowUserPassword - [AUTH-0001] - User 'admin' authenticated. Source: portal/UNSET.
2026-06-23 11:46:13,940 [ajp-nio-127.0.0.1-8889-exec-2 | cID:AAANpw] INFO  (SECURITY) com.polarion.alm.projects.internal.PasswordLoginManager - [AUTH-0001] - User 'admin' logged in by 'Password' mechanism. Source: portal/UNSET.
2026-06-23 11:46:13,940 [ajp-nio-127.0.0.1-8889-exec-2 | cID:AAANpw] INFO  PolarionLicensing - STATS:concurrentALMUser,current:1,peak:1,limit:120000
2026-06-23 11:46:13,940 [ajp-nio-127.0.0.1-8889-exec-2 | cID:AAANpw] INFO  PolarionLicensing - STATS:concurrentVariantsUser,current:1,peak:1,limit:120000
2026-06-23 11:46:14,054 [ajp-nio-127.0.0.1-8889-exec-5 | cID:AAANqA | u:p] INFO  (SECURITY) com.polarion.platform.internal.security.auth.LoginFlowUserPassword - [AUTH-0001] - User 'admin' authenticated. Source: portal/UNSET.
2026-06-23 11:46:14,055 [ajp-nio-127.0.0.1-8889-exec-5 | cID:AAANqA] INFO  (SECURITY) com.polarion.alm.projects.internal.PasswordLoginManager - [AUTH-0001] - User 'admin' logged in by 'Password' mechanism. Source: portal/UNSET.
2026-06-23 11:46:14,055 [ajp-nio-127.0.0.1-8889-exec-5 | cID:AAANqA] INFO  PolarionLicensing - STATS:concurrentALMUser,current:1,peak:1,limit:120000
2026-06-23 11:46:14,055 [ajp-nio-127.0.0.1-8889-exec-5 | cID:AAANqA] INFO  PolarionLicensing - STATS:concurrentVariantsUser,current:1,peak:1,limit:120000
2026-06-23 11:46:14,515 [ajp-nio-127.0.0.1-8889-exec-2 | cID:AAANpw] INFO  PolarionLicensing - User 'admin' logged in with concurrent ALM
2026-06-23 11:46:14,515 [ajp-nio-127.0.0.1-8889-exec-5 | cID:AAANqA] INFO  PolarionLicensing - User 'admin' logged in with concurrent ALM
2026-06-23 11:46:14,515 [ajp-nio-127.0.0.1-8889-exec-2 | cID:AAANpw] INFO  TXLOGGER - Summary for 'servlet /polarion/j_security_check': Total: 0.577 s, CPU [system: 0.0027 s], Allocated memory: 752.9 kB, transactions: 1, PolarionAuthenticator: 0.577 s [100% authenticate (1x)] (1x), SaltLicense: 0.574 s [100% userLoggedIn (1x)] (1x)
2026-06-23 11:46:14,515 [ajp-nio-127.0.0.1-8889-exec-5 | cID:AAANqA] INFO  TXLOGGER - Summary for 'servlet /polarion/j_security_check': Total: 0.463 s, CPU [system: 0.00199 s], Allocated memory: 605.2 kB, transactions: 1, PolarionAuthenticator: 0.463 s [100% authenticate (1x)] (1x), SaltLicense: 0.46 s [100% userLoggedIn (1x)] (1x)
2026-06-23 11:46:16,214 [ajp-nio-127.0.0.1-8889-exec-6 | cID:AAANsw | u:admin] INFO  TXLOGGER - Tx 67bcf7e499c13_0_67bcf7e499c13_0_: finished. Total: 0.176 s, CPU [system: 0.00146 s], Allocated memory: 165.2 kB
2026-06-23 11:46:16,214 [ajp-nio-127.0.0.1-8889-exec-3 | cID:AAANtA | u:admin] INFO  TXLOGGER - Tx 67bcf7e4a1814_0_67bcf7e4a1814_0_: finished. Total: 0.145 s, CPU [system: 0.00112 s], Allocated memory: 165.3 kB
2026-06-23 11:46:16,216 [ajp-nio-127.0.0.1-8889-exec-3 | cID:AAANtA] INFO  TXLOGGER - Summary for 'servlet /polarion/gwt/com.polarion.UI/PortalDataService': Total: 0.149 s, CPU [system: 0.00393 s], Allocated memory: 625.8 kB, transactions: 1, PortalDataService: 0.146 s [100% getInitData (1x)] (1x)
2026-06-23 11:46:16,220 [ajp-nio-127.0.0.1-8889-exec-6 | cID:AAANsw] INFO  TXLOGGER - Summary for 'servlet /polarion/gwt/com.polarion.UI/PortalDataService': Total: 0.184 s, CPU [system: 0.0036 s], Allocated memory: 600.2 kB, transactions: 1, PortalDataService: 0.176 s [100% getInitData (1x)] (1x)
2026-06-23 11:46:16,894 [ajp-nio-127.0.0.1-8889-exec-8 | cID:AAANvw | u:admin] INFO  RPC - "0.031","Load Rich Page for preview","drivepilot/_default/Home (null, 1)"
2026-06-23 11:46:16,897 [ajp-nio-127.0.0.1-8889-exec-9 | cID:AAANww | u:admin] INFO  RPC - "0.020","Load Rich Page for preview","drivepilot/_default/Home (null, 1)"
2026-06-23 11:46:17,141 [ajp-nio-127.0.0.1-8889-exec-7 | cID:AAANyw | u:admin] INFO  RPC - "0.006","Render Widget for preview","drivepilot/_default/Home (null, 1)/com.polarion.scriptBlock/polarion_client11"
2026-06-23 11:46:17,150 [ajp-nio-127.0.0.1-8889-exec-5 | cID:AAANzg | u:admin] INFO  RPC - "0.004","Render Widget for preview","drivepilot/_default/Home (null, 1)/com.polarion.scriptBlock/polarion_client11"
2026-06-23 11:46:17,152 [ajp-nio-127.0.0.1-8889-exec-1 | cID:AAANzQ | u:admin] INFO  RPC - "0.010","Render Widget for preview","drivepilot/_default/Home (null, 1)/com.polarion.scriptInline/polarion_client16_iw_1"
2026-06-23 11:46:17,164 [ajp-nio-127.0.0.1-8889-exec-3 | cID:AAAN0A | u:admin] INFO  RPC - "0.014","Render Widget for preview","drivepilot/_default/Home (null, 1)/com.polarion.scriptInline/polarion_client16_iw_1"
2026-06-23 11:46:17,165 [ajp-nio-127.0.0.1-8889-exec-9 | cID:AAAN0Q | u:admin] INFO  RPC - "0.009","Render Widget for preview","drivepilot/_default/Home (null, 1)/com.polarion.scriptInline/polarion_client5_iw_1"
2026-06-23 11:46:17,165 [ajp-nio-127.0.0.1-8889-exec-2 | cID:AAANzA | u:admin] INFO  RPC - "0.027","Render Widget for preview","drivepilot/_default/Home (null, 1)/com.polarion.scriptBlock/polarion_client10"
2026-06-23 11:46:17,165 [ajp-nio-127.0.0.1-8889-exec-8 | cID:AAANzw | u:admin] INFO  RPC - "0.018","Render Widget for preview","drivepilot/_default/Home (null, 1)/com.polarion.scriptBlock/polarion_client10"
2026-06-23 11:46:17,191 [ajp-nio-127.0.0.1-8889-exec-6 | cID:AAAN0g | u:admin] INFO  RPC - "0.005","Render Widget for preview","drivepilot/_default/Home (null, 1)/com.polarion.scriptInline/polarion_client9_iw_1"
2026-06-23 11:46:17,213 [ajp-nio-127.0.0.1-8889-exec-4 | cID:AAAN0w | u:admin] INFO  RPC - "0.004","Render Widget for preview","drivepilot/_default/Home (null, 1)/com.polarion.scriptInline/polarion_client5_iw_1"
2026-06-23 11:46:17,233 [ajp-nio-127.0.0.1-8889-exec-10 | cID:AAAN1A | u:admin] INFO  RPC - "0.011","Render Widget for preview","drivepilot/_default/Home (null, 1)/com.polarion.activityStream/polarion_client1"
2026-06-23 11:46:17,234 [ajp-nio-127.0.0.1-8889-exec-7 | cID:AAAN1Q | u:admin] INFO  RPC - "0.006","Render Widget for preview","drivepilot/_default/Home (null, 1)/com.polarion.scriptInline/polarion_client9_iw_1"
2026-06-23 11:46:17,243 [ajp-nio-127.0.0.1-8889-exec-5 | cID:AAAN1g | u:admin] INFO  RPC - "0.004","Render Widget for preview","drivepilot/_default/Home (null, 1)/com.polarion.activityStream/polarion_client1"
2026-06-23 11:47:30,995 [ajp-nio-127.0.0.1-8889-exec-5 | cID:AAAN6g] INFO  PolarionLicensing - User 'admin' logged out with concurrent ALM
2026-06-23 11:47:30,995 [ajp-nio-127.0.0.1-8889-exec-5 | cID:AAAN6g] INFO  (SECURITY) com.polarion.platform.session.SsoUserRegistry - [AUTH-0009] - Session invalidated for user 'admin'.
2026-06-23 11:47:30,996 [ajp-nio-127.0.0.1-8889-exec-5 | cID:AAAN6g] INFO  PolarionLicensing - User 'admin' logged out with concurrent ALM
2026-06-23 11:47:30,996 [ajp-nio-127.0.0.1-8889-exec-5 | cID:AAAN6g] INFO  (SECURITY) com.polarion.platform.session.SsoUserRegistry - [AUTH-0009] - Session invalidated for user 'admin'.
2026-06-23 11:47:30,996 [ajp-nio-127.0.0.1-8889-exec-5 | cID:AAAN6g] INFO  (SECURITY) com.polarion.platform.session.PolarionLocalSingleSignOn - [AUTH-0009] - User 'admin' logged out.
2026-06-23 11:47:30,997 [ajp-nio-127.0.0.1-8889-exec-5 | cID:AAAN6g] INFO  TXLOGGER - Summary for 'servlet /polarion/login/logout': Total: 0.11 s, CPU [user: 0.01 s], Allocated memory: 182.9 kB, transactions: 0, SaltLicense: 0.11 s [100% userLoggedOut (2x)] (2x)
2026-06-23 11:47:51,984 [ajp-nio-127.0.0.1-8889-exec-10 | cID:AAAN9w | u:p] INFO  (SECURITY) com.polarion.platform.internal.security.auth.LoginFlowUserPassword - [AUTH-0001] - User 'admin' authenticated. Source: portal/UNSET.
2026-06-23 11:47:51,985 [ajp-nio-127.0.0.1-8889-exec-10 | cID:AAAN9w] INFO  (SECURITY) com.polarion.alm.projects.internal.PasswordLoginManager - [AUTH-0001] - User 'admin' logged in by 'Password' mechanism. Source: portal/UNSET.
2026-06-23 11:47:51,985 [ajp-nio-127.0.0.1-8889-exec-10 | cID:AAAN9w] INFO  PolarionLicensing - STATS:concurrentALMUser,current:1,peak:1,limit:120000
2026-06-23 11:47:51,985 [ajp-nio-127.0.0.1-8889-exec-10 | cID:AAAN9w] INFO  PolarionLicensing - STATS:concurrentVariantsUser,current:1,peak:1,limit:120000
2026-06-23 11:47:52,308 [ajp-nio-127.0.0.1-8889-exec-6 | cID:AAAN-Q | u:p] INFO  (SECURITY) com.polarion.platform.internal.security.auth.LoginFlowUserPassword - [AUTH-0001] - User 'admin' authenticated. Source: portal/UNSET.
2026-06-23 11:47:52,309 [ajp-nio-127.0.0.1-8889-exec-6 | cID:AAAN-Q] INFO  (SECURITY) com.polarion.alm.projects.internal.PasswordLoginManager - [AUTH-0001] - User 'admin' logged in by 'Password' mechanism. Source: portal/UNSET.
2026-06-23 11:47:52,309 [ajp-nio-127.0.0.1-8889-exec-6 | cID:AAAN-Q] INFO  PolarionLicensing - STATS:concurrentALMUser,current:1,peak:1,limit:120000
2026-06-23 11:47:52,309 [ajp-nio-127.0.0.1-8889-exec-6 | cID:AAAN-Q] INFO  PolarionLicensing - STATS:concurrentVariantsUser,current:1,peak:1,limit:120000
2026-06-23 11:47:52,377 [ajp-nio-127.0.0.1-8889-exec-10 | cID:AAAN9w] INFO  PolarionLicensing - User 'admin' logged in with concurrent ALM
2026-06-23 11:47:52,377 [ajp-nio-127.0.0.1-8889-exec-10 | cID:AAAN9w] INFO  TXLOGGER - Summary for 'servlet /polarion/j_security_check': Total: 0.394 s, CPU [system: 0.00247 s], Allocated memory: 605.5 kB, transactions: 1, PolarionAuthenticator: 0.394 s [100% authenticate (1x)] (1x), SaltLicense: 0.392 s [100% userLoggedIn (1x)] (1x)
2026-06-23 11:47:52,377 [ajp-nio-127.0.0.1-8889-exec-6 | cID:AAAN-Q] INFO  PolarionLicensing - User 'admin' logged in with concurrent ALM
2026-06-23 11:47:53,828 [ajp-nio-127.0.0.1-8889-exec-4 | cID:AAAOBA | u:admin] INFO  TXLOGGER - Tx 67bcf843f7831_0_67bcf843f7831_0_: finished. Total: 0.135 s, CPU [system: 0.00155 s], Allocated memory: 165.3 kB
2026-06-23 11:47:53,829 [ajp-nio-127.0.0.1-8889-exec-4 | cID:AAAOBA] INFO  TXLOGGER - Summary for 'servlet /polarion/gwt/com.polarion.UI/PortalDataService': Total: 0.137 s, CPU [system: 0.00375 s], Allocated memory: 600.3 kB, transactions: 1, PortalDataService: 0.135 s [100% getInitData (1x)] (1x)
2026-06-23 11:47:54,493 [ajp-nio-127.0.0.1-8889-exec-8 | cID:AAAODw | u:admin] INFO  RPC - "0.022","Load Rich Page for preview","drivepilot/_default/Home (null, 1)"
2026-06-23 11:47:54,554 [ajp-nio-127.0.0.1-8889-exec-2 | cID:AAAOFQ | u:admin] INFO  RPC - "0.019","Load Rich Page for preview","drivepilot/_default/Home (null, 1)"
2026-06-23 11:47:54,723 [ajp-nio-127.0.0.1-8889-exec-9 | cID:AAAOGg | u:admin] INFO  RPC - "0.005","Render Widget for preview","drivepilot/_default/Home (null, 1)/com.polarion.scriptBlock/polarion_client11"
2026-06-23 11:47:54,740 [ajp-nio-127.0.0.1-8889-exec-3 | cID:AAAOHg | u:admin] INFO  RPC - "0.010","Render Widget for preview","drivepilot/_default/Home (null, 1)/com.polarion.scriptInline/polarion_client16_iw_1"
2026-06-23 11:47:54,752 [ajp-nio-127.0.0.1-8889-exec-1 | cID:AAAOHQ | u:admin] INFO  RPC - "0.022","Render Widget for preview","drivepilot/_default/Home (null, 1)/com.polarion.scriptInline/polarion_client5_iw_1"
2026-06-23 11:47:54,756 [ajp-nio-127.0.0.1-8889-exec-5 | cID:AAAOGw | u:admin] INFO  RPC - "0.038","Render Widget for preview","drivepilot/_default/Home (null, 1)/com.polarion.scriptBlock/polarion_client10"
2026-06-23 11:47:54,806 [ajp-nio-127.0.0.1-8889-exec-4 | cID:AAAOIQ | u:admin] INFO  RPC - "0.006","Render Widget for preview","drivepilot/_default/Home (null, 1)/com.polarion.activityStream/polarion_client1"
2026-06-23 11:47:54,808 [ajp-nio-127.0.0.1-8889-exec-6 | cID:AAAOIA | u:admin] INFO  RPC - "0.011","Render Widget for preview","drivepilot/_default/Home (null, 1)/com.polarion.scriptInline/polarion_client9_iw_1"
2026-06-23 11:47:54,827 [ajp-nio-127.0.0.1-8889-exec-9 | cID:AAAOJA | u:admin] INFO  RPC - "0.005","Render Widget for preview","drivepilot/_default/Home (null, 1)/com.polarion.scriptInline/polarion_client16_iw_1"
2026-06-23 11:47:54,829 [ajp-nio-127.0.0.1-8889-exec-2 | cID:AAAOIg | u:admin] INFO  RPC - "0.012","Render Widget for preview","drivepilot/_default/Home (null, 1)/com.polarion.scriptBlock/polarion_client11"
2026-06-23 11:47:54,831 [ajp-nio-127.0.0.1-8889-exec-7 | cID:AAAOIw | u:admin] INFO  RPC - "0.011","Render Widget for preview","drivepilot/_default/Home (null, 1)/com.polarion.scriptBlock/polarion_client10"
2026-06-23 11:47:54,913 [ajp-nio-127.0.0.1-8889-exec-3 | cID:AAAOJg | u:admin] INFO  RPC - "0.005","Render Widget for preview","drivepilot/_default/Home (null, 1)/com.polarion.scriptInline/polarion_client9_iw_1"
2026-06-23 11:47:54,913 [ajp-nio-127.0.0.1-8889-exec-8 | cID:AAAOJQ | u:admin] INFO  RPC - "0.010","Render Widget for preview","drivepilot/_default/Home (null, 1)/com.polarion.scriptInline/polarion_client5_iw_1"
2026-06-23 11:47:54,928 [ajp-nio-127.0.0.1-8889-exec-1 | cID:AAAOJw | u:admin] INFO  RPC - "0.004","Render Widget for preview","drivepilot/_default/Home (null, 1)/com.polarion.activityStream/polarion_client1"
2026-06-23 11:48:01,023 [ajp-nio-127.0.0.1-8889-exec-2 | cID:AAAOOg] INFO  PolarionLicensing - User 'admin' logged out with concurrent ALM
2026-06-23 11:48:01,023 [ajp-nio-127.0.0.1-8889-exec-2 | cID:AAAOOg] INFO  (SECURITY) com.polarion.platform.session.SsoUserRegistry - [AUTH-0009] - Session invalidated for user 'admin'.
2026-06-23 11:48:01,023 [ajp-nio-127.0.0.1-8889-exec-2 | cID:AAAOOg] INFO  PolarionLicensing - User 'admin' logged out with concurrent ALM
2026-06-23 11:48:01,023 [ajp-nio-127.0.0.1-8889-exec-2 | cID:AAAOOg] INFO  (SECURITY) com.polarion.platform.session.SsoUserRegistry - [AUTH-0009] - Session invalidated for user 'admin'.
2026-06-23 11:48:01,023 [ajp-nio-127.0.0.1-8889-exec-2 | cID:AAAOOg] INFO  (SECURITY) com.polarion.platform.session.PolarionLocalSingleSignOn - [AUTH-0009] - User 'admin' logged out.
2026-06-23 11:48:20,380 [ajp-nio-127.0.0.1-8889-exec-9 | cID:AAAOSQ | u:p] INFO  (SECURITY) com.polarion.platform.internal.security.auth.LoginFlowUserPassword - [AUTH-0001] - User 'mTest' authenticated. Source: portal/UNSET.
2026-06-23 11:48:20,382 [ajp-nio-127.0.0.1-8889-exec-9 | cID:AAAOSQ] INFO  (SECURITY) com.polarion.alm.projects.internal.PasswordLoginManager - [AUTH-0001] - User 'mTest' logged in by 'Password' mechanism. Source: portal/UNSET.
2026-06-23 11:48:20,382 [ajp-nio-127.0.0.1-8889-exec-9 | cID:AAAOSQ] INFO  PolarionLicensing - STATS:concurrentReviewerUser,current:1,peak:1,limit:120000
2026-06-23 11:48:20,574 [ajp-nio-127.0.0.1-8889-exec-8 | cID:AAAOSg | u:p] INFO  (SECURITY) com.polarion.platform.internal.security.auth.LoginFlowUserPassword - [AUTH-0001] - User 'mTest' authenticated. Source: portal/UNSET.
2026-06-23 11:48:20,575 [ajp-nio-127.0.0.1-8889-exec-8 | cID:AAAOSg] INFO  (SECURITY) com.polarion.alm.projects.internal.PasswordLoginManager - [AUTH-0001] - User 'mTest' logged in by 'Password' mechanism. Source: portal/UNSET.
2026-06-23 11:48:20,575 [ajp-nio-127.0.0.1-8889-exec-8 | cID:AAAOSg] INFO  PolarionLicensing - STATS:concurrentReviewerUser,current:1,peak:1,limit:120000
2026-06-23 11:48:20,776 [ajp-nio-127.0.0.1-8889-exec-9 | cID:AAAOSQ] INFO  PolarionLicensing - User 'mTest' logged in with concurrent REVIEWER
2026-06-23 11:48:20,776 [ajp-nio-127.0.0.1-8889-exec-8 | cID:AAAOSg] INFO  PolarionLicensing - User 'mTest' logged in with concurrent REVIEWER
2026-06-23 11:48:20,777 [ajp-nio-127.0.0.1-8889-exec-9 | cID:AAAOSQ] INFO  TXLOGGER - Summary for 'servlet /polarion/j_security_check': Total: 0.398 s, CPU [system: 0.00282 s], Allocated memory: 620.5 kB, transactions: 1, PolarionAuthenticator: 0.397 s [100% authenticate (1x)] (1x), SaltLicense: 0.394 s [100% userLoggedIn (1x)] (1x)
2026-06-23 11:48:20,777 [ajp-nio-127.0.0.1-8889-exec-8 | cID:AAAOSg] INFO  TXLOGGER - Summary for 'servlet /polarion/j_security_check': Total: 0.204 s, CPU [system: 0.0022 s], Allocated memory: 612.6 kB, transactions: 1, PolarionAuthenticator: 0.203 s [100% authenticate (1x)] (1x), SaltLicense: 0.202 s [100% userLoggedIn (1x)] (1x)
2026-06-23 11:48:22,838 [ajp-nio-127.0.0.1-8889-exec-2 | cID:AAAOZA | u:mTest] INFO  RPC - "0.028","Load Rich Page for preview","/_default/Home (null, 1)"
2026-06-23 11:48:22,869 [ajp-nio-127.0.0.1-8889-exec-4 | cID:AAAOZg | u:mTest] INFO  RPC - "0.049","Load Rich Page for preview","/_default/Home (null, 1)"
2026-06-23 11:48:23,062 [ajp-nio-127.0.0.1-8889-exec-2 | cID:AAAOcw | u:mTest] INFO  RPC - "0.004","Render Widget for preview","/_default/Home (null, 1)/com.polarion.scriptBlock/polarion_client11"
2026-06-23 11:48:23,063 [ajp-nio-127.0.0.1-8889-exec-9 | cID:AAAOdA | u:mTest] INFO  RPC - "0.004","Render Widget for preview","/_default/Home (null, 1)/com.polarion.scriptInline/polarion_wiki macro name=table;params=header=no|border=no|padding=0px|uid=client28_iw_1"
2026-06-23 11:48:23,066 [ajp-nio-127.0.0.1-8889-exec-4 | cID:AAAOdQ | u:mTest] INFO  RPC - "0.003","Render Widget for preview","/_default/Home (null, 1)/com.polarion.scriptInline/polarion_wiki macro name=table;params=header=no|border=no|padding=0px|uid=client28_iw_2"
2026-06-23 11:48:23,113 [ajp-nio-127.0.0.1-8889-exec-5 | cID:AAAOdg | u:mTest] INFO  RPC - "0.004","Render Widget for preview","/_default/Home (null, 1)/com.polarion.scriptBlock/polarion_client11"
2026-06-23 11:48:23,141 [ajp-nio-127.0.0.1-8889-exec-1 | cID:AAAOdw | u:mTest] INFO  RPC - "0.005","Render Widget for preview","/_default/Home (null, 1)/com.polarion.scriptInline/polarion_wiki macro name=table;params=header=no|border=no|padding=0px|uid=client28_iw_1"
2026-06-23 11:48:23,199 [ajp-nio-127.0.0.1-8889-exec-7 | cID:AAAOeQ | u:mTest] INFO  RPC - "0.003","Render Widget for preview","/_default/Home (null, 1)/com.polarion.scriptBlock/polarion_client45"
2026-06-23 11:48:23,202 [ajp-nio-127.0.0.1-8889-exec-8 | cID:AAAOeA | u:mTest] INFO  RPC - "0.010","Render Widget for preview","/_default/Home (null, 1)/com.polarion.scriptInline/polarion_wiki macro name=table;params=header=no|border=no|padding=0px|uid=client28_iw_3"
2026-06-23 11:48:23,230 [ajp-nio-127.0.0.1-8889-exec-3 | cID:AAAOfA | u:mTest] INFO  RPC - "0.007","Render Widget for preview","/_default/Home (null, 1)/com.polarion.scriptInline/polarion_wiki macro name=table;params=header=no|border=no|padding=0px|uid=client28_iw_2"
2026-06-23 11:48:23,230 [ajp-nio-127.0.0.1-8889-exec-2 | cID:AAAOfQ | u:mTest] INFO  RPC - "0.007","Render Widget for preview","/_default/Home (null, 1)/com.polarion.scriptInline/polarion_wiki macro name=table;params=header=no|border=no|padding=0px|uid=client28_iw_3"
2026-06-23 11:48:23,231 [ajp-nio-127.0.0.1-8889-exec-4 | cID:AAAOfw | u:mTest] INFO  RPC - "0.005","Render Widget for preview","/_default/Home (null, 1)/com.polarion.scriptBlock/polarion_client45"
2026-06-23 11:48:30,084 [ajp-nio-127.0.0.1-8889-exec-8 | cID:AAAOjQ] INFO  PolarionLicensing - User 'mTest' logged out with concurrent REVIEWER
2026-06-23 11:48:30,084 [ajp-nio-127.0.0.1-8889-exec-8 | cID:AAAOjQ] INFO  (SECURITY) com.polarion.platform.session.SsoUserRegistry - [AUTH-0009] - Session invalidated for user 'mTest'.
2026-06-23 11:48:30,084 [ajp-nio-127.0.0.1-8889-exec-8 | cID:AAAOjQ] INFO  PolarionLicensing - User 'mTest' logged out with concurrent REVIEWER
2026-06-23 11:48:30,084 [ajp-nio-127.0.0.1-8889-exec-8 | cID:AAAOjQ] INFO  (SECURITY) com.polarion.platform.session.SsoUserRegistry - [AUTH-0009] - Session invalidated for user 'mTest'.
2026-06-23 11:48:30,084 [ajp-nio-127.0.0.1-8889-exec-8 | cID:AAAOjQ] INFO  (SECURITY) com.polarion.platform.session.PolarionLocalSingleSignOn - [AUTH-0009] - User 'mTest' logged out.
2026-06-23 11:48:48,115 [ajp-nio-127.0.0.1-8889-exec-4 | cID:AAAOmg | u:p] INFO  (SECURITY) com.polarion.platform.internal.security.auth.LoginFlowUserPassword - [AUTH-0001] - User 'mTest' authenticated. Source: portal/UNSET.
2026-06-23 11:48:48,116 [ajp-nio-127.0.0.1-8889-exec-4 | cID:AAAOmg] INFO  (SECURITY) com.polarion.alm.projects.internal.PasswordLoginManager - [AUTH-0001] - User 'mTest' logged in by 'Password' mechanism. Source: portal/UNSET.
2026-06-23 11:48:48,116 [ajp-nio-127.0.0.1-8889-exec-4 | cID:AAAOmg] INFO  PolarionLicensing - STATS:concurrentReviewerUser,current:1,peak:1,limit:120000
2026-06-23 11:48:48,206 [ajp-nio-127.0.0.1-8889-exec-3 | cID:AAAOmw | u:p] INFO  (SECURITY) com.polarion.platform.internal.security.auth.LoginFlowUserPassword - [AUTH-0001] - User 'mTest' authenticated. Source: portal/UNSET.
2026-06-23 11:48:48,207 [ajp-nio-127.0.0.1-8889-exec-3 | cID:AAAOmw] INFO  (SECURITY) com.polarion.alm.projects.internal.PasswordLoginManager - [AUTH-0001] - User 'mTest' logged in by 'Password' mechanism. Source: portal/UNSET.
2026-06-23 11:48:48,207 [ajp-nio-127.0.0.1-8889-exec-3 | cID:AAAOmw] INFO  PolarionLicensing - STATS:concurrentReviewerUser,current:1,peak:1,limit:120000
2026-06-23 11:48:48,517 [ajp-nio-127.0.0.1-8889-exec-4 | cID:AAAOmg] INFO  PolarionLicensing - User 'mTest' logged in with concurrent REVIEWER
2026-06-23 11:48:48,517 [ajp-nio-127.0.0.1-8889-exec-4 | cID:AAAOmg] INFO  TXLOGGER - Summary for 'servlet /polarion/j_security_check': Total: 0.403 s, CPU [system: 0.00223 s], Allocated memory: 612.6 kB, transactions: 1, PolarionAuthenticator: 0.402 s [100% authenticate (1x)] (1x), SaltLicense: 0.4 s [100% userLoggedIn (1x)] (1x)
2026-06-23 11:48:48,517 [ajp-nio-127.0.0.1-8889-exec-3 | cID:AAAOmw] INFO  PolarionLicensing - User 'mTest' logged in with concurrent REVIEWER
2026-06-23 11:48:48,517 [ajp-nio-127.0.0.1-8889-exec-3 | cID:AAAOmw] INFO  TXLOGGER - Summary for 'servlet /polarion/j_security_check': Total: 0.312 s, CPU [system: 0.00182 s], Allocated memory: 612.7 kB, transactions: 1, PolarionAuthenticator: 0.312 s [100% authenticate (1x)] (1x), SaltLicense: 0.31 s [100% userLoggedIn (1x)] (1x)
2026-06-23 11:48:50,596 [ajp-nio-127.0.0.1-8889-exec-10 | cID:AAAOrQ | u:mTest] INFO  RPC - "0.017","Load Rich Page for preview","/_default/Home (null, 1)"
2026-06-23 11:48:50,849 [ajp-nio-127.0.0.1-8889-exec-3 | cID:AAAOuQ | u:mTest] INFO  RPC - "0.003","Render Widget for preview","/_default/Home (null, 1)/com.polarion.scriptBlock/polarion_client11"
2026-06-23 11:48:50,883 [ajp-nio-127.0.0.1-8889-exec-4 | cID:AAAOug | u:mTest] INFO  RPC - "0.004","Render Widget for preview","/_default/Home (null, 1)/com.polarion.scriptInline/polarion_wiki macro name=table;params=header=no|border=no|padding=0px|uid=client28_iw_1"
2026-06-23 11:48:50,931 [ajp-nio-127.0.0.1-8889-exec-9 | cID:AAAOuw | u:mTest] INFO  RPC - "0.006","Render Widget for preview","/_default/Home (null, 1)/com.polarion.scriptInline/polarion_wiki macro name=table;params=header=no|border=no|padding=0px|uid=client28_iw_2"
2026-06-23 11:48:50,957 [ajp-nio-127.0.0.1-8889-exec-5 | cID:AAAOvQ | u:mTest] INFO  RPC - "0.005","Render Widget for preview","/_default/Home (null, 1)/com.polarion.scriptBlock/polarion_client45"
2026-06-23 11:48:50,957 [ajp-nio-127.0.0.1-8889-exec-1 | cID:AAAOvA | u:mTest] INFO  RPC - "0.005","Render Widget for preview","/_default/Home (null, 1)/com.polarion.scriptInline/polarion_wiki macro name=table;params=header=no|border=no|padding=0px|uid=client28_iw_3"
2026-06-23 11:48:51,077 [ajp-nio-127.0.0.1-8889-exec-6 | cID:AAAOvw | u:mTest] INFO  RPC - "0.024","Load Rich Page for preview","/_default/Home (null, 1)"
2026-06-23 11:48:51,285 [ajp-nio-127.0.0.1-8889-exec-2 | cID:AAAOzQ | u:mTest] INFO  RPC - "0.004","Render Widget for preview","/_default/Home (null, 1)/com.polarion.scriptBlock/polarion_client11"
2026-06-23 11:48:51,288 [ajp-nio-127.0.0.1-8889-exec-6 | cID:AAAOzg | u:mTest] INFO  RPC - "0.004","Render Widget for preview","/_default/Home (null, 1)/com.polarion.scriptInline/polarion_wiki macro name=table;params=header=no|border=no|padding=0px|uid=client28_iw_1"
2026-06-23 11:48:51,354 [ajp-nio-127.0.0.1-8889-exec-9 | cID:AAAOzw | u:mTest] INFO  RPC - "0.006","Render Widget for preview","/_default/Home (null, 1)/com.polarion.scriptInline/polarion_wiki macro name=table;params=header=no|border=no|padding=0px|uid=client28_iw_2"
2026-06-23 11:48:51,381 [ajp-nio-127.0.0.1-8889-exec-1 | cID:AAAO0A | u:mTest] INFO  RPC - "0.005","Render Widget for preview","/_default/Home (null, 1)/com.polarion.scriptBlock/polarion_client45"
2026-06-23 11:48:51,388 [ajp-nio-127.0.0.1-8889-exec-5 | cID:AAAO0Q | u:mTest] INFO  RPC - "0.005","Render Widget for preview","/_default/Home (null, 1)/com.polarion.scriptInline/polarion_wiki macro name=table;params=header=no|border=no|padding=0px|uid=client28_iw_3"
2026-06-23 11:48:58,417 [ajp-nio-127.0.0.1-8889-exec-5 | cID:AAAO2w] INFO  PolarionLicensing - User 'mTest' logged out with concurrent REVIEWER
2026-06-23 11:48:58,417 [ajp-nio-127.0.0.1-8889-exec-5 | cID:AAAO2w] INFO  (SECURITY) com.polarion.platform.session.SsoUserRegistry - [AUTH-0009] - Session invalidated for user 'mTest'.
2026-06-23 11:48:58,418 [ajp-nio-127.0.0.1-8889-exec-5 | cID:AAAO2w] INFO  PolarionLicensing - User 'mTest' logged out with concurrent REVIEWER
2026-06-23 11:48:58,418 [ajp-nio-127.0.0.1-8889-exec-5 | cID:AAAO2w] INFO  (SECURITY) com.polarion.platform.session.SsoUserRegistry - [AUTH-0009] - Session invalidated for user 'mTest'.
2026-06-23 11:48:58,418 [ajp-nio-127.0.0.1-8889-exec-5 | cID:AAAO2w] INFO  (SECURITY) com.polarion.platform.session.PolarionLocalSingleSignOn - [AUTH-0009] - User 'mTest' logged out.
2026-06-23 11:48:58,418 [ajp-nio-127.0.0.1-8889-exec-5 | cID:AAAO2w] INFO  TXLOGGER - Summary for 'servlet /polarion/login/logout': Total: 0.159 s, CPU [system: 0.00112 s], Allocated memory: 33.0 kB, transactions: 0, SaltLicense: 0.159 s [100% userLoggedOut (2x)] (2x)
2026-06-23 11:49:15,673 [ajp-nio-127.0.0.1-8889-exec-10 | cID:AAAO6A | u:p] INFO  (SECURITY) com.polarion.platform.internal.security.auth.LoginFlowUserPassword - [AUTH-0001] - User 'mTest' authenticated. Source: portal/UNSET.
2026-06-23 11:49:15,674 [ajp-nio-127.0.0.1-8889-exec-10 | cID:AAAO6A] INFO  (SECURITY) com.polarion.alm.projects.internal.PasswordLoginManager - [AUTH-0001] - User 'mTest' logged in by 'Password' mechanism. Source: portal/UNSET.
2026-06-23 11:49:15,674 [ajp-nio-127.0.0.1-8889-exec-10 | cID:AAAO6A] INFO  PolarionLicensing - STATS:concurrentReviewerUser,current:1,peak:1,limit:120000
2026-06-23 11:49:15,926 [ajp-nio-127.0.0.1-8889-exec-4 | cID:AAAO6g | u:p] INFO  (SECURITY) com.polarion.platform.internal.security.auth.LoginFlowUserPassword - [AUTH-0001] - User 'mTest' authenticated. Source: portal/UNSET.
2026-06-23 11:49:15,927 [ajp-nio-127.0.0.1-8889-exec-4 | cID:AAAO6g] INFO  (SECURITY) com.polarion.alm.projects.internal.PasswordLoginManager - [AUTH-0001] - User 'mTest' logged in by 'Password' mechanism. Source: portal/UNSET.
2026-06-23 11:49:15,927 [ajp-nio-127.0.0.1-8889-exec-4 | cID:AAAO6g] INFO  PolarionLicensing - STATS:concurrentReviewerUser,current:1,peak:1,limit:120000
2026-06-23 11:49:16,051 [ajp-nio-127.0.0.1-8889-exec-4 | cID:AAAO6g] INFO  PolarionLicensing - User 'mTest' logged in with concurrent REVIEWER
2026-06-23 11:49:16,051 [ajp-nio-127.0.0.1-8889-exec-10 | cID:AAAO6A] INFO  PolarionLicensing - User 'mTest' logged in with concurrent REVIEWER
2026-06-23 11:49:16,051 [ajp-nio-127.0.0.1-8889-exec-4 | cID:AAAO6g] INFO  TXLOGGER - Summary for 'servlet /polarion/j_security_check': Total: 0.126 s, CPU [system: 0.00233 s], Allocated memory: 612.4 kB, transactions: 1, PolarionAuthenticator: 0.126 s [100% authenticate (1x)] (1x), SaltLicense: 0.124 s [100% userLoggedIn (1x)] (1x)
2026-06-23 11:49:16,051 [ajp-nio-127.0.0.1-8889-exec-10 | cID:AAAO6A] INFO  TXLOGGER - Summary for 'servlet /polarion/j_security_check': Total: 0.38 s, CPU [user: 0.01 s], Allocated memory: 760.3 kB, transactions: 1, PolarionAuthenticator: 0.38 s [100% authenticate (1x)] (1x), SaltLicense: 0.377 s [100% userLoggedIn (1x)] (1x)
2026-06-23 11:49:18,106 [ajp-nio-127.0.0.1-8889-exec-6 | cID:AAAPAA | u:mTest] INFO  RPC - "0.026","Load Rich Page for preview","/_default/Home (null, 1)"
2026-06-23 11:49:18,292 [ajp-nio-127.0.0.1-8889-exec-2 | cID:AAAPBg | u:mTest] INFO  RPC - "0.027","Load Rich Page for preview","/_default/Home (null, 1)"
2026-06-23 11:49:18,372 [ajp-nio-127.0.0.1-8889-exec-7 | cID:AAAPDw | u:mTest] INFO  RPC - "0.004","Render Widget for preview","/_default/Home (null, 1)/com.polarion.scriptInline/polarion_wiki macro name=table;params=header=no|border=no|padding=0px|uid=client28_iw_1"
2026-06-23 11:49:18,373 [ajp-nio-127.0.0.1-8889-exec-8 | cID:AAAPDg | u:mTest] INFO  RPC - "0.010","Render Widget for preview","/_default/Home (null, 1)/com.polarion.scriptBlock/polarion_client11"
2026-06-23 11:49:18,380 [ajp-nio-127.0.0.1-8889-exec-4 | cID:AAAPEA | u:mTest] INFO  RPC - "0.003","Render Widget for preview","/_default/Home (null, 1)/com.polarion.scriptInline/polarion_wiki macro name=table;params=header=no|border=no|padding=0px|uid=client28_iw_2"
2026-06-23 11:49:18,586 [ajp-nio-127.0.0.1-8889-exec-5 | cID:AAAPFA | u:mTest] INFO  RPC - "0.004","Render Widget for preview","/_default/Home (null, 1)/com.polarion.scriptBlock/polarion_client11"
2026-06-23 11:49:18,587 [ajp-nio-127.0.0.1-8889-exec-9 | cID:AAAPFQ | u:mTest] INFO  RPC - "0.004","Render Widget for preview","/_default/Home (null, 1)/com.polarion.scriptInline/polarion_wiki macro name=table;params=header=no|border=no|padding=0px|uid=client28_iw_1"
2026-06-23 11:49:18,639 [ajp-nio-127.0.0.1-8889-exec-2 | cID:AAAPFg | u:mTest] INFO  RPC - "0.005","Render Widget for preview","/_default/Home (null, 1)/com.polarion.scriptInline/polarion_wiki macro name=table;params=header=no|border=no|padding=0px|uid=client28_iw_3"
2026-06-23 11:49:18,659 [ajp-nio-127.0.0.1-8889-exec-6 | cID:AAAPFw | u:mTest] INFO  RPC - "0.003","Render Widget for preview","/_default/Home (null, 1)/com.polarion.scriptInline/polarion_wiki macro name=table;params=header=no|border=no|padding=0px|uid=client28_iw_2"
2026-06-23 11:49:18,669 [ajp-nio-127.0.0.1-8889-exec-7 | cID:AAAPGA | u:mTest] INFO  RPC - "0.005","Render Widget for preview","/_default/Home (null, 1)/com.polarion.scriptBlock/polarion_client45"
2026-06-23 11:49:18,809 [ajp-nio-127.0.0.1-8889-exec-1 | cID:AAAPHQ | u:mTest] INFO  RPC - "0.006","Render Widget for preview","/_default/Home (null, 1)/com.polarion.scriptBlock/polarion_client45"
2026-06-23 11:49:18,814 [ajp-nio-127.0.0.1-8889-exec-10 | cID:AAAPHA | u:mTest] INFO  RPC - "0.011","Render Widget for preview","/_default/Home (null, 1)/com.polarion.scriptInline/polarion_wiki macro name=table;params=header=no|border=no|padding=0px|uid=client28_iw_3"
2026-06-23 11:49:26,325 [ajp-nio-127.0.0.1-8889-exec-6 | cID:AAAPKA] INFO  PolarionLicensing - User 'mTest' logged out with concurrent REVIEWER
2026-06-23 11:49:26,326 [ajp-nio-127.0.0.1-8889-exec-6 | cID:AAAPKA] INFO  (SECURITY) com.polarion.platform.session.SsoUserRegistry - [AUTH-0009] - Session invalidated for user 'mTest'.
2026-06-23 11:49:26,326 [ajp-nio-127.0.0.1-8889-exec-6 | cID:AAAPKA] INFO  PolarionLicensing - User 'mTest' logged out with concurrent REVIEWER
2026-06-23 11:49:26,326 [ajp-nio-127.0.0.1-8889-exec-6 | cID:AAAPKA] INFO  (SECURITY) com.polarion.platform.session.SsoUserRegistry - [AUTH-0009] - Session invalidated for user 'mTest'.
2026-06-23 11:49:26,326 [ajp-nio-127.0.0.1-8889-exec-6 | cID:AAAPKA] INFO  (SECURITY) com.polarion.platform.session.PolarionLocalSingleSignOn - [AUTH-0009] - User 'mTest' logged out.
2026-06-23 11:49:42,288 [ajp-nio-127.0.0.1-8889-exec-7 | cID:AAAPNg | u:p] INFO  (SECURITY) com.polarion.platform.internal.security.auth.LoginFlowUserPassword - [AUTH-0001] - User 'mTest' authenticated. Source: portal/UNSET.
2026-06-23 11:49:42,289 [ajp-nio-127.0.0.1-8889-exec-7 | cID:AAAPNg] INFO  (SECURITY) com.polarion.alm.projects.internal.PasswordLoginManager - [AUTH-0001] - User 'mTest' logged in by 'Password' mechanism. Source: portal/UNSET.
2026-06-23 11:49:42,289 [ajp-nio-127.0.0.1-8889-exec-7 | cID:AAAPNg] INFO  PolarionLicensing - STATS:concurrentReviewerUser,current:1,peak:1,limit:120000
2026-06-23 11:49:42,346 [ajp-nio-127.0.0.1-8889-exec-8 | cID:AAAPNw | u:p] INFO  (SECURITY) com.polarion.platform.internal.security.auth.LoginFlowUserPassword - [AUTH-0001] - User 'mTest' authenticated. Source: portal/UNSET.
2026-06-23 11:49:42,346 [ajp-nio-127.0.0.1-8889-exec-8 | cID:AAAPNw] INFO  (SECURITY) com.polarion.alm.projects.internal.PasswordLoginManager - [AUTH-0001] - User 'mTest' logged in by 'Password' mechanism. Source: portal/UNSET.
2026-06-23 11:49:42,347 [ajp-nio-127.0.0.1-8889-exec-8 | cID:AAAPNw] INFO  PolarionLicensing - STATS:concurrentReviewerUser,current:1,peak:1,limit:120000
2026-06-23 11:49:42,793 [ajp-nio-127.0.0.1-8889-exec-7 | cID:AAAPNg] INFO  PolarionLicensing - User 'mTest' logged in with concurrent REVIEWER
2026-06-23 11:49:42,793 [ajp-nio-127.0.0.1-8889-exec-7 | cID:AAAPNg] INFO  TXLOGGER - Summary for 'servlet /polarion/j_security_check': Total: 0.511 s, CPU [user: 0.01 s], Allocated memory: 612.5 kB, transactions: 1, PolarionAuthenticator: 0.51 s [100% authenticate (1x)] (1x), SaltLicense: 0.504 s [100% userLoggedIn (1x)] (1x)
2026-06-23 11:49:42,793 [ajp-nio-127.0.0.1-8889-exec-8 | cID:AAAPNw] INFO  PolarionLicensing - User 'mTest' logged in with concurrent REVIEWER
2026-06-23 11:49:42,794 [ajp-nio-127.0.0.1-8889-exec-8 | cID:AAAPNw] INFO  TXLOGGER - Summary for 'servlet /polarion/j_security_check': Total: 0.449 s, CPU [system: 0.00212 s], Allocated memory: 612.4 kB, transactions: 1, PolarionAuthenticator: 0.449 s [100% authenticate (1x)] (1x), SaltLicense: 0.447 s [100% userLoggedIn (1x)] (1x)
2026-06-23 11:49:44,857 [ajp-nio-127.0.0.1-8889-exec-3 | cID:AAAPTg | u:mTest] INFO  RPC - "0.027","Load Rich Page for preview","/_default/Home (null, 1)"
2026-06-23 11:49:44,977 [ajp-nio-127.0.0.1-8889-exec-10 | cID:AAAPUw | u:mTest] INFO  RPC - "0.021","Load Rich Page for preview","/_default/Home (null, 1)"
2026-06-23 11:49:45,239 [ajp-nio-127.0.0.1-8889-exec-7 | cID:AAAPXg | u:mTest] INFO  RPC - "0.007","Render Widget for preview","/_default/Home (null, 1)/com.polarion.scriptBlock/polarion_client11"
2026-06-23 11:49:45,285 [ajp-nio-127.0.0.1-8889-exec-1 | cID:AAAPXw | u:mTest] INFO  RPC - "0.004","Render Widget for preview","/_default/Home (null, 1)/com.polarion.scriptInline/polarion_wiki macro name=table;params=header=no|border=no|padding=0px|uid=client28_iw_1"
2026-06-23 11:49:45,325 [ajp-nio-127.0.0.1-8889-exec-10 | cID:AAAPYA | u:mTest] INFO  RPC - "0.017","Render Widget for preview","/_default/Home (null, 1)/com.polarion.scriptInline/polarion_wiki macro name=table;params=header=no|border=no|padding=0px|uid=client28_iw_2"
2026-06-23 11:49:45,335 [ajp-nio-127.0.0.1-8889-exec-2 | cID:AAAPYw | u:mTest] INFO  RPC - "0.004","Render Widget for preview","/_default/Home (null, 1)/com.polarion.scriptInline/polarion_wiki macro name=table;params=header=no|border=no|padding=0px|uid=client28_iw_1"
2026-06-23 11:49:45,337 [ajp-nio-127.0.0.1-8889-exec-5 | cID:AAAPYg | u:mTest] INFO  RPC - "0.006","Render Widget for preview","/_default/Home (null, 1)/com.polarion.scriptInline/polarion_wiki macro name=table;params=header=no|border=no|padding=0px|uid=client28_iw_2"
2026-06-23 11:49:45,338 [ajp-nio-127.0.0.1-8889-exec-6 | cID:AAAPZA | u:mTest] INFO  RPC - "0.006","Render Widget for preview","/_default/Home (null, 1)/com.polarion.scriptInline/polarion_wiki macro name=table;params=header=no|border=no|padding=0px|uid=client28_iw_3"
2026-06-23 11:49:45,338 [ajp-nio-127.0.0.1-8889-exec-4 | cID:AAAPYQ | u:mTest] INFO  RPC - "0.006","Render Widget for preview","/_default/Home (null, 1)/com.polarion.scriptBlock/polarion_client11"
2026-06-23 11:49:45,368 [ajp-nio-127.0.0.1-8889-exec-3 | cID:AAAPZQ | u:mTest] INFO  RPC - "0.005","Render Widget for preview","/_default/Home (null, 1)/com.polarion.scriptInline/polarion_wiki macro name=table;params=header=no|border=no|padding=0px|uid=client28_iw_3"
2026-06-23 11:49:45,370 [ajp-nio-127.0.0.1-8889-exec-9 | cID:AAAPZg | u:mTest] INFO  RPC - "0.007","Render Widget for preview","/_default/Home (null, 1)/com.polarion.scriptBlock/polarion_client45"
2026-06-23 11:49:45,378 [ajp-nio-127.0.0.1-8889-exec-8 | cID:AAAPZw | u:mTest] INFO  RPC - "0.002","Render Widget for preview","/_default/Home (null, 1)/com.polarion.scriptBlock/polarion_client45"
2026-06-23 11:49:50,409 [ajp-nio-127.0.0.1-8889-exec-6 | cID:AAAPfA] INFO  PolarionLicensing - User 'mTest' logged out with concurrent REVIEWER
2026-06-23 11:49:50,409 [ajp-nio-127.0.0.1-8889-exec-6 | cID:AAAPfA] INFO  (SECURITY) com.polarion.platform.session.SsoUserRegistry - [AUTH-0009] - Session invalidated for user 'mTest'.
2026-06-23 11:49:50,410 [ajp-nio-127.0.0.1-8889-exec-6 | cID:AAAPfA] INFO  PolarionLicensing - User 'mTest' logged out with concurrent REVIEWER
2026-06-23 11:49:50,410 [ajp-nio-127.0.0.1-8889-exec-6 | cID:AAAPfA] INFO  (SECURITY) com.polarion.platform.session.SsoUserRegistry - [AUTH-0009] - Session invalidated for user 'mTest'.
2026-06-23 11:49:50,410 [ajp-nio-127.0.0.1-8889-exec-6 | cID:AAAPfA] INFO  (SECURITY) com.polarion.platform.session.PolarionLocalSingleSignOn - [AUTH-0009] - User 'mTest' logged out.
2026-06-23 11:50:29,818 [ajp-nio-127.0.0.1-8889-exec-7 | cID:AAAPig | u:p] INFO  (SECURITY) com.polarion.platform.internal.security.auth.LoginFlowUserPassword - [AUTH-0001] - User 'admin' authenticated. Source: portal/UNSET.
2026-06-23 11:50:29,819 [ajp-nio-127.0.0.1-8889-exec-7 | cID:AAAPig] INFO  (SECURITY) com.polarion.alm.projects.internal.PasswordLoginManager - [AUTH-0001] - User 'admin' logged in by 'Password' mechanism. Source: portal/UNSET.
2026-06-23 11:50:29,820 [ajp-nio-127.0.0.1-8889-exec-7 | cID:AAAPig] INFO  PolarionLicensing - STATS:concurrentALMUser,current:1,peak:1,limit:120000
2026-06-23 11:50:29,820 [ajp-nio-127.0.0.1-8889-exec-7 | cID:AAAPig] INFO  PolarionLicensing - STATS:concurrentVariantsUser,current:1,peak:1,limit:120000
2026-06-23 11:50:30,282 [ajp-nio-127.0.0.1-8889-exec-7 | cID:AAAPig] INFO  PolarionLicensing - User 'admin' logged in with concurrent ALM
2026-06-23 11:50:30,282 [ajp-nio-127.0.0.1-8889-exec-7 | cID:AAAPig] INFO  TXLOGGER - Summary for 'servlet /polarion/j_security_check': Total: 0.465 s, CPU [system: 0.00256 s], Allocated memory: 753.3 kB, transactions: 1, PolarionAuthenticator: 0.465 s [100% authenticate (1x)] (1x), SaltLicense: 0.463 s [100% userLoggedIn (1x)] (1x)
2026-06-23 11:50:31,956 [ajp-nio-127.0.0.1-8889-exec-1 | cID:AAAPkA | u:admin] INFO  TXLOGGER - Tx 67bcf8de658b9_0_67bcf8de658b9_0_: finished. Total: 0.127 s, CPU [system: 0.00168 s], Allocated memory: 164.9 kB
2026-06-23 11:50:31,956 [ajp-nio-127.0.0.1-8889-exec-1 | cID:AAAPkA] INFO  TXLOGGER - Summary for 'servlet /polarion/gwt/com.polarion.UI/PortalDataService': Total: 0.129 s, CPU [user: 0.01 s], Allocated memory: 599.9 kB, transactions: 1, PortalDataService: 0.127 s [100% getInitData (1x)] (1x)
2026-06-23 11:50:32,623 [ajp-nio-127.0.0.1-8889-exec-4 | cID:AAAPlg | u:admin] INFO  RPC - "0.030","Load Rich Page for preview","drivepilot/_default/Home (null, 1)"
2026-06-23 11:50:32,865 [ajp-nio-127.0.0.1-8889-exec-10 | cID:AAAPnQ | u:admin] INFO  RPC - "0.006","Render Widget for preview","drivepilot/_default/Home (null, 1)/com.polarion.scriptBlock/polarion_client11"
2026-06-23 11:50:32,870 [ajp-nio-127.0.0.1-8889-exec-9 | cID:AAAPnw | u:admin] INFO  RPC - "0.010","Render Widget for preview","drivepilot/_default/Home (null, 1)/com.polarion.scriptInline/polarion_client5_iw_1"
2026-06-23 11:50:32,874 [ajp-nio-127.0.0.1-8889-exec-7 | cID:AAAPng | u:admin] INFO  RPC - "0.014","Render Widget for preview","drivepilot/_default/Home (null, 1)/com.polarion.scriptBlock/polarion_client10"
2026-06-23 11:50:32,876 [ajp-nio-127.0.0.1-8889-exec-5 | cID:AAAPnA | u:admin] INFO  RPC - "0.017","Render Widget for preview","drivepilot/_default/Home (null, 1)/com.polarion.scriptInline/polarion_client16_iw_1"
2026-06-23 11:50:32,899 [ajp-nio-127.0.0.1-8889-exec-3 | cID:AAAPoA | u:admin] INFO  RPC - "0.006","Render Widget for preview","drivepilot/_default/Home (null, 1)/com.polarion.scriptInline/polarion_client9_iw_1"
2026-06-23 11:50:32,978 [ajp-nio-127.0.0.1-8889-exec-8 | cID:AAAPoQ | u:admin] INFO  RPC - "0.005","Render Widget for preview","drivepilot/_default/Home (null, 1)/com.polarion.activityStream/polarion_client1"
2026-06-23 11:50:35,948 [ajp-nio-127.0.0.1-8889-exec-8 | cID:AAAPqw] INFO  PolarionLicensing - User 'admin' logged out with concurrent ALM
2026-06-23 11:50:35,948 [ajp-nio-127.0.0.1-8889-exec-8 | cID:AAAPqw] INFO  (SECURITY) com.polarion.platform.session.SsoUserRegistry - [AUTH-0009] - Session invalidated for user 'admin'.
2026-06-23 11:50:35,949 [ajp-nio-127.0.0.1-8889-exec-8 | cID:AAAPqw] INFO  (SECURITY) com.polarion.platform.session.PolarionLocalSingleSignOn - [AUTH-0009] - User 'admin' logged out.
2026-06-23 11:50:43,151 [ajp-nio-127.0.0.1-8889-exec-5 | cID:AAAPsw | u:p] INFO  (SECURITY) com.polarion.platform.internal.security.auth.LoginFlowUserPassword - [AUTH-0001] - User 'admin' authenticated. Source: portal/UNSET.
2026-06-23 11:50:43,152 [ajp-nio-127.0.0.1-8889-exec-5 | cID:AAAPsw] INFO  (SECURITY) com.polarion.alm.projects.internal.PasswordLoginManager - [AUTH-0001] - User 'admin' logged in by 'Password' mechanism. Source: portal/UNSET.
2026-06-23 11:50:43,152 [ajp-nio-127.0.0.1-8889-exec-5 | cID:AAAPsw] INFO  PolarionLicensing - STATS:concurrentALMUser,current:1,peak:1,limit:120000
2026-06-23 11:50:43,152 [ajp-nio-127.0.0.1-8889-exec-5 | cID:AAAPsw] INFO  PolarionLicensing - STATS:concurrentVariantsUser,current:1,peak:1,limit:120000
2026-06-23 11:50:43,676 [ajp-nio-127.0.0.1-8889-exec-5 | cID:AAAPsw] INFO  PolarionLicensing - User 'admin' logged in with concurrent ALM
2026-06-23 11:50:43,677 [ajp-nio-127.0.0.1-8889-exec-5 | cID:AAAPsw] INFO  TXLOGGER - Summary for 'servlet /polarion/j_security_check': Total: 0.526 s, CPU [system: 0.00249 s], Allocated memory: 605.8 kB, transactions: 1, PolarionAuthenticator: 0.526 s [100% authenticate (1x)] (1x), SaltLicense: 0.524 s [100% userLoggedIn (1x)] (1x)
2026-06-23 11:50:45,252 [ajp-nio-127.0.0.1-8889-exec-1 | cID:AAAPuQ | u:admin] INFO  TXLOGGER - Tx 67bcf8eb558c8_0_67bcf8eb558c8_0_: finished. Total: 0.175 s, CPU [system: 0.00141 s], Allocated memory: 165.0 kB
2026-06-23 11:50:45,253 [ajp-nio-127.0.0.1-8889-exec-1 | cID:AAAPuQ] INFO  TXLOGGER - Summary for 'servlet /polarion/gwt/com.polarion.UI/PortalDataService': Total: 0.178 s, CPU [system: 0.00351 s], Allocated memory: 600.1 kB, transactions: 1, PortalDataService: 0.175 s [100% getInitData (1x)] (1x)
2026-06-23 11:50:46,445 [ajp-nio-127.0.0.1-8889-exec-6 | cID:AAAPvw | u:admin] INFO  RPC - "0.027","Load Rich Page for preview","drivepilot/_default/Home (null, 1)"
2026-06-23 11:50:46,702 [ajp-nio-127.0.0.1-8889-exec-9 | cID:AAAPxQ | u:admin] INFO  RPC - "0.008","Render Widget for preview","drivepilot/_default/Home (null, 1)/com.polarion.scriptBlock/polarion_client11"
2026-06-23 11:50:46,703 [ajp-nio-127.0.0.1-8889-exec-7 | cID:AAAPxg | u:admin] INFO  RPC - "0.008","Render Widget for preview","drivepilot/_default/Home (null, 1)/com.polarion.scriptInline/polarion_client16_iw_1"
2026-06-23 11:50:46,708 [ajp-nio-127.0.0.1-8889-exec-3 | cID:AAAPyA | u:admin] INFO  RPC - "0.013","Render Widget for preview","drivepilot/_default/Home (null, 1)/com.polarion.scriptInline/polarion_client5_iw_1"
2026-06-23 11:50:46,708 [ajp-nio-127.0.0.1-8889-exec-5 | cID:AAAPxw | u:admin] INFO  RPC - "0.013","Render Widget for preview","drivepilot/_default/Home (null, 1)/com.polarion.scriptBlock/polarion_client10"
2026-06-23 11:50:46,730 [ajp-nio-127.0.0.1-8889-exec-8 | cID:AAAPyQ | u:admin] INFO  RPC - "0.005","Render Widget for preview","drivepilot/_default/Home (null, 1)/com.polarion.scriptInline/polarion_client9_iw_1"
2026-06-23 11:50:46,834 [ajp-nio-127.0.0.1-8889-exec-2 | cID:AAAPyg | u:admin] INFO  RPC - "0.010","Render Widget for preview","drivepilot/_default/Home (null, 1)/com.polarion.activityStream/polarion_client1"
2026-06-23 11:51:00,833 [ajp-nio-127.0.0.1-8889-exec-9 | cID:AAAQBw | u:admin] INFO  TXLOGGER - Tx 67bcf8fab58e6_0_67bcf8fab58e6_0_: finished. Total: 0.0123 s, CPU [user: 0.01 s], Allocated memory: 2.4 MB, WeakPObjectList: [bulkResolves: 1 secondGetHits: 28 ]
2026-06-23 11:51:00,834 [ajp-nio-127.0.0.1-8889-exec-9 | cID:AAAQBw] INFO  TXLOGGER - Summary for 'servlet /polarion/gwt/com.polarion.UI/UserDataService': Total: 0.0144 s, CPU [user: 0.01 s], Allocated memory: 3.0 MB, transactions: 1, UserDataService: 0.0127 s [100% getUsers (1x)] (1x), WeakPObjectList: [bulkResolves: 1 secondGetHits: 28 ]
2026-06-23 11:51:00,899 [ajp-nio-127.0.0.1-8889-exec-7 | cID:AAAQCg | u:admin] INFO  TXLOGGER - Tx 67bcf8fac78e8_0_67bcf8fac78e8_0_: finished. Total: 0.0048 s, CPU [system: 0.00482 s], Allocated memory: 2.4 MB, WeakPObjectList: [bulkResolves: 1 secondGetHits: 28 ]
2026-06-23 11:51:00,899 [ajp-nio-127.0.0.1-8889-exec-7 | cID:AAAQCg] INFO  TXLOGGER - Summary for 'servlet /polarion/gwt/com.polarion.UI/UserDataService': Total: 0.00728 s, CPU [user: 0.01 s], Allocated memory: 2.9 MB, transactions: 1, WeakPObjectList: [bulkResolves: 1 secondGetHits: 28 ]
2026-06-23 11:51:01,085 [ajp-nio-127.0.0.1-8889-exec-6 | cID:AAAQDA | u:admin] INFO  TXLOGGER - Tx 67bcf8faf48ea_0_67bcf8faf48ea_0_: finished. Total: 0.0075 s, CPU [system: 0.00676 s], Allocated memory: 2.7 MB, WeakPObjectList: [bulkResolves: 1 secondGetHits: 28 ]
2026-06-23 11:51:01,085 [ajp-nio-127.0.0.1-8889-exec-6 | cID:AAAQDA] INFO  TXLOGGER - Summary for 'servlet /polarion/gwt/com.polarion.UI/UserDataService': Total: 0.0172 s, CPU [system: 0.00891 s], Allocated memory: 3.1 MB, transactions: 1, UserDataService: 0.0119 s [100% getUsers (1x)] (1x), WeakPObjectList: [bulkResolves: 1 secondGetHits: 28 ]
2026-06-23 11:51:01,118 [ajp-nio-127.0.0.1-8889-exec-2 | cID:AAAQEA | u:admin] INFO  TXLOGGER - Tx 67bcf8fafa4ec_0_67bcf8fafa4ec_0_: finished. Total: 0.0217 s, CPU [user: 0.01 s, system: 0.00618 s], Allocated memory: 3.2 MB, WeakPObjectList: [bulkResolves: 1 secondGetHits: 13 ]
2026-06-23 11:51:01,121 [ajp-nio-127.0.0.1-8889-exec-2 | cID:AAAQEA] INFO  TXLOGGER - Summary for 'servlet /polarion/gwt/com.polarion.UI/UserDataService': Total: 0.0264 s, CPU [user: 0.02 s, system: 0.000601 s], Allocated memory: 4.5 MB, transactions: 1, UserDataService: 0.022 s [100% loadUser (1x)] (1x), WeakPObjectList: [bulkResolves: 1 secondGetHits: 13 ]
2026-06-23 11:51:01,331 [ajp-nio-127.0.0.1-8889-exec-1 | cID:AAAQEg | u:admin] INFO  TXLOGGER - Tx 67bcf8fb334ed_0_67bcf8fb334ed_0_: finished. Total: 0.00667 s, CPU [user: 0.01 s], Allocated memory: 2.7 MB, WeakPObjectList: [bulkResolves: 1 secondGetHits: 28 ]
2026-06-23 11:51:01,332 [ajp-nio-127.0.0.1-8889-exec-1 | cID:AAAQEg] INFO  TXLOGGER - Summary for 'servlet /polarion/gwt/com.polarion.UI/UserDataService': Total: 0.00902 s, CPU [user: 0.01 s], Allocated memory: 3.1 MB, transactions: 1, WeakPObjectList: [bulkResolves: 1 secondGetHits: 28 ]
2026-06-23 11:51:02,081 [ajp-nio-127.0.0.1-8889-exec-3 | cID:AAAQFg | u:admin] INFO  TXLOGGER - Tx 67bcf8fbefcef_0_67bcf8fbefcef_0_: finished. Total: 0.00285 s, CPU [user: 0.01 s], Allocated memory: 355.1 kB, WeakPObjectList: [bulkResolves: 1 secondGetHits: 7 ]
2026-06-23 11:51:02,086 [ajp-nio-127.0.0.1-8889-exec-3 | cID:AAAQFg] INFO  TXLOGGER - Summary for 'servlet /polarion/gwt/com.polarion.UI/UserDataService': Total: 0.00964 s, CPU [user: 0.01 s], Allocated memory: 1.5 MB, transactions: 1, WeakPObjectList: [bulkResolves: 1 secondGetHits: 7 ]
2026-06-23 11:51:02,376 [ajp-nio-127.0.0.1-8889-exec-2 | cID:AAAQGg | u:admin] INFO  com.polarion.reina.web.internal.server.ria.ServerLogger - 2026-5-23 15:21:3.380  ERROR: Unable to create editor for assignedLicense because the model is null.
2026-06-23 11:51:02,376 [ajp-nio-127.0.0.1-8889-exec-2 | cID:AAAQGg | u:admin] INFO  com.polarion.reina.web.internal.server.ria.ServerLogger - 2026-5-23 15:21:3.380  ERROR: Unable to create editor for assignedAddonLicenses because the model is null.
2026-06-23 11:51:23,525 [ajp-nio-127.0.0.1-8889-exec-1 | cID:AAAQHA | u:admin] INFO  (SECURITY) com.polarion.platform.persistence.internal.DataService - [AUTH-0109] - User 'admin' created a new user account 'neha'.
2026-06-23 11:51:23,610 [ajp-nio-127.0.0.1-8889-exec-1 | cID:AAAQHA | u:admin] INFO  (SECURITY) com.polarion.platform.repository.driver.svn.internal.security.SVNAuthenticationSource - [ACCESS-0004] - Assigned global role 'everyone' to user 'neha'.
2026-06-23 11:51:23,612 [ajp-nio-127.0.0.1-8889-exec-1 | cID:AAAQHA | u:admin] INFO  (SECURITY) com.polarion.platform.repository.internal.config.RepositoryConfigService - [ACCESS-0004] - Updated global user role assignments.
2026-06-23 11:51:23,615 [ajp-nio-127.0.0.1-8889-exec-1 | cID:AAAQHA | u:admin] INFO  (SECURITY) com.polarion.platform.internal.security.SecurityService - [AUTH-0109] - User 'admin' registered a new user 'neha'.
2026-06-23 11:51:23,677 [ajp-nio-127.0.0.1-8889-exec-1 | cID:AAAQHA | u:admin] INFO  (SECURITY) com.polarion.platform.internal.security.SecurityService - [AUTH-0104] - Password changed for user 'neha'.
2026-06-23 11:51:23,678 [ajp-nio-127.0.0.1-8889-exec-1 | cID:AAAQHA | u:admin] INFO  (SECURITY) com.polarion.platform.repository.driver.svn.internal.security.SVNAuthenticationSource - [ACCESS-0004] - Assigned global role 'admin' to user 'neha'.
2026-06-23 11:51:23,678 [ajp-nio-127.0.0.1-8889-exec-1 | cID:AAAQHA | u:admin] INFO  (SECURITY) com.polarion.platform.repository.driver.svn.internal.security.SVNAuthenticationSource - [ACCESS-0002] - Assigned the global admin role to user 'neha'.
2026-06-23 11:51:23,679 [ajp-nio-127.0.0.1-8889-exec-1 | cID:AAAQHA | u:admin] INFO  (SECURITY) com.polarion.platform.repository.internal.config.RepositoryConfigService - [ACCESS-0004] - Updated global user role assignments.
2026-06-23 11:51:23,760 [ajp-nio-127.0.0.1-8889-exec-1 | cID:AAAQHA | u:admin | u:p | u:p] INFO  com.polarion.platform.internal.service.repository.listeners.job.PullingJob - Changes between the revisions: 3 and 4 were collected successfully
2026-06-23 11:51:23,761 [ajp-nio-127.0.0.1-8889-exec-1 | cID:AAAQHA | u:admin | u:p | u:p] INFO  com.polarion.platform.internal.service.repository.listeners.job.PullingJob - Started processing of revision 4 commited 0 seconds ago
2026-06-23 11:51:23,762 [ajp-nio-127.0.0.1-8889-exec-1 | cID:AAAQHA | u:admin | u:p | u:p | r:4] INFO  com.polarion.subterra.index.impl.ObjectIndexUpdaterBase -  -- Refreshing 1 objects in index: Revision
2026-06-23 11:51:23,763 [ajp-nio-127.0.0.1-8889-exec-1 | cID:AAAQHA | u:admin | u:p | u:p | r:4] INFO  com.polarion.subterra.index.impl.ObjectIndexUpdaterBase -  -- -- 1 from 1 objects were refreshed (100%)
2026-06-23 11:51:23,768 [DBNormalHistoryCreator | u:p] INFO  com.polarion.subterra.index.impl.ObjectIndexUpdaterBase -  -- -- 1 from 1 objects were refreshed (100%)
2026-06-23 11:51:23,793 [ajp-nio-127.0.0.1-8889-exec-1 | cID:AAAQHA | u:admin | u:p | u:p | r:4] INFO  com.polarion.platform.internal.service.repository.listeners.job.PullingJob - Finished processing of revision 4, took [ TIME 0.0323 s. ]
2026-06-23 11:51:23,848 [ajp-nio-127.0.0.1-8889-exec-1 | cID:AAAQHA | u:admin | u:p] INFO  com.polarion.platform.internal.service.repository.listeners.job.PullingJob - Changes between the revisions: 4 and 5 were collected successfully
2026-06-23 11:51:23,848 [ajp-nio-127.0.0.1-8889-exec-1 | cID:AAAQHA | u:admin | u:p] INFO  com.polarion.platform.internal.service.repository.listeners.job.PullingJob - Started processing of revision 5 commited 0 seconds ago
2026-06-23 11:51:23,849 [ajp-nio-127.0.0.1-8889-exec-1 | cID:AAAQHA | u:admin | u:p | r:5] INFO  com.polarion.subterra.index.impl.ObjectIndexUpdaterBase -  -- Refreshing 1 objects in index: Revision
2026-06-23 11:51:23,849 [ajp-nio-127.0.0.1-8889-exec-1 | cID:AAAQHA | u:admin | u:p | r:5] INFO  com.polarion.subterra.index.impl.ObjectIndexUpdaterBase -  -- -- 1 from 1 objects were refreshed (100%)
2026-06-23 11:51:23,851 [DBNormalHistoryCreator | u:p] INFO  com.polarion.subterra.index.impl.ObjectIndexUpdaterBase -  -- -- 1 from 1 objects were refreshed (100%)
2026-06-23 11:51:23,868 [ajp-nio-127.0.0.1-8889-exec-1 | cID:AAAQHA | u:admin | u:p | r:5] INFO  com.polarion.subterra.index.impl.ObjectIndexUpdaterBase -  -- Refreshing 1 objects in index: User
2026-06-23 11:51:23,870 [ajp-nio-127.0.0.1-8889-exec-1 | cID:AAAQHA | u:admin | u:p | r:5] INFO  com.polarion.subterra.index.impl.ObjectIndexUpdaterBase -  -- -- 1 from 1 objects were refreshed (100%)
2026-06-23 11:51:23,880 [DBNormalHistoryCreator | u:p] INFO  com.polarion.subterra.index.impl.ObjectIndexUpdaterBase -  -- -- 1 from 1 objects were refreshed (100%)
2026-06-23 11:51:23,889 [ajp-nio-127.0.0.1-8889-exec-1 | cID:AAAQHA | u:admin | u:p | r:5] INFO  com.polarion.platform.internal.service.repository.listeners.job.PullingJob - Finished processing of revision 5, took [ TIME 0.0405 s. ]
2026-06-23 11:51:23,902 [ajp-nio-127.0.0.1-8889-exec-1 | cID:AAAQHA | u:admin] INFO  TXLOGGER - Tx 67bcf910dd8f1_0_67bcf910dd8f1_0_: finished. Total: 0.392 s, CPU [user: 0.2 s, system: 0.0102 s], Allocated memory: 10.7 MB, svn: 0.147 s [81% endActivity (2x)] (52x), PullingJob Listeners: 0.0724 s [45% StorageListener (2x), 29% ExtendedListener (10x), 18% RepositoryListener (2x)] (28x), RevisionsPersistenceModule Listeners: 0.0323 s [71% PersistenceEngineListener (2x), 29% EventCreatingListener (2x)] (6x), PersistenceEngineListener: 0.0295 s [99% objectsCreated (3x)] (9x), processed revs: [4, 4 (delay 0s), 5, 5 (delay 0s)], write: true
2026-06-23 11:51:23,916 [ajp-nio-127.0.0.1-8889-exec-1 | cID:AAAQHA | u:admin] INFO  TXLOGGER - Tx 67bcf9113fd04_0_67bcf9113fd04_0_: finished. Total: 0.0142 s, CPU [user: 0.01 s], Allocated memory: 1.2 MB, WeakPObjectList: [bulkResolves: 1 secondGetHits: 13 ]
2026-06-23 11:51:23,917 [ajp-nio-127.0.0.1-8889-exec-1 | cID:AAAQHA] INFO  TXLOGGER - Summary for 'servlet /polarion/gwt/com.polarion.UI/UserDataService': Total: 0.422 s, CPU [user: 0.22 s, system: 0.00393 s], Allocated memory: 13.6 MB, transactions: 2, UserDataService: 0.406 s [100% saveUser (1x)] (1x), svn: 0.154 s [78% endActivity (2x), 17% info (48x)] (64x), PullingJob Listeners: 0.0724 s [45% StorageListener (2x), 29% ExtendedListener (10x), 18% RepositoryListener (2x)] (28x), RevisionsPersistenceModule Listeners: 0.0323 s [71% PersistenceEngineListener (2x), 29% EventCreatingListener (2x)] (6x), PersistenceEngineListener: 0.0295 s [99% objectsCreated (3x)] (9x), WeakPObjectList: [bulkResolves: 1 secondGetHits: 13 ]
2026-06-23 11:51:24,296 [ajp-nio-127.0.0.1-8889-exec-7 | cID:AAAQHg | u:admin] INFO  TXLOGGER - Tx 67bcf911a2105_0_67bcf911a2105_0_: finished. Total: 0.000773 s, CPU [system: 0.000846 s], Allocated memory: 92.2 kB, WeakPObjectList: [bulkResolves: 1 secondGetHits: 4 ]
2026-06-23 11:51:24,296 [ajp-nio-127.0.0.1-8889-exec-7 | cID:AAAQHg] INFO  TXLOGGER - Summary for 'servlet /polarion/gwt/com.polarion.UI/UserDataService': Total: 0.00367 s, CPU [system: 0.00344 s], Allocated memory: 389.7 kB, transactions: 1, WeakPObjectList: [bulkResolves: 1 secondGetHits: 4 ]
2026-06-23 11:51:25,140 [ajp-nio-127.0.0.1-8889-exec-10 | cID:AAAQHw | u:admin] INFO  com.polarion.reina.web.internal.server.ria.ServerLogger - 2026-5-23 15:21:26.142  ERROR: Unable to create editor for assignedLicense because the model is null.
2026-06-23 11:51:25,140 [ajp-nio-127.0.0.1-8889-exec-10 | cID:AAAQHw | u:admin] INFO  com.polarion.reina.web.internal.server.ria.ServerLogger - 2026-5-23 15:21:26.142  ERROR: Unable to create editor for assignedAddonLicenses because the model is null.
2026-06-23 11:51:26,211 [ajp-nio-127.0.0.1-8889-exec-8 | cID:AAAQIQ | u:admin] INFO  RPC - "0.014","Load Rich Page for preview","/_default/Home (null, 1)"
2026-06-23 11:51:26,637 [ajp-nio-127.0.0.1-8889-exec-10 | cID:AAAQKQ | u:admin] INFO  RPC - "0.004","Render Widget for preview","/_default/Home (null, 1)/com.polarion.scriptBlock/polarion_client11"
2026-06-23 11:51:26,804 [ajp-nio-127.0.0.1-8889-exec-3 | cID:AAAQKg | u:admin] INFO  RPC - "0.005","Render Widget for preview","/_default/Home (null, 1)/com.polarion.scriptInline/polarion_wiki macro name=table;params=header=no|border=no|padding=0px|uid=client28_iw_3"
2026-06-23 11:51:26,809 [ajp-nio-127.0.0.1-8889-exec-3 | cID:AAAQKw | u:admin] INFO  RPC - "0.004","Render Widget for preview","/_default/Home (null, 1)/com.polarion.scriptBlock/polarion_client45"
2026-06-23 11:51:26,846 [ajp-nio-127.0.0.1-8889-exec-6 | cID:AAAQLA | u:admin] INFO  RPC - "0.004","Render Widget for preview","/_default/Home (null, 1)/com.polarion.scriptInline/polarion_wiki macro name=table;params=header=no|border=no|padding=0px|uid=client28_iw_2"
2026-06-23 11:51:26,868 [ajp-nio-127.0.0.1-8889-exec-5 | cID:AAAQLQ | u:admin] INFO  RPC - "0.004","Render Widget for preview","/_default/Home (null, 1)/com.polarion.scriptInline/polarion_wiki macro name=table;params=header=no|border=no|padding=0px|uid=client28_iw_1"
2026-06-23 11:51:28,503 [ajp-nio-127.0.0.1-8889-exec-3 | cID:AAAQNQ] INFO  PolarionLicensing - User 'admin' logged out with concurrent ALM
2026-06-23 11:51:28,503 [ajp-nio-127.0.0.1-8889-exec-3 | cID:AAAQNQ] INFO  (SECURITY) com.polarion.platform.session.SsoUserRegistry - [AUTH-0009] - Session invalidated for user 'admin'.
2026-06-23 11:51:28,503 [ajp-nio-127.0.0.1-8889-exec-3 | cID:AAAQNQ] INFO  (SECURITY) com.polarion.platform.session.PolarionLocalSingleSignOn - [AUTH-0009] - User 'admin' logged out.
2026-06-23 11:51:28,504 [ajp-nio-127.0.0.1-8889-exec-3 | cID:AAAQNQ] INFO  TXLOGGER - Summary for 'servlet /polarion/login/logout': Total: 0.182 s, CPU [system: 0.000923 s], Allocated memory: 78.5 kB, transactions: 0, SaltLicense: 0.182 s [100% userLoggedOut (1x)] (1x)
2026-06-23 11:51:51,561 [ajp-nio-127.0.0.1-8889-exec-10 | cID:AAAQPQ | u:p] INFO  (SECURITY) com.polarion.platform.internal.security.auth.LoginFlowUserPassword - [AUTH-0001] - User 'neha' authenticated. Source: portal/UNSET.
2026-06-23 11:51:51,563 [ajp-nio-127.0.0.1-8889-exec-10 | cID:AAAQPQ] INFO  (SECURITY) com.polarion.alm.projects.internal.PasswordLoginManager - [AUTH-0001] - User 'neha' logged in by 'Password' mechanism. Source: portal/UNSET.
2026-06-23 11:51:51,565 [ajp-nio-127.0.0.1-8889-exec-10 | cID:AAAQPQ] INFO  PolarionLicensing - STATS:concurrentReviewerUser,current:2,peak:2,limit:120000
2026-06-23 11:51:51,588 [ajp-nio-127.0.0.1-8889-exec-8 | cID:AAAQPg | u:p] INFO  (SECURITY) com.polarion.platform.internal.security.auth.LoginFlowUserPassword - [AUTH-0001] - User 'neha' authenticated. Source: portal/UNSET.
2026-06-23 11:51:51,589 [ajp-nio-127.0.0.1-8889-exec-8 | cID:AAAQPg] INFO  (SECURITY) com.polarion.alm.projects.internal.PasswordLoginManager - [AUTH-0001] - User 'neha' logged in by 'Password' mechanism. Source: portal/UNSET.
2026-06-23 11:51:51,589 [ajp-nio-127.0.0.1-8889-exec-8 | cID:AAAQPg] INFO  PolarionLicensing - STATS:concurrentReviewerUser,current:2,peak:2,limit:120000
2026-06-23 11:51:51,996 [ajp-nio-127.0.0.1-8889-exec-10 | cID:AAAQPQ] INFO  PolarionLicensing - User 'neha' logged in with concurrent REVIEWER
2026-06-23 11:51:51,996 [ajp-nio-127.0.0.1-8889-exec-8 | cID:AAAQPg] INFO  PolarionLicensing - User 'neha' logged in with concurrent REVIEWER
2026-06-23 11:51:51,997 [ajp-nio-127.0.0.1-8889-exec-8 | cID:AAAQPg] INFO  TXLOGGER - Summary for 'servlet /polarion/j_security_check': Total: 0.47 s, CPU [user: 0.05 s, system: 0.00821 s], Allocated memory: 384.1 kB, transactions: 1, PolarionAuthenticator: 0.47 s [100% authenticate (1x)] (1x), SaltLicense: 0.407 s [100% userLoggedIn (1x)] (1x)
2026-06-23 11:51:51,998 [ajp-nio-127.0.0.1-8889-exec-10 | cID:AAAQPQ] INFO  TXLOGGER - Summary for 'servlet /polarion/j_security_check': Total: 0.496 s, CPU [user: 0.06 s, system: 0.000581 s], Allocated memory: 688.4 kB, transactions: 1, PolarionAuthenticator: 0.496 s [100% authenticate (1x)] (1x), SaltLicense: 0.433 s [100% userLoggedIn (1x)] (1x)
2026-06-23 11:51:53,794 [Thread-7] INFO  com.polarion.platform.internal.service.repository.listeners.job.LastFullyProcessedRevisionRegistry - RegisteredRevision [4]
2026-06-23 11:51:53,889 [Thread-8] INFO  com.polarion.platform.internal.service.repository.listeners.job.LastFullyProcessedRevisionRegistry - RegisteredRevision [5]
2026-06-23 11:51:54,231 [ajp-nio-127.0.0.1-8889-exec-5 | cID:AAAQVQ | u:neha] INFO  RPC - "0.010","Load Rich Page for preview","/_default/Home (null, 1)"
2026-06-23 11:51:54,326 [ajp-nio-127.0.0.1-8889-exec-6 | cID:AAAQXQ | u:neha] INFO  RPC - "0.019","Load Rich Page for preview","/_default/Home (null, 1)"
2026-06-23 11:51:54,475 [ajp-nio-127.0.0.1-8889-exec-1 | cID:AAAQZA | u:neha] INFO  RPC - "0.005","Render Widget for preview","/_default/Home (null, 1)/com.polarion.scriptBlock/polarion_client11"
2026-06-23 11:51:54,479 [ajp-nio-127.0.0.1-8889-exec-10 | cID:AAAQZQ | u:neha] INFO  RPC - "0.005","Render Widget for preview","/_default/Home (null, 1)/com.polarion.scriptInline/polarion_wiki macro name=table;params=header=no|border=no|padding=0px|uid=client28_iw_1"
2026-06-23 11:51:54,490 [ajp-nio-127.0.0.1-8889-exec-8 | cID:AAAQZg | u:neha] INFO  RPC - "0.007","Render Widget for preview","/_default/Home (null, 1)/com.polarion.scriptInline/polarion_wiki macro name=table;params=header=no|border=no|padding=0px|uid=client28_iw_2"
2026-06-23 11:51:54,549 [ajp-nio-127.0.0.1-8889-exec-5 | cID:AAAQag | u:neha] INFO  RPC - "0.004","Render Widget for preview","/_default/Home (null, 1)/com.polarion.scriptInline/polarion_wiki macro name=table;params=header=no|border=no|padding=0px|uid=client28_iw_3"
2026-06-23 11:51:54,566 [ajp-nio-127.0.0.1-8889-exec-9 | cID:AAAQaw | u:neha] INFO  RPC - "0.003","Render Widget for preview","/_default/Home (null, 1)/com.polarion.scriptBlock/polarion_client45"
2026-06-23 11:51:54,602 [ajp-nio-127.0.0.1-8889-exec-7 | cID:AAAQbA | u:neha] INFO  RPC - "0.006","Render Widget for preview","/_default/Home (null, 1)/com.polarion.scriptBlock/polarion_client11"
2026-06-23 11:51:54,602 [ajp-nio-127.0.0.1-8889-exec-1 | cID:AAAQbQ | u:neha] INFO  RPC - "0.006","Render Widget for preview","/_default/Home (null, 1)/com.polarion.scriptInline/polarion_wiki macro name=table;params=header=no|border=no|padding=0px|uid=client28_iw_1"
2026-06-23 11:51:54,661 [ajp-nio-127.0.0.1-8889-exec-2 | cID:AAAQcQ | u:neha] INFO  RPC - "0.004","Render Widget for preview","/_default/Home (null, 1)/com.polarion.scriptInline/polarion_wiki macro name=table;params=header=no|border=no|padding=0px|uid=client28_iw_2"
2026-06-23 11:51:54,712 [ajp-nio-127.0.0.1-8889-exec-3 | cID:AAAQcw | u:neha] INFO  RPC - "0.009","Render Widget for preview","/_default/Home (null, 1)/com.polarion.scriptBlock/polarion_client45"
2026-06-23 11:51:54,714 [ajp-nio-127.0.0.1-8889-exec-6 | cID:AAAQcg | u:neha] INFO  RPC - "0.011","Render Widget for preview","/_default/Home (null, 1)/com.polarion.scriptInline/polarion_wiki macro name=table;params=header=no|border=no|padding=0px|uid=client28_iw_3"
2026-06-23 11:52:03,309 [ajp-nio-127.0.0.1-8889-exec-7 | cID:AAAQgA] INFO  PolarionLicensing - User 'neha' logged out with concurrent REVIEWER
2026-06-23 11:52:03,310 [ajp-nio-127.0.0.1-8889-exec-7 | cID:AAAQgA] INFO  (SECURITY) com.polarion.platform.session.SsoUserRegistry - [AUTH-0009] - Session invalidated for user 'neha'.
2026-06-23 11:52:03,310 [ajp-nio-127.0.0.1-8889-exec-7 | cID:AAAQgA] INFO  PolarionLicensing - User 'neha' logged out with concurrent REVIEWER
2026-06-23 11:52:03,310 [ajp-nio-127.0.0.1-8889-exec-7 | cID:AAAQgA] INFO  (SECURITY) com.polarion.platform.session.SsoUserRegistry - [AUTH-0009] - Session invalidated for user 'neha'.
2026-06-23 11:52:03,310 [ajp-nio-127.0.0.1-8889-exec-7 | cID:AAAQgA] INFO  (SECURITY) com.polarion.platform.session.PolarionLocalSingleSignOn - [AUTH-0009] - User 'neha' logged out.
2026-06-23 11:52:25,350 [ajp-nio-127.0.0.1-8889-exec-8 | cID:AAAQjg | u:p] INFO  (SECURITY) com.polarion.platform.internal.security.auth.LoginFlowUserPassword - [AUTH-0001] - User 'neha' authenticated. Source: portal/UNSET.
2026-06-23 11:52:25,351 [ajp-nio-127.0.0.1-8889-exec-8 | cID:AAAQjg] INFO  (SECURITY) com.polarion.alm.projects.internal.PasswordLoginManager - [AUTH-0001] - User 'neha' logged in by 'Password' mechanism. Source: portal/UNSET.
2026-06-23 11:52:25,351 [ajp-nio-127.0.0.1-8889-exec-8 | cID:AAAQjg] INFO  PolarionLicensing - STATS:concurrentReviewerUser,current:2,peak:2,limit:120000
2026-06-23 11:52:25,361 [ajp-nio-127.0.0.1-8889-exec-5 | cID:AAAQjw | u:p] INFO  (SECURITY) com.polarion.platform.internal.security.auth.LoginFlowUserPassword - [AUTH-0001] - User 'neha' authenticated. Source: portal/UNSET.
2026-06-23 11:52:25,362 [ajp-nio-127.0.0.1-8889-exec-5 | cID:AAAQjw] INFO  (SECURITY) com.polarion.alm.projects.internal.PasswordLoginManager - [AUTH-0001] - User 'neha' logged in by 'Password' mechanism. Source: portal/UNSET.
2026-06-23 11:52:25,362 [ajp-nio-127.0.0.1-8889-exec-5 | cID:AAAQjw] INFO  PolarionLicensing - STATS:concurrentReviewerUser,current:2,peak:2,limit:120000
2026-06-23 11:52:25,985 [ajp-nio-127.0.0.1-8889-exec-5 | cID:AAAQjw] INFO  PolarionLicensing - User 'neha' logged in with concurrent REVIEWER
2026-06-23 11:52:25,985 [ajp-nio-127.0.0.1-8889-exec-8 | cID:AAAQjg] INFO  PolarionLicensing - User 'neha' logged in with concurrent REVIEWER
2026-06-23 11:52:25,985 [ajp-nio-127.0.0.1-8889-exec-8 | cID:AAAQjg] INFO  TXLOGGER - Summary for 'servlet /polarion/j_security_check': Total: 0.695 s, CPU [user: 0.06 s, system: 0.000868 s], Allocated memory: 358.9 kB, transactions: 1, PolarionAuthenticator: 0.695 s [100% authenticate (1x)] (1x), SaltLicense: 0.633 s [100% userLoggedIn (1x)] (1x)
2026-06-23 11:52:25,986 [ajp-nio-127.0.0.1-8889-exec-5 | cID:AAAQjw] INFO  TXLOGGER - Summary for 'servlet /polarion/j_security_check': Total: 0.686 s, CPU [user: 0.06 s, system: 0.00198 s], Allocated memory: 357.9 kB, transactions: 1, PolarionAuthenticator: 0.686 s [100% authenticate (1x)] (1x), SaltLicense: 0.622 s [100% userLoggedIn (1x)] (1x)
2026-06-23 11:52:27,956 [ajp-nio-127.0.0.1-8889-exec-5 | cID:AAAQow | u:neha] INFO  RPC - "0.012","Load Rich Page for preview","/_default/Home (null, 1)"
2026-06-23 11:52:28,195 [ajp-nio-127.0.0.1-8889-exec-2 | cID:AAAQrQ | u:neha] INFO  RPC - "0.004","Render Widget for preview","/_default/Home (null, 1)/com.polarion.scriptBlock/polarion_client11"
2026-06-23 11:52:28,233 [ajp-nio-127.0.0.1-8889-exec-5 | cID:AAAQrg | u:neha] INFO  RPC - "0.003","Render Widget for preview","/_default/Home (null, 1)/com.polarion.scriptInline/polarion_wiki macro name=table;params=header=no|border=no|padding=0px|uid=client28_iw_1"
2026-06-23 11:52:28,247 [ajp-nio-127.0.0.1-8889-exec-3 | cID:AAAQrw | u:neha] INFO  RPC - "0.005","Render Widget for preview","/_default/Home (null, 1)/com.polarion.scriptInline/polarion_wiki macro name=table;params=header=no|border=no|padding=0px|uid=client28_iw_2"
2026-06-23 11:52:28,278 [ajp-nio-127.0.0.1-8889-exec-6 | cID:AAAQsg | u:neha] INFO  RPC - "0.004","Render Widget for preview","/_default/Home (null, 1)/com.polarion.scriptBlock/polarion_client45"
2026-06-23 11:52:28,278 [ajp-nio-127.0.0.1-8889-exec-7 | cID:AAAQsQ | u:neha] INFO  RPC - "0.004","Render Widget for preview","/_default/Home (null, 1)/com.polarion.scriptInline/polarion_wiki macro name=table;params=header=no|border=no|padding=0px|uid=client28_iw_3"
2026-06-23 11:52:28,385 [ajp-nio-127.0.0.1-8889-exec-4 | cID:AAAQsw | u:neha] INFO  RPC - "0.015","Load Rich Page for preview","/_default/Home (null, 1)"
2026-06-23 11:52:28,645 [ajp-nio-127.0.0.1-8889-exec-2 | cID:AAAQwQ | u:neha] INFO  RPC - "0.004","Render Widget for preview","/_default/Home (null, 1)/com.polarion.scriptBlock/polarion_client11"
2026-06-23 11:52:28,650 [ajp-nio-127.0.0.1-8889-exec-5 | cID:AAAQwg | u:neha] INFO  RPC - "0.004","Render Widget for preview","/_default/Home (null, 1)/com.polarion.scriptInline/polarion_wiki macro name=table;params=header=no|border=no|padding=0px|uid=client28_iw_1"
2026-06-23 11:52:28,752 [ajp-nio-127.0.0.1-8889-exec-3 | cID:AAAQww | u:neha] INFO  RPC - "0.006","Render Widget for preview","/_default/Home (null, 1)/com.polarion.scriptInline/polarion_wiki macro name=table;params=header=no|border=no|padding=0px|uid=client28_iw_2"
2026-06-23 11:52:28,766 [ajp-nio-127.0.0.1-8889-exec-6 | cID:AAAQxQ | u:neha] INFO  RPC - "0.008","Render Widget for preview","/_default/Home (null, 1)/com.polarion.scriptInline/polarion_wiki macro name=table;params=header=no|border=no|padding=0px|uid=client28_iw_3"
2026-06-23 11:52:28,767 [ajp-nio-127.0.0.1-8889-exec-9 | cID:AAAQxA | u:neha] INFO  RPC - "0.009","Render Widget for preview","/_default/Home (null, 1)/com.polarion.scriptBlock/polarion_client45"
2026-06-23 11:52:30,071 [Monitoring] INFO  com.polarion.platform.monitoring - Executing actions from stage PERIODIC with speed FAST
2026-06-23 11:52:30,071 [Monitoring] INFO  com.polarion.platform.monitoring - Executing action 'polarion.sso.statistics'
2026-06-23 11:52:30,071 [Monitoring] INFO  com.polarion.platform.monitoring - polarion.sso.statistics (Statistics of all active sso sessions) = Statistics of logged users 
Logged active users:1
 [Tue Jun 23 11:52:30 CEST 2026]
2026-06-23 11:52:30,075 [Monitoring] INFO  com.polarion.platform.monitoring - Executing action 'system.info.disk.data.free'
2026-06-23 11:52:30,075 [Monitoring] INFO  com.polarion.platform.monitoring - system.info.disk.data.free (Free data disk '/opt/polarion/data' space) = Disk Space 
20.1 GB
 [Tue Jun 23 11:52:30 CEST 2026]
2026-06-23 11:52:30,078 [Monitoring] INFO  com.polarion.platform.monitoring - Executing action 'system.info.garbageCollector.full.cycles'
2026-06-23 11:52:30,078 [Monitoring] INFO  com.polarion.platform.monitoring - system.info.garbageCollector.full.cycles (Full Garbage Collector cycles) = Full Garbage Collector cycles 
Full GC cycles: 0; Time: 0.0 s.
 [Tue Jun 23 11:52:30 CEST 2026]
2026-06-23 11:52:30,082 [Monitoring] INFO  com.polarion.platform.monitoring - Executing action 'system.info.garbageCollector.normal.cycles'
2026-06-23 11:52:30,082 [Monitoring] INFO  com.polarion.platform.monitoring - system.info.garbageCollector.normal.cycles (Normal Garbage Collector cycles) = Normal Garbage Collector cycles 
Normal GC cycles: 20; Time: 0.46 s.
 [Tue Jun 23 11:52:30 CEST 2026]
2026-06-23 11:52:30,086 [Monitoring] INFO  com.polarion.platform.monitoring - Executing action 'system.info.memory.nonheap.free'
2026-06-23 11:52:30,086 [Monitoring] INFO  com.polarion.platform.monitoring - system.info.memory.nonheap.free (Free non-heap memory) = Java Metaspace Memory 
Unlimited
 [Tue Jun 23 11:52:30 CEST 2026]
2026-06-23 11:52:30,095 [Monitoring] INFO  com.polarion.platform.monitoring - Executing action 'system.info.memory.oldGen.free'
2026-06-23 11:52:30,096 [Monitoring] INFO  com.polarion.platform.monitoring - system.info.memory.oldGen.free (Free Old Gen memory after GC) = Java Heap Memory 
Old Gen pool has  94.13% memory free after GC.
 [Tue Jun 23 11:52:30 CEST 2026]
2026-06-23 11:52:30,099 [Monitoring] INFO  com.polarion.platform.monitoring - Finished with actions from stage PERIODIC: {OK=6}
2026-06-23 11:52:33,484 [ajp-nio-127.0.0.1-8889-exec-9 | cID:AAAQzw] INFO  PolarionLicensing - User 'neha' logged out with concurrent REVIEWER
2026-06-23 11:52:33,484 [ajp-nio-127.0.0.1-8889-exec-9 | cID:AAAQzw] INFO  (SECURITY) com.polarion.platform.session.SsoUserRegistry - [AUTH-0009] - Session invalidated for user 'neha'.
2026-06-23 11:52:33,485 [ajp-nio-127.0.0.1-8889-exec-9 | cID:AAAQzw] INFO  PolarionLicensing - User 'neha' logged out with concurrent REVIEWER
2026-06-23 11:52:33,485 [ajp-nio-127.0.0.1-8889-exec-9 | cID:AAAQzw] INFO  (SECURITY) com.polarion.platform.session.SsoUserRegistry - [AUTH-0009] - Session invalidated for user 'neha'.
2026-06-23 11:52:33,485 [ajp-nio-127.0.0.1-8889-exec-9 | cID:AAAQzw] INFO  (SECURITY) com.polarion.platform.session.PolarionLocalSingleSignOn - [AUTH-0009] - User 'neha' logged out.
2026-06-23 11:52:33,485 [ajp-nio-127.0.0.1-8889-exec-5 | cID:AAAQzQ] INFO  PolarionLicensing - User 'neha' logged out with concurrent REVIEWER
2026-06-23 11:52:33,485 [ajp-nio-127.0.0.1-8889-exec-5 | cID:AAAQzQ] INFO  (SECURITY) com.polarion.platform.session.SsoUserRegistry - [AUTH-0009] - Session invalidated for user 'neha'.
2026-06-23 11:52:33,485 [ajp-nio-127.0.0.1-8889-exec-5 | cID:AAAQzQ] INFO  (SECURITY) com.polarion.platform.session.PolarionLocalSingleSignOn - [AUTH-0009] - User 'neha' logged out.
2026-06-23 11:52:50,378 [ajp-nio-127.0.0.1-8889-exec-4 | cID:AAAQ2w | u:p] INFO  (SECURITY) com.polarion.platform.internal.security.auth.LoginFlowUserPassword - [AUTH-0001] - User 'neha' authenticated. Source: portal/UNSET.
2026-06-23 11:52:50,379 [ajp-nio-127.0.0.1-8889-exec-4 | cID:AAAQ2w] INFO  (SECURITY) com.polarion.alm.projects.internal.PasswordLoginManager - [AUTH-0001] - User 'neha' logged in by 'Password' mechanism. Source: portal/UNSET.
2026-06-23 11:52:50,379 [ajp-nio-127.0.0.1-8889-exec-4 | cID:AAAQ2w] INFO  PolarionLicensing - STATS:concurrentReviewerUser,current:2,peak:2,limit:120000
2026-06-23 11:52:50,913 [ajp-nio-127.0.0.1-8889-exec-8 | cID:AAAQ3Q | u:p] INFO  (SECURITY) com.polarion.platform.internal.security.auth.LoginFlowUserPassword - [AUTH-0001] - User 'neha' authenticated. Source: portal/UNSET.
2026-06-23 11:52:50,914 [ajp-nio-127.0.0.1-8889-exec-8 | cID:AAAQ3Q] INFO  (SECURITY) com.polarion.alm.projects.internal.PasswordLoginManager - [AUTH-0001] - User 'neha' logged in by 'Password' mechanism. Source: portal/UNSET.
2026-06-23 11:52:50,914 [ajp-nio-127.0.0.1-8889-exec-8 | cID:AAAQ3Q] INFO  PolarionLicensing - STATS:concurrentReviewerUser,current:2,peak:2,limit:120000
2026-06-23 11:52:51,607 [ajp-nio-127.0.0.1-8889-exec-4 | cID:AAAQ2w] INFO  PolarionLicensing - User 'neha' logged in with concurrent REVIEWER
2026-06-23 11:52:51,607 [ajp-nio-127.0.0.1-8889-exec-8 | cID:AAAQ3Q] INFO  PolarionLicensing - User 'neha' logged in with concurrent REVIEWER
2026-06-23 11:52:51,608 [ajp-nio-127.0.0.1-8889-exec-4 | cID:AAAQ2w] INFO  TXLOGGER - Summary for 'servlet /polarion/j_security_check': Total: 1.29 s, CPU [user: 0.06 s], Allocated memory: 355.9 kB, transactions: 1, PolarionAuthenticator: 1.29 s [100% authenticate (1x)] (1x), SaltLicense: 1.23 s [100% userLoggedIn (1x)] (1x)
2026-06-23 11:52:51,608 [ajp-nio-127.0.0.1-8889-exec-8 | cID:AAAQ3Q] INFO  TXLOGGER - Summary for 'servlet /polarion/j_security_check': Total: 0.753 s, CPU [user: 0.06 s], Allocated memory: 356.8 kB, transactions: 1, PolarionAuthenticator: 0.753 s [100% authenticate (1x)] (1x), SaltLicense: 0.693 s [100% userLoggedIn (1x)] (1x)
2026-06-23 11:52:53,564 [ajp-nio-127.0.0.1-8889-exec-10 | cID:AAAQ7w | u:neha] INFO  RPC - "0.015","Load Rich Page for preview","/_default/Home (null, 1)"
2026-06-23 11:52:53,832 [ajp-nio-127.0.0.1-8889-exec-8 | cID:AAAQ-Q | u:neha] INFO  RPC - "0.005","Render Widget for preview","/_default/Home (null, 1)/com.polarion.scriptBlock/polarion_client11"
2026-06-23 11:52:53,929 [ajp-nio-127.0.0.1-8889-exec-1 | cID:AAAQ-g | u:neha] INFO  RPC - "0.004","Render Widget for preview","/_default/Home (null, 1)/com.polarion.scriptInline/polarion_wiki macro name=table;params=header=no|border=no|padding=0px|uid=client28_iw_1"
2026-06-23 11:52:53,936 [ajp-nio-127.0.0.1-8889-exec-4 | cID:AAAQ-w | u:neha] INFO  RPC - "0.003","Render Widget for preview","/_default/Home (null, 1)/com.polarion.scriptInline/polarion_wiki macro name=table;params=header=no|border=no|padding=0px|uid=client28_iw_2"
2026-06-23 11:52:53,954 [ajp-nio-127.0.0.1-8889-exec-2 | cID:AAAQ_Q | u:neha] INFO  RPC - "0.003","Render Widget for preview","/_default/Home (null, 1)/com.polarion.scriptBlock/polarion_client45"
2026-06-23 11:52:53,957 [ajp-nio-127.0.0.1-8889-exec-10 | cID:AAAQ_A | u:neha] INFO  RPC - "0.007","Render Widget for preview","/_default/Home (null, 1)/com.polarion.scriptInline/polarion_wiki macro name=table;params=header=no|border=no|padding=0px|uid=client28_iw_3"
2026-06-23 11:52:54,572 [ajp-nio-127.0.0.1-8889-exec-7 | cID:AAARCg | u:neha] INFO  RPC - "0.018","Load Rich Page for preview","/_default/Home (null, 1)"
2026-06-23 11:52:54,980 [ajp-nio-127.0.0.1-8889-exec-4 | cID:AAARDw | u:neha] INFO  RPC - "0.007","Render Widget for preview","/_default/Home (null, 1)/com.polarion.scriptInline/polarion_wiki macro name=table;params=header=no|border=no|padding=0px|uid=client28_iw_1"
2026-06-23 11:52:54,985 [ajp-nio-127.0.0.1-8889-exec-9 | cID:AAAREA | u:neha] INFO  RPC - "0.012","Render Widget for preview","/_default/Home (null, 1)/com.polarion.scriptBlock/polarion_client11"
2026-06-23 11:52:55,184 [ajp-nio-127.0.0.1-8889-exec-6 | cID:AAAREQ | u:neha] INFO  RPC - "0.005","Render Widget for preview","/_default/Home (null, 1)/com.polarion.scriptInline/polarion_wiki macro name=table;params=header=no|border=no|padding=0px|uid=client28_iw_2"
2026-06-23 11:52:55,186 [ajp-nio-127.0.0.1-8889-exec-10 | cID:AAAREg | u:neha] INFO  RPC - "0.006","Render Widget for preview","/_default/Home (null, 1)/com.polarion.scriptInline/polarion_wiki macro name=table;params=header=no|border=no|padding=0px|uid=client28_iw_3"
2026-06-23 11:52:55,203 [ajp-nio-127.0.0.1-8889-exec-3 | cID:AAAREw | u:neha] INFO  RPC - "0.006","Render Widget for preview","/_default/Home (null, 1)/com.polarion.scriptBlock/polarion_client45"
2026-06-23 11:52:57,132 [ajp-nio-127.0.0.1-8889-exec-6 | cID:AAARGw] INFO  PolarionLicensing - User 'neha' logged out with concurrent REVIEWER
2026-06-23 11:52:57,132 [ajp-nio-127.0.0.1-8889-exec-6 | cID:AAARGw] INFO  (SECURITY) com.polarion.platform.session.SsoUserRegistry - [AUTH-0009] - Session invalidated for user 'neha'.
2026-06-23 11:52:57,133 [ajp-nio-127.0.0.1-8889-exec-6 | cID:AAARGw] INFO  PolarionLicensing - User 'neha' logged out with concurrent REVIEWER
2026-06-23 11:52:57,133 [ajp-nio-127.0.0.1-8889-exec-6 | cID:AAARGw] INFO  (SECURITY) com.polarion.platform.session.SsoUserRegistry - [AUTH-0009] - Session invalidated for user 'neha'.
2026-06-23 11:52:57,133 [ajp-nio-127.0.0.1-8889-exec-6 | cID:AAARGw] INFO  (SECURITY) com.polarion.platform.session.PolarionLocalSingleSignOn - [AUTH-0009] - User 'neha' logged out.
2026-06-23 11:53:21,896 [ajp-nio-127.0.0.1-8889-exec-3 | cID:AAARKQ | u:p] INFO  (SECURITY) com.polarion.platform.internal.security.auth.LoginFlowUserPassword - [AUTH-0001] - User 'neha' authenticated. Source: portal/UNSET.
2026-06-23 11:53:21,897 [ajp-nio-127.0.0.1-8889-exec-3 | cID:AAARKQ] INFO  (SECURITY) com.polarion.alm.projects.internal.PasswordLoginManager - [AUTH-0001] - User 'neha' logged in by 'Password' mechanism. Source: portal/UNSET.
2026-06-23 11:53:21,897 [ajp-nio-127.0.0.1-8889-exec-3 | cID:AAARKQ] INFO  PolarionLicensing - STATS:concurrentReviewerUser,current:2,peak:2,limit:120000
2026-06-23 11:53:21,953 [ajp-nio-127.0.0.1-8889-exec-2 | cID:AAARKg | u:p] INFO  (SECURITY) com.polarion.platform.internal.security.auth.LoginFlowUserPassword - [AUTH-0002] - Authentication failed for user 'neha'. Source: portal/UNSET.
2026-06-23 11:53:21,954 [ajp-nio-127.0.0.1-8889-exec-2 | cID:AAARKg] INFO  (SECURITY) com.polarion.alm.projects.internal.PasswordLoginManager - [AUTH-0002] - Unsuccessful login attempt for user 'neha' by 'Password' mechanism. Reason: Incorrect username or password, or a forbidden user or authentication provider. Source: portal/UNSET.
2026-06-23 11:53:21,954 [ajp-nio-127.0.0.1-8889-exec-2 | cID:AAARKg] INFO  com.polarion.platform.realm.PolarionRealm - Login failed: Your Username or Password is incorrect, or there was another problem logging in. Contact your administrator for details.
2026-06-23 11:53:22,318 [ajp-nio-127.0.0.1-8889-exec-3 | cID:AAARKQ] INFO  PolarionLicensing - User 'neha' logged in with concurrent REVIEWER
2026-06-23 11:53:22,319 [ajp-nio-127.0.0.1-8889-exec-3 | cID:AAARKQ] INFO  TXLOGGER - Summary for 'servlet /polarion/j_security_check': Total: 0.485 s, CPU [user: 0.06 s, system: 0.00336 s], Allocated memory: 505.5 kB, transactions: 1, PolarionAuthenticator: 0.485 s [100% authenticate (1x)] (1x), SaltLicense: 0.421 s [100% userLoggedIn (1x)] (1x)
2026-06-23 11:53:24,567 [ajp-nio-127.0.0.1-8889-exec-6 | cID:AAAROQ | u:neha] INFO  RPC - "0.012","Load Rich Page for preview","/_default/Home (null, 1)"
2026-06-23 11:53:24,862 [ajp-nio-127.0.0.1-8889-exec-9 | cID:AAARQQ | u:neha] INFO  RPC - "0.004","Render Widget for preview","/_default/Home (null, 1)/com.polarion.scriptBlock/polarion_client11"
2026-06-23 11:53:24,872 [ajp-nio-127.0.0.1-8889-exec-4 | cID:AAARQg | u:neha] INFO  RPC - "0.004","Render Widget for preview","/_default/Home (null, 1)/com.polarion.scriptInline/polarion_wiki macro name=table;params=header=no|border=no|padding=0px|uid=client28_iw_1"
2026-06-23 11:53:25,067 [ajp-nio-127.0.0.1-8889-exec-7 | cID:AAARQw | u:neha] INFO  RPC - "0.004","Render Widget for preview","/_default/Home (null, 1)/com.polarion.scriptInline/polarion_wiki macro name=table;params=header=no|border=no|padding=0px|uid=client28_iw_2"
2026-06-23 11:53:25,084 [ajp-nio-127.0.0.1-8889-exec-10 | cID:AAARRA | u:neha] INFO  RPC - "0.004","Render Widget for preview","/_default/Home (null, 1)/com.polarion.scriptInline/polarion_wiki macro name=table;params=header=no|border=no|padding=0px|uid=client28_iw_3"
2026-06-23 11:53:25,088 [ajp-nio-127.0.0.1-8889-exec-6 | cID:AAARRQ | u:neha] INFO  RPC - "0.005","Render Widget for preview","/_default/Home (null, 1)/com.polarion.scriptBlock/polarion_client45"
2026-06-23 11:53:32,847 [ajp-nio-127.0.0.1-8889-exec-7 | cID:AAARTQ] INFO  PolarionLicensing - User 'neha' logged out with concurrent REVIEWER
2026-06-23 11:53:32,847 [ajp-nio-127.0.0.1-8889-exec-7 | cID:AAARTQ] INFO  (SECURITY) com.polarion.platform.session.SsoUserRegistry - [AUTH-0009] - Session invalidated for user 'neha'.
2026-06-23 11:53:32,847 [ajp-nio-127.0.0.1-8889-exec-7 | cID:AAARTQ] INFO  (SECURITY) com.polarion.platform.session.PolarionLocalSingleSignOn - [AUTH-0009] - User 'neha' logged out.
2026-06-23 11:53:45,323 [ajp-nio-127.0.0.1-8889-exec-9 | cID:AAARVQ | u:p] INFO  (SECURITY) com.polarion.platform.internal.security.auth.LoginFlowUserPassword - [AUTH-0001] - User 'neha' authenticated. Source: portal/UNSET.
2026-06-23 11:53:45,324 [ajp-nio-127.0.0.1-8889-exec-9 | cID:AAARVQ] INFO  (SECURITY) com.polarion.alm.projects.internal.PasswordLoginManager - [AUTH-0001] - User 'neha' logged in by 'Password' mechanism. Source: portal/UNSET.
2026-06-23 11:53:45,324 [ajp-nio-127.0.0.1-8889-exec-9 | cID:AAARVQ] INFO  PolarionLicensing - STATS:concurrentReviewerUser,current:2,peak:2,limit:120000
2026-06-23 11:53:45,550 [ajp-nio-127.0.0.1-8889-exec-4 | cID:AAARVg | u:p] INFO  (SECURITY) com.polarion.platform.internal.security.auth.LoginFlowUserPassword - [AUTH-0001] - User 'neha' authenticated. Source: portal/UNSET.
2026-06-23 11:53:45,551 [ajp-nio-127.0.0.1-8889-exec-4 | cID:AAARVg] INFO  (SECURITY) com.polarion.alm.projects.internal.PasswordLoginManager - [AUTH-0001] - User 'neha' logged in by 'Password' mechanism. Source: portal/UNSET.
2026-06-23 11:53:45,551 [ajp-nio-127.0.0.1-8889-exec-4 | cID:AAARVg] INFO  PolarionLicensing - STATS:concurrentReviewerUser,current:2,peak:2,limit:120000
2026-06-23 11:53:46,353 [ajp-nio-127.0.0.1-8889-exec-9 | cID:AAARVQ] INFO  PolarionLicensing - User 'neha' logged in with concurrent REVIEWER
2026-06-23 11:53:46,353 [ajp-nio-127.0.0.1-8889-exec-9 | cID:AAARVQ] INFO  TXLOGGER - Summary for 'servlet /polarion/j_security_check': Total: 1.09 s, CPU [user: 0.06 s], Allocated memory: 355.9 kB, transactions: 1, PolarionAuthenticator: 1.09 s [100% authenticate (1x)] (1x), SaltLicense: 1.03 s [100% userLoggedIn (1x)] (1x)
2026-06-23 11:53:46,353 [ajp-nio-127.0.0.1-8889-exec-4 | cID:AAARVg] INFO  PolarionLicensing - User 'neha' logged in with concurrent REVIEWER
2026-06-23 11:53:46,354 [ajp-nio-127.0.0.1-8889-exec-4 | cID:AAARVg] INFO  TXLOGGER - Summary for 'servlet /polarion/j_security_check': Total: 0.863 s, CPU [user: 0.06 s], Allocated memory: 355.8 kB, transactions: 1, PolarionAuthenticator: 0.863 s [100% authenticate (1x)] (1x), SaltLicense: 0.802 s [100% userLoggedIn (1x)] (1x)
2026-06-23 11:53:48,213 [ajp-nio-127.0.0.1-8889-exec-10 | cID:AAARbA | u:neha] INFO  RPC - "0.016","Load Rich Page for preview","/_default/Home (null, 1)"
2026-06-23 11:53:48,336 [ajp-nio-127.0.0.1-8889-exec-8 | cID:AAARcg | u:neha] INFO  RPC - "0.021","Load Rich Page for preview","/_default/Home (null, 1)"
2026-06-23 11:53:48,448 [ajp-nio-127.0.0.1-8889-exec-1 | cID:AAAReg | u:neha] INFO  RPC - "0.007","Render Widget for preview","/_default/Home (null, 1)/com.polarion.scriptBlock/polarion_client11"
2026-06-23 11:53:48,448 [ajp-nio-127.0.0.1-8889-exec-3 | cID:AAARew | u:neha] INFO  RPC - "0.006","Render Widget for preview","/_default/Home (null, 1)/com.polarion.scriptInline/polarion_wiki macro name=table;params=header=no|border=no|padding=0px|uid=client28_iw_1"
2026-06-23 11:53:48,496 [ajp-nio-127.0.0.1-8889-exec-4 | cID:AAARfA | u:neha] INFO  RPC - "0.005","Render Widget for preview","/_default/Home (null, 1)/com.polarion.scriptInline/polarion_wiki macro name=table;params=header=no|border=no|padding=0px|uid=client28_iw_2"
2026-06-23 11:53:48,527 [ajp-nio-127.0.0.1-8889-exec-5 | cID:AAARgA | u:neha] INFO  RPC - "0.004","Render Widget for preview","/_default/Home (null, 1)/com.polarion.scriptInline/polarion_wiki macro name=table;params=header=no|border=no|padding=0px|uid=client28_iw_3"
2026-06-23 11:53:48,527 [ajp-nio-127.0.0.1-8889-exec-2 | cID:AAARgQ | u:neha] INFO  RPC - "0.003","Render Widget for preview","/_default/Home (null, 1)/com.polarion.scriptBlock/polarion_client45"
2026-06-23 11:53:48,598 [ajp-nio-127.0.0.1-8889-exec-6 | cID:AAARgg | u:neha] INFO  RPC - "0.004","Render Widget for preview","/_default/Home (null, 1)/com.polarion.scriptBlock/polarion_client11"
2026-06-23 11:53:48,620 [ajp-nio-127.0.0.1-8889-exec-10 | cID:AAARhQ | u:neha] INFO  RPC - "0.004","Render Widget for preview","/_default/Home (null, 1)/com.polarion.scriptInline/polarion_wiki macro name=table;params=header=no|border=no|padding=0px|uid=client28_iw_1"
2026-06-23 11:53:48,677 [ajp-nio-127.0.0.1-8889-exec-8 | cID:AAARhw | u:neha] INFO  RPC - "0.004","Render Widget for preview","/_default/Home (null, 1)/com.polarion.scriptInline/polarion_wiki macro name=table;params=header=no|border=no|padding=0px|uid=client28_iw_2"
2026-06-23 11:53:48,700 [ajp-nio-127.0.0.1-8889-exec-6 | cID:AAARjA | u:neha] INFO  RPC - "0.009","Render Widget for preview","/_default/Home (null, 1)/com.polarion.scriptBlock/polarion_client45"
2026-06-23 11:53:48,701 [ajp-nio-127.0.0.1-8889-exec-2 | cID:AAARiw | u:neha] INFO  RPC - "0.010","Render Widget for preview","/_default/Home (null, 1)/com.polarion.scriptInline/polarion_wiki macro name=table;params=header=no|border=no|padding=0px|uid=client28_iw_3"
2026-06-23 11:53:53,164 [ajp-nio-127.0.0.1-8889-exec-10 | cID:AAARmQ | u:neha] INFO  com.polarion.subterra.index.impl.lucene.LuceneIndexPair - searcher manager created for index: WikiPage
2026-06-23 11:53:53,167 [ajp-nio-127.0.0.1-8889-exec-10 | cID:AAARmQ | u:neha] INFO  com.polarion.subterra.index.impl.lucene.LuceneIndexPair - searcher manager created for index: RichPage
2026-06-23 11:53:53,319 [ajp-nio-127.0.0.1-8889-exec-8 | cID:AAARnA | u:neha] INFO  TXLOGGER - Tx 67bcf9a32958d_0_67bcf9a32958d_0_: finished. Total: 0.00283 s, CPU [system: 0.00261 s], Allocated memory: 409.9 kB, WeakPObjectList: [bulkResolves: 1 secondGetHits: 7 ]
2026-06-23 11:53:53,320 [ajp-nio-127.0.0.1-8889-exec-8 | cID:AAARnA] INFO  TXLOGGER - Summary for 'servlet /polarion/gwt/com.polarion.UI/UserDataService': Total: 0.00564 s, CPU [user: 0.01 s], Allocated memory: 998.4 kB, transactions: 1, WeakPObjectList: [bulkResolves: 1 secondGetHits: 7 ]
2026-06-23 11:53:54,561 [ajp-nio-127.0.0.1-8889-exec-9 | cID:AAARnQ | u:neha] INFO  com.polarion.reina.web.internal.server.ria.ServerLogger - 2026-5-23 15:23:55.492  ERROR: Unable to create editor for assignedLicense because the model is null.
2026-06-23 11:53:54,561 [ajp-nio-127.0.0.1-8889-exec-9 | cID:AAARnQ | u:neha] INFO  com.polarion.reina.web.internal.server.ria.ServerLogger - 2026-5-23 15:23:55.492  ERROR: Unable to create editor for assignedAddonLicenses because the model is null.
2026-06-23 11:54:00,033 [ajp-nio-127.0.0.1-8889-exec-6 | cID:AAARoA | u:neha] INFO  TXLOGGER - Tx 67bcf9a9b818f_0_67bcf9a9b818f_0_: finished. Total: 0.00222 s, CPU [user: 0.01 s], Allocated memory: 409.1 kB, WeakPObjectList: [bulkResolves: 1 secondGetHits: 7 ]
2026-06-23 11:54:00,034 [ajp-nio-127.0.0.1-8889-exec-6 | cID:AAARoA] INFO  TXLOGGER - Summary for 'servlet /polarion/gwt/com.polarion.UI/UserDataService': Total: 0.00494 s, CPU [user: 0.01 s], Allocated memory: 1.1 MB, transactions: 1, WeakPObjectList: [bulkResolves: 1 secondGetHits: 7 ]
2026-06-23 11:54:01,247 [ajp-nio-127.0.0.1-8889-exec-3 | cID:AAARoQ | u:neha] INFO  com.polarion.reina.web.internal.server.ria.ServerLogger - 2026-5-23 15:24:2.240  ERROR: Unable to create editor for assignedLicense because the model is null.
2026-06-23 11:54:01,247 [ajp-nio-127.0.0.1-8889-exec-3 | cID:AAARoQ | u:neha] INFO  com.polarion.reina.web.internal.server.ria.ServerLogger - 2026-5-23 15:24:2.240  ERROR: Unable to create editor for assignedAddonLicenses because the model is null.
2026-06-23 11:54:02,046 [ajp-nio-127.0.0.1-8889-exec-10 | cID:AAARow] INFO  PolarionLicensing - User 'neha' logged out with concurrent REVIEWER
2026-06-23 11:54:02,046 [ajp-nio-127.0.0.1-8889-exec-10 | cID:AAARow] INFO  (SECURITY) com.polarion.platform.session.SsoUserRegistry - [AUTH-0009] - Session invalidated for user 'neha'.
2026-06-23 11:54:02,048 [ajp-nio-127.0.0.1-8889-exec-10 | cID:AAARow] INFO  PolarionLicensing - User 'neha' logged out with concurrent REVIEWER
2026-06-23 11:54:02,048 [ajp-nio-127.0.0.1-8889-exec-10 | cID:AAARow] INFO  (SECURITY) com.polarion.platform.session.SsoUserRegistry - [AUTH-0009] - Session invalidated for user 'neha'.
2026-06-23 11:54:02,048 [ajp-nio-127.0.0.1-8889-exec-10 | cID:AAARow] INFO  (SECURITY) com.polarion.platform.session.PolarionLocalSingleSignOn - [AUTH-0009] - User 'neha' logged out.
2026-06-23 11:54:11,510 [ajp-nio-127.0.0.1-8889-exec-8 | cID:AAARsA | u:p] INFO  (SECURITY) com.polarion.platform.internal.security.auth.LoginFlowUserPassword - [AUTH-0001] - User 'admin' authenticated. Source: portal/UNSET.
2026-06-23 11:54:11,510 [ajp-nio-127.0.0.1-8889-exec-8 | cID:AAARsA] INFO  (SECURITY) com.polarion.alm.projects.internal.PasswordLoginManager - [AUTH-0001] - User 'admin' logged in by 'Password' mechanism. Source: portal/UNSET.
2026-06-23 11:54:11,511 [ajp-nio-127.0.0.1-8889-exec-8 | cID:AAARsA] INFO  PolarionLicensing - STATS:concurrentALMUser,current:1,peak:1,limit:120000
2026-06-23 11:54:11,511 [ajp-nio-127.0.0.1-8889-exec-8 | cID:AAARsA] INFO  PolarionLicensing - STATS:concurrentVariantsUser,current:1,peak:1,limit:120000
2026-06-23 11:54:11,983 [ajp-nio-127.0.0.1-8889-exec-8 | cID:AAARsA] INFO  PolarionLicensing - User 'admin' logged in with concurrent ALM
2026-06-23 11:54:11,983 [ajp-nio-127.0.0.1-8889-exec-8 | cID:AAARsA] INFO  TXLOGGER - Summary for 'servlet /polarion/j_security_check': Total: 0.475 s, CPU [system: 0.00238 s], Allocated memory: 606.7 kB, transactions: 1, PolarionAuthenticator: 0.474 s [100% authenticate (1x)] (1x), SaltLicense: 0.472 s [100% userLoggedIn (1x)] (1x)
2026-06-23 11:54:13,383 [ajp-nio-127.0.0.1-8889-exec-1 | cID:AAARtg | u:admin] INFO  TXLOGGER - Tx 67bcf9b69dd92_0_67bcf9b69dd92_0_: finished. Total: 0.144 s, CPU [system: 0.00149 s], Allocated memory: 165.1 kB
2026-06-23 11:54:13,385 [ajp-nio-127.0.0.1-8889-exec-1 | cID:AAARtg] INFO  TXLOGGER - Summary for 'servlet /polarion/gwt/com.polarion.UI/PortalDataService': Total: 0.147 s, CPU [system: 0.00383 s], Allocated memory: 600.3 kB, transactions: 1, PortalDataService: 0.145 s [100% getInitData (1x)] (1x)
2026-06-23 11:54:14,845 [ajp-nio-127.0.0.1-8889-exec-1 | cID:AAARwA | u:admin] INFO  TXLOGGER - Tx 67bcf9b82d998_0_67bcf9b82d998_0_: finished. Total: 0.0072 s, CPU [system: 0.00654 s], Allocated memory: 2.9 MB, WeakPObjectList: [bulkResolves: 1 secondGetHits: 31 ]
2026-06-23 11:54:14,847 [ajp-nio-127.0.0.1-8889-exec-1 | cID:AAARwA] INFO  TXLOGGER - Summary for 'servlet /polarion/gwt/com.polarion.UI/UserDataService': Total: 0.0102 s, CPU [system: 0.00844 s], Allocated memory: 3.3 MB, transactions: 1, WeakPObjectList: [bulkResolves: 1 secondGetHits: 31 ]
2026-06-23 11:54:15,063 [ajp-nio-127.0.0.1-8889-exec-4 | cID:AAARwg | u:admin] INFO  TXLOGGER - Tx 67bcf9b86459a_0_67bcf9b86459a_0_: finished. Total: 0.00745 s, CPU [system: 0.00567 s], Allocated memory: 2.9 MB, WeakPObjectList: [bulkResolves: 1 secondGetHits: 31 ]
2026-06-23 11:54:15,068 [ajp-nio-127.0.0.1-8889-exec-4 | cID:AAARwg] INFO  TXLOGGER - Summary for 'servlet /polarion/gwt/com.polarion.UI/UserDataService': Total: 0.0136 s, CPU [system: 0.0075 s], Allocated memory: 3.3 MB, transactions: 1, WeakPObjectList: [bulkResolves: 1 secondGetHits: 31 ]
2026-06-23 11:54:15,239 [ajp-nio-127.0.0.1-8889-exec-2 | cID:AAARxw | u:admin] INFO  TXLOGGER - Tx 67bcf9b88b99d_0_67bcf9b88b99d_0_: finished. Total: 0.0258 s, CPU [system: 0.0144 s], Allocated memory: 3.3 MB, WeakPObjectList: [bulkResolves: 1 secondGetHits: 13 ]
2026-06-23 11:54:15,241 [ajp-nio-127.0.0.1-8889-exec-2 | cID:AAARxw] INFO  TXLOGGER - Summary for 'servlet /polarion/gwt/com.polarion.UI/UserDataService': Total: 0.0294 s, CPU [user: 0.01 s, system: 0.00773 s], Allocated memory: 4.5 MB, transactions: 1, UserDataService: 0.0261 s [100% loadUser (1x)] (1x), WeakPObjectList: [bulkResolves: 1 secondGetHits: 13 ]
2026-06-23 11:54:15,258 [ajp-nio-127.0.0.1-8889-exec-6 | cID:AAARyA | u:admin] INFO  TXLOGGER - Tx 67bcf9b893d9e_0_67bcf9b893d9e_0_: finished. Total: 0.0127 s, CPU [user: 0.01 s], Allocated memory: 3.3 MB, WeakPObjectList: [bulkResolves: 1 secondGetHits: 31 ]
2026-06-23 11:54:15,259 [ajp-nio-127.0.0.1-8889-exec-6 | cID:AAARyA] INFO  TXLOGGER - Summary for 'servlet /polarion/gwt/com.polarion.UI/UserDataService': Total: 0.0151 s, CPU [user: 0.01 s, system: 0.000488 s], Allocated memory: 3.8 MB, transactions: 1, UserDataService: 0.0129 s [100% getUsers (1x)] (1x), WeakPObjectList: [bulkResolves: 1 secondGetHits: 31 ]
2026-06-23 11:54:16,113 [ajp-nio-127.0.0.1-8889-exec-5 | cID:AAARyw | u:admin] INFO  TXLOGGER - Tx 67bcf9b96ad9f_0_67bcf9b96ad9f_0_: finished. Total: 0.00767 s, CPU [user: 0.01 s], Allocated memory: 3.0 MB, WeakPObjectList: [bulkResolves: 1 secondGetHits: 31 ]
2026-06-23 11:54:16,114 [ajp-nio-127.0.0.1-8889-exec-5 | cID:AAARyw] INFO  TXLOGGER - Summary for 'servlet /polarion/gwt/com.polarion.UI/UserDataService': Total: 0.00981 s, CPU [user: 0.01 s], Allocated memory: 3.4 MB, transactions: 1, WeakPObjectList: [bulkResolves: 1 secondGetHits: 31 ]
2026-06-23 11:54:16,897 [ajp-nio-127.0.0.1-8889-exec-4 | cID:AAARzg | u:admin] INFO  com.polarion.reina.web.internal.server.ria.ServerLogger - 2026-5-23 15:24:17.478  ERROR: Unable to create editor for assignedLicense because the model is null.
2026-06-23 11:54:16,897 [ajp-nio-127.0.0.1-8889-exec-4 | cID:AAARzg | u:admin] INFO  com.polarion.reina.web.internal.server.ria.ServerLogger - 2026-5-23 15:24:17.478  ERROR: Unable to create editor for assignedAddonLicenses because the model is null.
2026-06-23 11:55:06,904 [ajp-nio-127.0.0.1-8889-exec-9 | cID:AAARzw | u:admin] INFO  PolarionLicensing - STATS:concurrentReviewerUser,current:2,peak:2,limit:120000
2026-06-23 11:55:06,909 [ajp-nio-127.0.0.1-8889-exec-9 | cID:AAARzw | u:admin] INFO  TXLOGGER - Tx 67bcf9eb051a1_0_67bcf9eb051a1_0_: finished. Total: 0.0101 s, CPU [system: 0.00386 s], Allocated memory: 667.1 kB, WeakPObjectList: [bulkResolves: 1 secondGetHits: 13 ]
2026-06-23 11:55:06,910 [ajp-nio-127.0.0.1-8889-exec-9 | cID:AAARzw] INFO  TXLOGGER - Summary for 'servlet /polarion/gwt/com.polarion.UI/UserDataService': Total: 0.0138 s, CPU [system: 0.00725 s], Allocated memory: 1.3 MB, transactions: 1, UserDataService: 0.0104 s [100% loadUser (1x)] (1x), WeakPObjectList: [bulkResolves: 1 secondGetHits: 13 ]
2026-06-23 11:55:08,071 [ajp-nio-127.0.0.1-8889-exec-2 | cID:AAAR0Q | u:admin] INFO  com.polarion.reina.web.internal.server.ria.ServerLogger - 2026-5-23 15:25:9.72  ERROR: Unable to create editor for assignedLicense because the model is null.
2026-06-23 11:55:08,071 [ajp-nio-127.0.0.1-8889-exec-2 | cID:AAAR0Q | u:admin] INFO  com.polarion.reina.web.internal.server.ria.ServerLogger - 2026-5-23 15:25:9.72  ERROR: Unable to create editor for assignedAddonLicenses because the model is null.
2026-06-23 11:55:17,834 [ajp-nio-127.0.0.1-8889-exec-1 | cID:AAAR1A | u:admin] INFO  PolarionLicensing - STATS:concurrentReviewerUser,current:1,peak:2,limit:120000
2026-06-23 11:55:17,835 [ajp-nio-127.0.0.1-8889-exec-1 | cID:AAAR1A | u:admin] INFO  TXLOGGER - Tx 67bcf9f5b11a4_0_67bcf9f5b11a4_0_: finished. Total: 0.00813 s, CPU [system: 0.00306 s], Allocated memory: 569.8 kB, WeakPObjectList: [bulkResolves: 1 secondGetHits: 13 ]
2026-06-23 11:55:17,836 [ajp-nio-127.0.0.1-8889-exec-1 | cID:AAAR1A] INFO  TXLOGGER - Summary for 'servlet /polarion/gwt/com.polarion.UI/UserDataService': Total: 0.0142 s, CPU [user: 0.01 s], Allocated memory: 2.1 MB, transactions: 2, UserDataService: 0.0109 s [100% saveUser (1x)] (1x), WeakPObjectList: [bulkResolves: 1 secondGetHits: 13 ]
2026-06-23 11:55:18,189 [ajp-nio-127.0.0.1-8889-exec-10 | cID:AAAR1g | u:admin] INFO  TXLOGGER - Tx 67bcf9f60b1a5_0_67bcf9f60b1a5_0_: finished. Total: 0.00129 s, CPU [system: 0.00135 s], Allocated memory: 289.0 kB, WeakPObjectList: [bulkResolves: 1 secondGetHits: 7 ]
2026-06-23 11:55:18,189 [ajp-nio-127.0.0.1-8889-exec-10 | cID:AAAR1g] INFO  TXLOGGER - Summary for 'servlet /polarion/gwt/com.polarion.UI/UserDataService': Total: 0.00492 s, CPU [system: 0.00334 s], Allocated memory: 637.7 kB, transactions: 1, WeakPObjectList: [bulkResolves: 1 secondGetHits: 7 ]
2026-06-23 11:55:19,049 [ajp-nio-127.0.0.1-8889-exec-8 | cID:AAAR1w | u:admin] INFO  com.polarion.reina.web.internal.server.ria.ServerLogger - 2026-5-23 15:25:20.39  ERROR: Unable to create editor for assignedLicense because the model is null.
2026-06-23 11:55:19,049 [ajp-nio-127.0.0.1-8889-exec-8 | cID:AAAR1w | u:admin] INFO  com.polarion.reina.web.internal.server.ria.ServerLogger - 2026-5-23 15:25:20.39  ERROR: Unable to create editor for assignedAddonLicenses because the model is null.
2026-06-23 11:55:19,882 [ajp-nio-127.0.0.1-8889-exec-9 | cID:AAAR2Q | u:admin] INFO  RPC - "0.014","Load Rich Page for preview","/_default/Home (null, 1)"
2026-06-23 11:55:20,264 [ajp-nio-127.0.0.1-8889-exec-8 | cID:AAAR4Q | u:admin] INFO  RPC - "0.005","Render Widget for preview","/_default/Home (null, 1)/com.polarion.scriptBlock/polarion_client11"
2026-06-23 11:55:20,381 [ajp-nio-127.0.0.1-8889-exec-4 | cID:AAAR4g | u:admin] INFO  RPC - "0.004","Render Widget for preview","/_default/Home (null, 1)/com.polarion.scriptInline/polarion_wiki macro name=table;params=header=no|border=no|padding=0px|uid=client28_iw_1"
2026-06-23 11:55:20,404 [ajp-nio-127.0.0.1-8889-exec-7 | cID:AAAR5A | u:admin] INFO  RPC - "0.003","Render Widget for preview","/_default/Home (null, 1)/com.polarion.scriptInline/polarion_wiki macro name=table;params=header=no|border=no|padding=0px|uid=client28_iw_3"
2026-06-23 11:55:20,407 [ajp-nio-127.0.0.1-8889-exec-9 | cID:AAAR4w | u:admin] INFO  RPC - "0.003","Render Widget for preview","/_default/Home (null, 1)/com.polarion.scriptInline/polarion_wiki macro name=table;params=header=no|border=no|padding=0px|uid=client28_iw_2"
2026-06-23 11:55:20,419 [ajp-nio-127.0.0.1-8889-exec-6 | cID:AAAR5Q | u:admin] INFO  RPC - "0.003","Render Widget for preview","/_default/Home (null, 1)/com.polarion.scriptBlock/polarion_client45"
2026-06-23 11:55:22,029 [ajp-nio-127.0.0.1-8889-exec-4 | cID:AAAR7A] INFO  PolarionLicensing - User 'admin' logged out with concurrent ALM
2026-06-23 11:55:22,030 [ajp-nio-127.0.0.1-8889-exec-4 | cID:AAAR7A] INFO  (SECURITY) com.polarion.platform.session.SsoUserRegistry - [AUTH-0009] - Session invalidated for user 'admin'.
2026-06-23 11:55:22,030 [ajp-nio-127.0.0.1-8889-exec-4 | cID:AAAR7A] INFO  (SECURITY) com.polarion.platform.session.PolarionLocalSingleSignOn - [AUTH-0009] - User 'admin' logged out.
2026-06-23 11:55:22,030 [ajp-nio-127.0.0.1-8889-exec-4 | cID:AAAR7A] INFO  TXLOGGER - Summary for 'servlet /polarion/login/logout': Total: 0.113 s, CPU [system: 0.00122 s], Allocated memory: 77.4 kB, transactions: 0, SaltLicense: 0.113 s [100% userLoggedOut (1x)] (1x)
2026-06-23 11:55:43,338 [ajp-nio-127.0.0.1-8889-exec-8 | cID:AAAR9Q | u:p] INFO  (SECURITY) com.polarion.platform.internal.security.auth.LoginFlowUserPassword - [AUTH-0001] - User 'neha' authenticated. Source: portal/UNSET.
2026-06-23 11:55:43,339 [ajp-nio-127.0.0.1-8889-exec-8 | cID:AAAR9Q] INFO  (SECURITY) com.polarion.alm.projects.internal.PasswordLoginManager - [AUTH-0001] - User 'neha' logged in by 'Password' mechanism. Source: portal/UNSET.
2026-06-23 11:55:43,339 [ajp-nio-127.0.0.1-8889-exec-8 | cID:AAAR9Q] INFO  PolarionLicensing - STATS:concurrentProUser,current:1,peak:1,limit:120000
2026-06-23 11:55:43,399 [ajp-nio-127.0.0.1-8889-exec-7 | cID:AAAR9g | u:p] INFO  (SECURITY) com.polarion.platform.internal.security.auth.LoginFlowUserPassword - [AUTH-0001] - User 'neha' authenticated. Source: portal/UNSET.
2026-06-23 11:55:43,400 [ajp-nio-127.0.0.1-8889-exec-7 | cID:AAAR9g] INFO  (SECURITY) com.polarion.alm.projects.internal.PasswordLoginManager - [AUTH-0001] - User 'neha' logged in by 'Password' mechanism. Source: portal/UNSET.
2026-06-23 11:55:43,400 [ajp-nio-127.0.0.1-8889-exec-7 | cID:AAAR9g] INFO  PolarionLicensing - STATS:concurrentProUser,current:1,peak:1,limit:120000
2026-06-23 11:55:43,751 [ajp-nio-127.0.0.1-8889-exec-8 | cID:AAAR9Q] INFO  PolarionLicensing - User 'neha' logged in with concurrent PRO
2026-06-23 11:55:43,752 [ajp-nio-127.0.0.1-8889-exec-8 | cID:AAAR9Q] INFO  TXLOGGER - Summary for 'servlet /polarion/j_security_check': Total: 0.476 s, CPU [user: 0.06 s, system: 0.00357 s], Allocated memory: 357.7 kB, transactions: 1, PolarionAuthenticator: 0.476 s [100% authenticate (1x)] (1x), SaltLicense: 0.412 s [100% userLoggedIn (1x)] (1x)
2026-06-23 11:55:43,752 [ajp-nio-127.0.0.1-8889-exec-7 | cID:AAAR9g] INFO  PolarionLicensing - User 'neha' logged in with concurrent PRO
2026-06-23 11:55:43,752 [ajp-nio-127.0.0.1-8889-exec-7 | cID:AAAR9g] INFO  TXLOGGER - Summary for 'servlet /polarion/j_security_check': Total: 0.411 s, CPU [user: 0.06 s], Allocated memory: 355.5 kB, transactions: 1, PolarionAuthenticator: 0.411 s [100% authenticate (1x)] (1x), SaltLicense: 0.352 s [100% userLoggedIn (1x)] (1x)
2026-06-23 11:55:46,090 [ajp-nio-127.0.0.1-8889-exec-4 | cID:AAASFA | u:neha] INFO  TXLOGGER - Tx 67bcfa11495bd_0_67bcfa11495bd_0_: finished. Total: 0.00531 s, CPU [system: 0.00285 s], Allocated memory: 605.3 kB, WeakPObjectList: [bulkResolves: 1 secondGetHits: 13 ]
2026-06-23 11:55:46,091 [ajp-nio-127.0.0.1-8889-exec-4 | cID:AAASFA] INFO  TXLOGGER - Summary for 'servlet /polarion/gwt/com.polarion.UI/UserDataService': Total: 0.0078 s, CPU [system: 0.00517 s], Allocated memory: 1.2 MB, transactions: 1, WeakPObjectList: [bulkResolves: 1 secondGetHits: 13 ]
2026-06-23 11:55:46,486 [ajp-nio-127.0.0.1-8889-exec-7 | cID:AAASIg | u:neha] INFO  TXLOGGER - Tx 67bcfa11ac1c5_0_67bcfa11ac1c5_0_: finished. Total: 0.00714 s, CPU [user: 0.01 s], Allocated memory: 600.9 kB, WeakPObjectList: [bulkResolves: 1 secondGetHits: 13 ]
2026-06-23 11:55:46,487 [ajp-nio-127.0.0.1-8889-exec-7 | cID:AAASIg] INFO  TXLOGGER - Summary for 'servlet /polarion/gwt/com.polarion.UI/UserDataService': Total: 0.0105 s, CPU [user: 0.01 s], Allocated memory: 1.2 MB, transactions: 1, WeakPObjectList: [bulkResolves: 1 secondGetHits: 13 ]
2026-06-23 11:55:47,276 [ajp-nio-127.0.0.1-8889-exec-1 | cID:AAASJg | u:neha] INFO  com.polarion.reina.web.internal.server.ria.ServerLogger - 2026-5-23 15:25:46.603  ERROR: Unable to create editor for assignedLicense because the model is null.
2026-06-23 11:55:47,276 [ajp-nio-127.0.0.1-8889-exec-1 | cID:AAASJg | u:neha] INFO  com.polarion.reina.web.internal.server.ria.ServerLogger - 2026-5-23 15:25:46.603  ERROR: Unable to create editor for assignedAddonLicenses because the model is null.
2026-06-23 11:55:47,742 [ajp-nio-127.0.0.1-8889-exec-2 | cID:AAASJw | u:neha] INFO  com.polarion.reina.web.internal.server.ria.ServerLogger - 2026-5-23 15:25:48.735  ERROR: Unable to create editor for assignedLicense because the model is null.
2026-06-23 11:55:47,742 [ajp-nio-127.0.0.1-8889-exec-2 | cID:AAASJw | u:neha] INFO  com.polarion.reina.web.internal.server.ria.ServerLogger - 2026-5-23 15:25:48.735  ERROR: Unable to create editor for assignedAddonLicenses because the model is null.
2026-06-23 11:55:52,092 [ajp-nio-127.0.0.1-8889-exec-4 | cID:AAASKA] INFO  PolarionLicensing - User 'neha' logged out with concurrent PRO
2026-06-23 11:55:52,092 [ajp-nio-127.0.0.1-8889-exec-4 | cID:AAASKA] INFO  (SECURITY) com.polarion.platform.session.SsoUserRegistry - [AUTH-0009] - Session invalidated for user 'neha'.
2026-06-23 11:55:52,092 [ajp-nio-127.0.0.1-8889-exec-4 | cID:AAASKA] INFO  PolarionLicensing - User 'neha' logged out with concurrent PRO
2026-06-23 11:55:52,092 [ajp-nio-127.0.0.1-8889-exec-4 | cID:AAASKA] INFO  (SECURITY) com.polarion.platform.session.SsoUserRegistry - [AUTH-0009] - Session invalidated for user 'neha'.
2026-06-23 11:55:52,092 [ajp-nio-127.0.0.1-8889-exec-4 | cID:AAASKA] INFO  (SECURITY) com.polarion.platform.session.PolarionLocalSingleSignOn - [AUTH-0009] - User 'neha' logged out.
2026-06-23 11:56:07,740 [ajp-nio-127.0.0.1-8889-exec-5 | cID:AAASNw | u:p] INFO  (SECURITY) com.polarion.platform.internal.security.auth.LoginFlowUserPassword - [AUTH-0001] - User 'neha' authenticated. Source: portal/UNSET.
2026-06-23 11:56:07,741 [ajp-nio-127.0.0.1-8889-exec-5 | cID:AAASNw] INFO  (SECURITY) com.polarion.alm.projects.internal.PasswordLoginManager - [AUTH-0001] - User 'neha' logged in by 'Password' mechanism. Source: portal/UNSET.
2026-06-23 11:56:07,741 [ajp-nio-127.0.0.1-8889-exec-5 | cID:AAASNw] INFO  PolarionLicensing - STATS:concurrentProUser,current:1,peak:1,limit:120000
2026-06-23 11:56:07,896 [ajp-nio-127.0.0.1-8889-exec-1 | cID:AAASOA | u:p] INFO  (SECURITY) com.polarion.platform.internal.security.auth.LoginFlowUserPassword - [AUTH-0001] - User 'neha' authenticated. Source: portal/UNSET.
2026-06-23 11:56:07,896 [ajp-nio-127.0.0.1-8889-exec-1 | cID:AAASOA] INFO  (SECURITY) com.polarion.alm.projects.internal.PasswordLoginManager - [AUTH-0001] - User 'neha' logged in by 'Password' mechanism. Source: portal/UNSET.
2026-06-23 11:56:07,896 [ajp-nio-127.0.0.1-8889-exec-1 | cID:AAASOA] INFO  PolarionLicensing - STATS:concurrentProUser,current:1,peak:1,limit:120000
2026-06-23 11:56:08,160 [ajp-nio-127.0.0.1-8889-exec-5 | cID:AAASNw] INFO  PolarionLicensing - User 'neha' logged in with concurrent PRO
2026-06-23 11:56:08,160 [ajp-nio-127.0.0.1-8889-exec-5 | cID:AAASNw] INFO  TXLOGGER - Summary for 'servlet /polarion/j_security_check': Total: 0.481 s, CPU [user: 0.06 s, system: 0.00228 s], Allocated memory: 505.1 kB, transactions: 1, PolarionAuthenticator: 0.481 s [100% authenticate (1x)] (1x), SaltLicense: 0.419 s [100% userLoggedIn (1x)] (1x)
2026-06-23 11:56:08,161 [ajp-nio-127.0.0.1-8889-exec-1 | cID:AAASOA] INFO  PolarionLicensing - User 'neha' logged in with concurrent PRO
2026-06-23 11:56:08,161 [ajp-nio-127.0.0.1-8889-exec-1 | cID:AAASOA] INFO  TXLOGGER - Summary for 'servlet /polarion/j_security_check': Total: 0.323 s, CPU [user: 0.05 s, system: 0.00814 s], Allocated memory: 357.2 kB, transactions: 1, PolarionAuthenticator: 0.323 s [100% authenticate (1x)] (1x), SaltLicense: 0.265 s [100% userLoggedIn (1x)] (1x)
2026-06-23 11:56:10,461 [ajp-nio-127.0.0.1-8889-exec-4 | cID:AAASWg | u:neha] INFO  TXLOGGER - Tx 67bcfa29155d9_0_67bcfa29155d9_0_: finished. Total: 0.00843 s, CPU [system: 0.00401 s], Allocated memory: 600.6 kB, WeakPObjectList: [bulkResolves: 1 secondGetHits: 13 ]
2026-06-23 11:56:10,463 [ajp-nio-127.0.0.1-8889-exec-4 | cID:AAASWg] INFO  TXLOGGER - Summary for 'servlet /polarion/gwt/com.polarion.UI/UserDataService': Total: 0.0154 s, CPU [system: 0.00767 s], Allocated memory: 1.2 MB, transactions: 1, WeakPObjectList: [bulkResolves: 1 secondGetHits: 13 ]
2026-06-23 11:56:10,491 [ajp-nio-127.0.0.1-8889-exec-9 | cID:AAASYA | u:neha] INFO  TXLOGGER - Tx 67bcfa291d1dc_0_67bcfa291d1dc_0_: finished. Total: 0.00722 s, CPU [user: 0.01 s], Allocated memory: 600.6 kB, WeakPObjectList: [bulkResolves: 1 secondGetHits: 13 ]
2026-06-23 11:56:10,492 [ajp-nio-127.0.0.1-8889-exec-9 | cID:AAASYA] INFO  TXLOGGER - Summary for 'servlet /polarion/gwt/com.polarion.UI/UserDataService': Total: 0.01 s, CPU [user: 0.01 s], Allocated memory: 1.2 MB, transactions: 1, WeakPObjectList: [bulkResolves: 1 secondGetHits: 13 ]
2026-06-23 11:56:11,654 [ajp-nio-127.0.0.1-8889-exec-7 | cID:AAASZw | u:neha] INFO  com.polarion.reina.web.internal.server.ria.ServerLogger - 2026-5-23 15:26:12.638  ERROR: Unable to create editor for assignedLicense because the model is null.
2026-06-23 11:56:11,654 [ajp-nio-127.0.0.1-8889-exec-7 | cID:AAASZw | u:neha] INFO  com.polarion.reina.web.internal.server.ria.ServerLogger - 2026-5-23 15:26:12.638  ERROR: Unable to create editor for assignedAddonLicenses because the model is null.
2026-06-23 11:56:11,686 [ajp-nio-127.0.0.1-8889-exec-1 | cID:AAASaA | u:neha] INFO  com.polarion.reina.web.internal.server.ria.ServerLogger - 2026-5-23 15:26:11.0  ERROR: Unable to create editor for assignedLicense because the model is null.
2026-06-23 11:56:11,686 [ajp-nio-127.0.0.1-8889-exec-1 | cID:AAASaA | u:neha] INFO  com.polarion.reina.web.internal.server.ria.ServerLogger - 2026-5-23 15:26:11.0  ERROR: Unable to create editor for assignedAddonLicenses because the model is null.
2026-06-23 11:56:18,347 [ajp-nio-127.0.0.1-8889-exec-2 | cID:AAASbA] INFO  PolarionLicensing - User 'neha' logged out with concurrent PRO
2026-06-23 11:56:18,347 [ajp-nio-127.0.0.1-8889-exec-8 | cID:AAASaw] INFO  PolarionLicensing - User 'neha' logged out with concurrent PRO
2026-06-23 11:56:18,347 [ajp-nio-127.0.0.1-8889-exec-2 | cID:AAASbA] INFO  (SECURITY) com.polarion.platform.session.SsoUserRegistry - [AUTH-0009] - Session invalidated for user 'neha'.
2026-06-23 11:56:18,347 [ajp-nio-127.0.0.1-8889-exec-8 | cID:AAASaw] INFO  (SECURITY) com.polarion.platform.session.SsoUserRegistry - [AUTH-0009] - Session invalidated for user 'neha'.
2026-06-23 11:56:18,348 [ajp-nio-127.0.0.1-8889-exec-8 | cID:AAASaw] INFO  PolarionLicensing - User 'neha' logged out with concurrent PRO
2026-06-23 11:56:18,348 [ajp-nio-127.0.0.1-8889-exec-8 | cID:AAASaw] INFO  (SECURITY) com.polarion.platform.session.SsoUserRegistry - [AUTH-0009] - Session invalidated for user 'neha'.
2026-06-23 11:56:18,348 [ajp-nio-127.0.0.1-8889-exec-2 | cID:AAASbA] INFO  PolarionLicensing - User 'neha' logged out with concurrent PRO
2026-06-23 11:56:18,348 [ajp-nio-127.0.0.1-8889-exec-2 | cID:AAASbA] INFO  (SECURITY) com.polarion.platform.session.SsoUserRegistry - [AUTH-0009] - Session invalidated for user 'neha'.
2026-06-23 11:56:18,348 [ajp-nio-127.0.0.1-8889-exec-8 | cID:AAASaw] INFO  (SECURITY) com.polarion.platform.session.PolarionLocalSingleSignOn - [AUTH-0009] - User 'neha' logged out.
2026-06-23 11:56:18,348 [ajp-nio-127.0.0.1-8889-exec-2 | cID:AAASbA] INFO  (SECURITY) com.polarion.platform.session.PolarionLocalSingleSignOn - [AUTH-0009] - User 'neha' logged out.
2026-06-23 11:56:34,299 [ajp-nio-127.0.0.1-8889-exec-3 | cID:AAASeQ | u:p] INFO  (SECURITY) com.polarion.platform.internal.security.auth.LoginFlowUserPassword - [AUTH-0001] - User 'neha' authenticated. Source: portal/UNSET.
2026-06-23 11:56:34,300 [ajp-nio-127.0.0.1-8889-exec-3 | cID:AAASeQ] INFO  (SECURITY) com.polarion.alm.projects.internal.PasswordLoginManager - [AUTH-0001] - User 'neha' logged in by 'Password' mechanism. Source: portal/UNSET.
2026-06-23 11:56:34,300 [ajp-nio-127.0.0.1-8889-exec-3 | cID:AAASeQ] INFO  PolarionLicensing - STATS:concurrentProUser,current:1,peak:1,limit:120000
2026-06-23 11:56:34,312 [ajp-nio-127.0.0.1-8889-exec-10 | cID:AAASeg | u:p] INFO  (SECURITY) com.polarion.platform.internal.security.auth.LoginFlowUserPassword - [AUTH-0001] - User 'neha' authenticated. Source: portal/UNSET.
2026-06-23 11:56:34,313 [ajp-nio-127.0.0.1-8889-exec-10 | cID:AAASeg] INFO  (SECURITY) com.polarion.alm.projects.internal.PasswordLoginManager - [AUTH-0001] - User 'neha' logged in by 'Password' mechanism. Source: portal/UNSET.
2026-06-23 11:56:34,313 [ajp-nio-127.0.0.1-8889-exec-10 | cID:AAASeg] INFO  PolarionLicensing - STATS:concurrentProUser,current:1,peak:1,limit:120000
2026-06-23 11:56:34,684 [ajp-nio-127.0.0.1-8889-exec-10 | cID:AAASeg] INFO  PolarionLicensing - User 'neha' logged in with concurrent PRO
2026-06-23 11:56:34,684 [ajp-nio-127.0.0.1-8889-exec-3 | cID:AAASeQ] INFO  PolarionLicensing - User 'neha' logged in with concurrent PRO
2026-06-23 11:56:34,684 [ajp-nio-127.0.0.1-8889-exec-3 | cID:AAASeQ] INFO  TXLOGGER - Summary for 'servlet /polarion/j_security_check': Total: 0.448 s, CPU [user: 0.06 s], Allocated memory: 355.3 kB, transactions: 1, PolarionAuthenticator: 0.448 s [100% authenticate (1x)] (1x), SaltLicense: 0.384 s [100% userLoggedIn (1x)] (1x)
2026-06-23 11:56:34,684 [ajp-nio-127.0.0.1-8889-exec-10 | cID:AAASeg] INFO  TXLOGGER - Summary for 'servlet /polarion/j_security_check': Total: 0.429 s, CPU [user: 0.05 s, system: 0.00776 s], Allocated memory: 357.1 kB, transactions: 1, PolarionAuthenticator: 0.429 s [100% authenticate (1x)] (1x), SaltLicense: 0.371 s [100% userLoggedIn (1x)] (1x)
2026-06-23 11:56:36,930 [ajp-nio-127.0.0.1-8889-exec-10 | cID:AAASmA | u:neha] INFO  TXLOGGER - Tx 67bcfa42ef5ed_0_67bcfa42ef5ed_0_: finished. Total: 0.00532 s, CPU [system: 0.00284 s], Allocated memory: 606.3 kB, WeakPObjectList: [bulkResolves: 1 secondGetHits: 13 ]
2026-06-23 11:56:36,933 [ajp-nio-127.0.0.1-8889-exec-10 | cID:AAASmA] INFO  TXLOGGER - Summary for 'servlet /polarion/gwt/com.polarion.UI/UserDataService': Total: 0.00995 s, CPU [user: 0.01 s], Allocated memory: 1.2 MB, transactions: 1, WeakPObjectList: [bulkResolves: 1 secondGetHits: 13 ]
2026-06-23 11:56:37,347 [ajp-nio-127.0.0.1-8889-exec-7 | cID:AAASpA | u:neha] INFO  TXLOGGER - Tx 67bcfa4357df4_0_67bcfa4357df4_0_: finished. Total: 0.00517 s, CPU [system: 0.00343 s], Allocated memory: 594.3 kB, WeakPObjectList: [bulkResolves: 1 secondGetHits: 13 ]
2026-06-23 11:56:37,349 [ajp-nio-127.0.0.1-8889-exec-7 | cID:AAASpA] INFO  TXLOGGER - Summary for 'servlet /polarion/gwt/com.polarion.UI/UserDataService': Total: 0.00845 s, CPU [user: 0.01 s], Allocated memory: 1.2 MB, transactions: 1, WeakPObjectList: [bulkResolves: 1 secondGetHits: 13 ]
2026-06-23 11:56:38,159 [ajp-nio-127.0.0.1-8889-exec-6 | cID:AAASqQ | u:neha] INFO  com.polarion.reina.web.internal.server.ria.ServerLogger - 2026-5-23 15:26:39.99  ERROR: Unable to create editor for assignedLicense because the model is null.
2026-06-23 11:56:38,159 [ajp-nio-127.0.0.1-8889-exec-6 | cID:AAASqQ | u:neha] INFO  com.polarion.reina.web.internal.server.ria.ServerLogger - 2026-5-23 15:26:39.99  ERROR: Unable to create editor for assignedAddonLicenses because the model is null.
2026-06-23 11:56:38,535 [ajp-nio-127.0.0.1-8889-exec-8 | cID:AAASqg | u:neha] INFO  com.polarion.reina.web.internal.server.ria.ServerLogger - 2026-5-23 15:26:37.858  ERROR: Unable to create editor for assignedLicense because the model is null.
2026-06-23 11:56:38,535 [ajp-nio-127.0.0.1-8889-exec-8 | cID:AAASqg | u:neha] INFO  com.polarion.reina.web.internal.server.ria.ServerLogger - 2026-5-23 15:26:37.858  ERROR: Unable to create editor for assignedAddonLicenses because the model is null.
2026-06-23 11:56:42,102 [ajp-nio-127.0.0.1-8889-exec-9 | cID:AAASrQ | u:neha] INFO  RPC - "0.017","Load Rich Page for preview","/_default/Home (null, 1)"
2026-06-23 11:56:42,360 [ajp-nio-127.0.0.1-8889-exec-5 | cID:AAASsg | u:neha] INFO  RPC - "0.005","Render Widget for preview","/_default/Home (null, 1)/com.polarion.scriptBlock/polarion_client11"
2026-06-23 11:56:42,463 [ajp-nio-127.0.0.1-8889-exec-6 | cID:AAASsw | u:neha] INFO  RPC - "0.004","Render Widget for preview","/_default/Home (null, 1)/com.polarion.scriptInline/polarion_wiki macro name=table;params=header=no|border=no|padding=0px|uid=client28_iw_1"
2026-06-23 11:56:42,474 [ajp-nio-127.0.0.1-8889-exec-8 | cID:AAAStA | u:neha] INFO  RPC - "0.003","Render Widget for preview","/_default/Home (null, 1)/com.polarion.scriptInline/polarion_wiki macro name=table;params=header=no|border=no|padding=0px|uid=client28_iw_2"
2026-06-23 11:56:42,478 [ajp-nio-127.0.0.1-8889-exec-3 | cID:AAAStQ | u:neha] INFO  RPC - "0.004","Render Widget for preview","/_default/Home (null, 1)/com.polarion.scriptInline/polarion_wiki macro name=table;params=header=no|border=no|padding=0px|uid=client28_iw_3"
2026-06-23 11:56:42,512 [ajp-nio-127.0.0.1-8889-exec-1 | cID:AAAStg | u:neha] INFO  RPC - "0.006","Render Widget for preview","/_default/Home (null, 1)/com.polarion.scriptBlock/polarion_client45"
2026-06-23 11:56:43,463 [ajp-nio-127.0.0.1-8889-exec-8 | cID:AAASvg | u:neha] INFO  RPC - "0.020","Load Rich Page for preview","/_default/Home (null, 1)"
2026-06-23 11:56:43,826 [ajp-nio-127.0.0.1-8889-exec-7 | cID:AAASww | u:neha] INFO  RPC - "0.004","Render Widget for preview","/_default/Home (null, 1)/com.polarion.scriptInline/polarion_wiki macro name=table;params=header=no|border=no|padding=0px|uid=client28_iw_1"
2026-06-23 11:56:43,826 [ajp-nio-127.0.0.1-8889-exec-2 | cID:AAASwg | u:neha] INFO  RPC - "0.008","Render Widget for preview","/_default/Home (null, 1)/com.polarion.scriptBlock/polarion_client11"
2026-06-23 11:56:43,995 [ajp-nio-127.0.0.1-8889-exec-4 | cID:AAASxQ | u:neha] INFO  RPC - "0.004","Render Widget for preview","/_default/Home (null, 1)/com.polarion.scriptInline/polarion_wiki macro name=table;params=header=no|border=no|padding=0px|uid=client28_iw_2"
2026-06-23 11:56:43,997 [ajp-nio-127.0.0.1-8889-exec-5 | cID:AAASxg | u:neha] INFO  RPC - "0.005","Render Widget for preview","/_default/Home (null, 1)/com.polarion.scriptBlock/polarion_client45"
2026-06-23 11:56:43,998 [ajp-nio-127.0.0.1-8889-exec-10 | cID:AAASxA | u:neha] INFO  RPC - "0.007","Render Widget for preview","/_default/Home (null, 1)/com.polarion.scriptInline/polarion_wiki macro name=table;params=header=no|border=no|padding=0px|uid=client28_iw_3"
2026-06-23 11:56:48,317 [ajp-nio-127.0.0.1-8889-exec-3 | cID:AAAS0g] INFO  PolarionLicensing - User 'neha' logged out with concurrent PRO
2026-06-23 11:56:48,317 [ajp-nio-127.0.0.1-8889-exec-3 | cID:AAAS0g] INFO  (SECURITY) com.polarion.platform.session.SsoUserRegistry - [AUTH-0009] - Session invalidated for user 'neha'.
2026-06-23 11:56:48,317 [ajp-nio-127.0.0.1-8889-exec-3 | cID:AAAS0g] INFO  PolarionLicensing - User 'neha' logged out with concurrent PRO
2026-06-23 11:56:48,317 [ajp-nio-127.0.0.1-8889-exec-3 | cID:AAAS0g] INFO  (SECURITY) com.polarion.platform.session.SsoUserRegistry - [AUTH-0009] - Session invalidated for user 'neha'.
2026-06-23 11:56:48,317 [ajp-nio-127.0.0.1-8889-exec-3 | cID:AAAS0g] INFO  (SECURITY) com.polarion.platform.session.PolarionLocalSingleSignOn - [AUTH-0009] - User 'neha' logged out.
2026-06-23 11:57:07,278 [ajp-nio-127.0.0.1-8889-exec-1 | cID:AAAS3w | u:p] INFO  (SECURITY) com.polarion.platform.internal.security.auth.LoginFlowUserPassword - [AUTH-0001] - User 'neha' authenticated. Source: portal/UNSET.
2026-06-23 11:57:07,280 [ajp-nio-127.0.0.1-8889-exec-1 | cID:AAAS3w] INFO  (SECURITY) com.polarion.alm.projects.internal.PasswordLoginManager - [AUTH-0001] - User 'neha' logged in by 'Password' mechanism. Source: portal/UNSET.
2026-06-23 11:57:07,280 [ajp-nio-127.0.0.1-8889-exec-1 | cID:AAAS3w] INFO  PolarionLicensing - STATS:concurrentProUser,current:1,peak:1,limit:120000
2026-06-23 11:57:07,687 [ajp-nio-127.0.0.1-8889-exec-1 | cID:AAAS3w] INFO  PolarionLicensing - User 'neha' logged in with concurrent PRO
2026-06-23 11:57:07,692 [ajp-nio-127.0.0.1-8889-exec-1 | cID:AAAS3w] INFO  TXLOGGER - Summary for 'servlet /polarion/j_security_check': Total: 0.468 s, CPU [user: 0.06 s], Allocated memory: 502.9 kB, transactions: 1, PolarionAuthenticator: 0.468 s [100% authenticate (1x)] (1x), SaltLicense: 0.407 s [100% userLoggedIn (1x)] (1x)
2026-06-23 11:57:07,953 [ajp-nio-127.0.0.1-8889-exec-2 | cID:AAAS4g | u:p] INFO  (SECURITY) com.polarion.platform.internal.security.auth.LoginFlowUserPassword - [AUTH-0001] - User 'neha' authenticated. Source: portal/UNSET.
2026-06-23 11:57:07,954 [ajp-nio-127.0.0.1-8889-exec-2 | cID:AAAS4g] INFO  (SECURITY) com.polarion.alm.projects.internal.PasswordLoginManager - [AUTH-0001] - User 'neha' logged in by 'Password' mechanism. Source: portal/UNSET.
2026-06-23 11:57:07,955 [ajp-nio-127.0.0.1-8889-exec-2 | cID:AAAS4g] INFO  PolarionLicensing - STATS:concurrentProUser,current:1,peak:1,limit:120000
2026-06-23 11:57:07,955 [ajp-nio-127.0.0.1-8889-exec-2 | cID:AAAS4g] INFO  PolarionLicensing - User 'neha' logged in with concurrent PRO
2026-06-23 11:57:09,726 [ajp-nio-127.0.0.1-8889-exec-7 | cID:AAAS8w | u:neha] INFO  RPC - "0.016","Load Rich Page for preview","/_default/Home (null, 1)"
2026-06-23 11:57:09,969 [ajp-nio-127.0.0.1-8889-exec-7 | cID:AAAS_Q | u:neha] INFO  RPC - "0.005","Render Widget for preview","/_default/Home (null, 1)/com.polarion.scriptBlock/polarion_client11"
2026-06-23 11:57:10,041 [ajp-nio-127.0.0.1-8889-exec-2 | cID:AAATAA | u:neha] INFO  RPC - "0.004","Render Widget for preview","/_default/Home (null, 1)/com.polarion.scriptInline/polarion_wiki macro name=table;params=header=no|border=no|padding=0px|uid=client28_iw_1"
2026-06-23 11:57:10,064 [ajp-nio-127.0.0.1-8889-exec-5 | cID:AAATAQ | u:neha] INFO  RPC - "0.003","Render Widget for preview","/_default/Home (null, 1)/com.polarion.scriptInline/polarion_wiki macro name=table;params=header=no|border=no|padding=0px|uid=client28_iw_2"
2026-06-23 11:57:10,084 [ajp-nio-127.0.0.1-8889-exec-10 | cID:AAATAw | u:neha] INFO  RPC - "0.003","Render Widget for preview","/_default/Home (null, 1)/com.polarion.scriptBlock/polarion_client45"
2026-06-23 11:57:10,085 [ajp-nio-127.0.0.1-8889-exec-6 | cID:AAATAg | u:neha] INFO  RPC - "0.007","Render Widget for preview","/_default/Home (null, 1)/com.polarion.scriptInline/polarion_wiki macro name=table;params=header=no|border=no|padding=0px|uid=client28_iw_3"
2026-06-23 11:57:10,245 [ajp-nio-127.0.0.1-8889-exec-9 | cID:AAATBQ | u:neha] INFO  RPC - "0.020","Load Rich Page for preview","/_default/Home (null, 1)"
2026-06-23 11:57:10,493 [ajp-nio-127.0.0.1-8889-exec-1 | cID:AAATEQ | u:neha] INFO  RPC - "0.006","Render Widget for preview","/_default/Home (null, 1)/com.polarion.scriptBlock/polarion_client11"
2026-06-23 11:57:10,565 [ajp-nio-127.0.0.1-8889-exec-2 | cID:AAATFA | u:neha] INFO  RPC - "0.008","Render Widget for preview","/_default/Home (null, 1)/com.polarion.scriptInline/polarion_wiki macro name=table;params=header=no|border=no|padding=0px|uid=client28_iw_1"
2026-06-23 11:57:10,689 [ajp-nio-127.0.0.1-8889-exec-10 | cID:AAATFw | u:neha] INFO  RPC - "0.007","Render Widget for preview","/_default/Home (null, 1)/com.polarion.scriptBlock/polarion_client45"
2026-06-23 11:57:10,689 [ajp-nio-127.0.0.1-8889-exec-3 | cID:AAATFg | u:neha] INFO  RPC - "0.007","Render Widget for preview","/_default/Home (null, 1)/com.polarion.scriptInline/polarion_wiki macro name=table;params=header=no|border=no|padding=0px|uid=client28_iw_3"
2026-06-23 11:57:10,689 [ajp-nio-127.0.0.1-8889-exec-6 | cID:AAATFQ | u:neha] INFO  RPC - "0.020","Render Widget for preview","/_default/Home (null, 1)/com.polarion.scriptInline/polarion_wiki macro name=table;params=header=no|border=no|padding=0px|uid=client28_iw_2"
2026-06-23 11:57:14,627 [ajp-nio-127.0.0.1-8889-exec-3 | cID:AAATHw] INFO  PolarionLicensing - User 'neha' logged out with concurrent PRO
2026-06-23 11:57:14,627 [ajp-nio-127.0.0.1-8889-exec-3 | cID:AAATHw] INFO  (SECURITY) com.polarion.platform.session.SsoUserRegistry - [AUTH-0009] - Session invalidated for user 'neha'.
2026-06-23 11:57:14,627 [ajp-nio-127.0.0.1-8889-exec-3 | cID:AAATHw] INFO  PolarionLicensing - User 'neha' logged out with concurrent PRO
2026-06-23 11:57:14,627 [ajp-nio-127.0.0.1-8889-exec-3 | cID:AAATHw] INFO  (SECURITY) com.polarion.platform.session.SsoUserRegistry - [AUTH-0009] - Session invalidated for user 'neha'.
2026-06-23 11:57:14,627 [ajp-nio-127.0.0.1-8889-exec-3 | cID:AAATHw] INFO  (SECURITY) com.polarion.platform.session.PolarionLocalSingleSignOn - [AUTH-0009] - User 'neha' logged out.
2026-06-23 11:57:28,038 [ajp-nio-127.0.0.1-8889-exec-8 | cID:AAATLA | u:p] INFO  (SECURITY) com.polarion.platform.internal.security.auth.LoginFlowUserPassword - [AUTH-0001] - User 'admin' authenticated. Source: portal/UNSET.
2026-06-23 11:57:28,039 [ajp-nio-127.0.0.1-8889-exec-8 | cID:AAATLA] INFO  (SECURITY) com.polarion.alm.projects.internal.PasswordLoginManager - [AUTH-0001] - User 'admin' logged in by 'Password' mechanism. Source: portal/UNSET.
2026-06-23 11:57:28,039 [ajp-nio-127.0.0.1-8889-exec-8 | cID:AAATLA] INFO  PolarionLicensing - STATS:concurrentALMUser,current:1,peak:1,limit:120000
2026-06-23 11:57:28,039 [ajp-nio-127.0.0.1-8889-exec-8 | cID:AAATLA] INFO  PolarionLicensing - STATS:concurrentVariantsUser,current:1,peak:1,limit:120000
2026-06-23 11:57:28,453 [ajp-nio-127.0.0.1-8889-exec-8 | cID:AAATLA] INFO  PolarionLicensing - User 'admin' logged in with concurrent ALM
2026-06-23 11:57:28,454 [ajp-nio-127.0.0.1-8889-exec-8 | cID:AAATLA] INFO  TXLOGGER - Summary for 'servlet /polarion/j_security_check': Total: 0.416 s, CPU [system: 0.00207 s], Allocated memory: 604.9 kB, transactions: 1, PolarionAuthenticator: 0.416 s [100% authenticate (1x)] (1x), SaltLicense: 0.414 s [100% userLoggedIn (1x)] (1x)
2026-06-23 11:57:30,180 [ajp-nio-127.0.0.1-8889-exec-2 | cID:AAATMg | u:admin] INFO  TXLOGGER - Tx 67bcfa76cfe26_0_67bcfa76cfe26_0_: finished. Total: 0.133 s, CPU [system: 0.00127 s], Allocated memory: 164.4 kB
2026-06-23 11:57:30,180 [ajp-nio-127.0.0.1-8889-exec-2 | cID:AAATMg] INFO  TXLOGGER - Summary for 'servlet /polarion/gwt/com.polarion.UI/PortalDataService': Total: 0.136 s, CPU [system: 0.00352 s], Allocated memory: 599.7 kB, transactions: 1, PortalDataService: 0.134 s [100% getInitData (1x)] (1x)
2026-06-23 11:57:30,919 [ajp-nio-127.0.0.1-8889-exec-9 | cID:AAATOw | u:admin] INFO  TXLOGGER - Tx 67bcfa77a822b_0_67bcfa77a822b_0_: finished. Total: 0.00468 s, CPU [system: 0.00473 s], Allocated memory: 2.7 MB, WeakPObjectList: [bulkResolves: 1 secondGetHits: 31 ]
2026-06-23 11:57:30,920 [ajp-nio-127.0.0.1-8889-exec-9 | cID:AAATOw] INFO  TXLOGGER - Summary for 'servlet /polarion/gwt/com.polarion.UI/UserDataService': Total: 0.0102 s, CPU [system: 0.00657 s], Allocated memory: 3.2 MB, transactions: 1, WeakPObjectList: [bulkResolves: 1 secondGetHits: 31 ]
2026-06-23 11:57:31,092 [ajp-nio-127.0.0.1-8889-exec-6 | cID:AAATPg | u:admin] INFO  TXLOGGER - Tx 67bcfa77d262d_0_67bcfa77d262d_0_: finished. Total: 0.0118 s, CPU [system: 0.00625 s], Allocated memory: 2.7 MB, WeakPObjectList: [bulkResolves: 1 secondGetHits: 31 ]
2026-06-23 11:57:31,093 [ajp-nio-127.0.0.1-8889-exec-6 | cID:AAATPg] INFO  TXLOGGER - Summary for 'servlet /polarion/gwt/com.polarion.UI/UserDataService': Total: 0.0145 s, CPU [user: 0.01 s], Allocated memory: 3.1 MB, transactions: 1, UserDataService: 0.012 s [100% getUsers (1x)] (1x), WeakPObjectList: [bulkResolves: 1 secondGetHits: 31 ]
2026-06-23 11:57:31,242 [ajp-nio-127.0.0.1-8889-exec-4 | cID:AAATRA | u:admin] INFO  TXLOGGER - Tx 67bcfa77f9a31_0_67bcfa77f9a31_0_: finished. Total: 0.00518 s, CPU [user: 0.01 s], Allocated memory: 3.0 MB, WeakPObjectList: [bulkResolves: 1 secondGetHits: 31 ]
2026-06-23 11:57:31,245 [ajp-nio-127.0.0.1-8889-exec-4 | cID:AAATRA] INFO  TXLOGGER - Summary for 'servlet /polarion/gwt/com.polarion.UI/UserDataService': Total: 0.00983 s, CPU [user: 0.01 s], Allocated memory: 3.4 MB, transactions: 1, WeakPObjectList: [bulkResolves: 1 secondGetHits: 31 ]
2026-06-23 11:57:31,270 [ajp-nio-127.0.0.1-8889-exec-9 | cID:AAATRg | u:admin] INFO  TXLOGGER - Tx 67bcfa77ff233_0_67bcfa77ff233_0_: finished. Total: 0.00492 s, CPU [user: 0.01 s], Allocated memory: 3.0 MB, WeakPObjectList: [bulkResolves: 1 secondGetHits: 31 ]
2026-06-23 11:57:31,271 [ajp-nio-127.0.0.1-8889-exec-9 | cID:AAATRg] INFO  TXLOGGER - Summary for 'servlet /polarion/gwt/com.polarion.UI/UserDataService': Total: 0.0135 s, CPU [user: 0.01 s], Allocated memory: 3.4 MB, transactions: 1, UserDataService: 0.0117 s [100% getUsers (1x)] (1x), WeakPObjectList: [bulkResolves: 1 secondGetHits: 31 ]
2026-06-23 11:57:31,273 [ajp-nio-127.0.0.1-8889-exec-2 | cID:AAATRQ | u:admin] INFO  TXLOGGER - Tx 67bcfa77fc232_0_67bcfa77fc232_0_: finished. Total: 0.0267 s, CPU [user: 0.01 s, system: 0.0000856 s], Allocated memory: 3.2 MB, WeakPObjectList: [bulkResolves: 1 secondGetHits: 13 ]
2026-06-23 11:57:31,275 [ajp-nio-127.0.0.1-8889-exec-2 | cID:AAATRQ] INFO  TXLOGGER - Summary for 'servlet /polarion/gwt/com.polarion.UI/UserDataService': Total: 0.0293 s, CPU [user: 0.01 s, system: 0.00262 s], Allocated memory: 4.4 MB, transactions: 1, UserDataService: 0.0269 s [100% loadUser (1x)] (1x), WeakPObjectList: [bulkResolves: 1 secondGetHits: 13 ]
2026-06-23 11:57:32,525 [ajp-nio-127.0.0.1-8889-exec-5 | cID:AAATSg | u:admin] INFO  com.polarion.reina.web.internal.server.ria.ServerLogger - 2026-5-23 15:27:33.522  ERROR: Unable to create editor for assignedLicense because the model is null.
2026-06-23 11:57:32,525 [ajp-nio-127.0.0.1-8889-exec-5 | cID:AAATSg | u:admin] INFO  com.polarion.reina.web.internal.server.ria.ServerLogger - 2026-5-23 15:27:33.522  ERROR: Unable to create editor for assignedAddonLicenses because the model is null.
2026-06-23 11:57:33,830 [ajp-nio-127.0.0.1-8889-exec-6 | cID:AAATSw | u:admin] INFO  TXLOGGER - Tx 67bcfa7a80e35_0_67bcfa7a80e35_0_: finished. Total: 0.00361 s, CPU [user: 0.01 s], Allocated memory: 564.4 kB, WeakPObjectList: [bulkResolves: 1 secondGetHits: 13 ]
2026-06-23 11:57:33,831 [ajp-nio-127.0.0.1-8889-exec-6 | cID:AAATSw] INFO  TXLOGGER - Summary for 'servlet /polarion/gwt/com.polarion.UI/UserDataService': Total: 0.00608 s, CPU [user: 0.01 s], Allocated memory: 1.2 MB, transactions: 1, WeakPObjectList: [bulkResolves: 1 secondGetHits: 13 ]
2026-06-23 11:57:35,041 [ajp-nio-127.0.0.1-8889-exec-4 | cID:AAATTQ | u:admin] INFO  com.polarion.reina.web.internal.server.ria.ServerLogger - 2026-5-23 15:27:36.4  ERROR: Unable to create editor for assignedLicense because the model is null.
2026-06-23 11:57:35,041 [ajp-nio-127.0.0.1-8889-exec-4 | cID:AAATTQ | u:admin] INFO  com.polarion.reina.web.internal.server.ria.ServerLogger - 2026-5-23 15:27:36.4  ERROR: Unable to create editor for assignedAddonLicenses because the model is null.
2026-06-23 11:57:41,470 [ajp-nio-127.0.0.1-8889-exec-7 | cID:AAATTg | u:admin] INFO  TXLOGGER - Tx 67bcfa81f6a37_0_67bcfa81f6a37_0_: finished. Total: 0.00466 s, CPU [system: 0.00294 s], Allocated memory: 596.4 kB, WeakPObjectList: [bulkResolves: 1 secondGetHits: 13 ]
2026-06-23 11:57:41,471 [ajp-nio-127.0.0.1-8889-exec-7 | cID:AAATTg] INFO  TXLOGGER - Summary for 'servlet /polarion/gwt/com.polarion.UI/UserDataService': Total: 0.00763 s, CPU [system: 0.00583 s], Allocated memory: 1.2 MB, transactions: 1, WeakPObjectList: [bulkResolves: 1 secondGetHits: 13 ]
2026-06-23 11:57:42,860 [ajp-nio-127.0.0.1-8889-exec-2 | cID:AAATUA | u:admin] INFO  com.polarion.reina.web.internal.server.ria.ServerLogger - 2026-5-23 15:27:43.704  ERROR: Unable to create editor for assignedLicense because the model is null.
2026-06-23 11:57:42,860 [ajp-nio-127.0.0.1-8889-exec-2 | cID:AAATUA | u:admin] INFO  com.polarion.reina.web.internal.server.ria.ServerLogger - 2026-5-23 15:27:43.704  ERROR: Unable to create editor for assignedAddonLicenses because the model is null.
2026-06-23 11:57:45,301 [ajp-nio-127.0.0.1-8889-exec-3 | cID:AAATUQ | u:admin] INFO  TXLOGGER - Tx 67bcfa85b4239_0_67bcfa85b4239_0_: finished. Total: 0.0057 s, CPU [system: 0.00242 s], Allocated memory: 564.7 kB, WeakPObjectList: [bulkResolves: 1 secondGetHits: 13 ]
2026-06-23 11:57:45,302 [ajp-nio-127.0.0.1-8889-exec-3 | cID:AAATUQ] INFO  TXLOGGER - Summary for 'servlet /polarion/gwt/com.polarion.UI/UserDataService': Total: 0.00824 s, CPU [user: 0.01 s], Allocated memory: 1.2 MB, transactions: 1, WeakPObjectList: [bulkResolves: 1 secondGetHits: 13 ]
2026-06-23 11:57:46,492 [ajp-nio-127.0.0.1-8889-exec-8 | cID:AAATUw | u:admin] INFO  com.polarion.reina.web.internal.server.ria.ServerLogger - 2026-5-23 15:27:47.479  ERROR: Unable to create editor for assignedLicense because the model is null.
2026-06-23 11:57:46,492 [ajp-nio-127.0.0.1-8889-exec-8 | cID:AAATUw | u:admin] INFO  com.polarion.reina.web.internal.server.ria.ServerLogger - 2026-5-23 15:27:47.479  ERROR: Unable to create editor for assignedAddonLicenses because the model is null.
2026-06-23 11:58:01,827 [ajp-nio-127.0.0.1-8889-exec-6 | cID:AAATVQ | u:admin] INFO  TXLOGGER - Tx 67bcfa95d8a3b_0_67bcfa95d8a3b_0_: finished. Total: 0.0017 s, CPU [system: 0.00176 s], Allocated memory: 365.4 kB, WeakPObjectList: [bulkResolves: 1 secondGetHits: 7 ]
2026-06-23 11:58:01,828 [ajp-nio-127.0.0.1-8889-exec-6 | cID:AAATVQ] INFO  TXLOGGER - Summary for 'servlet /polarion/gwt/com.polarion.UI/UserDataService': Total: 0.00442 s, CPU [system: 0.00427 s], Allocated memory: 1.0 MB, transactions: 1, WeakPObjectList: [bulkResolves: 1 secondGetHits: 7 ]
2026-06-23 11:58:42,424 [ajp-nio-127.0.0.1-8889-exec-4 | cID:AAATVw | u:admin] INFO  (SECURITY) com.polarion.platform.persistence.internal.DataService - [AUTH-0109] - User 'admin' created a new user account 'neha1'.
2026-06-23 11:58:42,485 [ajp-nio-127.0.0.1-8889-exec-4 | cID:AAATVw | u:admin] INFO  (SECURITY) com.polarion.platform.repository.driver.svn.internal.security.SVNAuthenticationSource - [ACCESS-0004] - Assigned global role 'everyone' to user 'neha1'.
2026-06-23 11:58:42,489 [ajp-nio-127.0.0.1-8889-exec-4 | cID:AAATVw | u:admin] INFO  (SECURITY) com.polarion.platform.repository.internal.config.RepositoryConfigService - [ACCESS-0004] - Updated global user role assignments.
2026-06-23 11:58:42,490 [ajp-nio-127.0.0.1-8889-exec-4 | cID:AAATVw | u:admin] INFO  (SECURITY) com.polarion.platform.internal.security.SecurityService - [AUTH-0109] - User 'admin' registered a new user 'neha1'.
2026-06-23 11:58:42,549 [ajp-nio-127.0.0.1-8889-exec-4 | cID:AAATVw | u:admin] INFO  (SECURITY) com.polarion.platform.internal.security.SecurityService - [AUTH-0104] - Password changed for user 'neha1'.
2026-06-23 11:58:42,549 [ajp-nio-127.0.0.1-8889-exec-4 | cID:AAATVw | u:admin] INFO  (SECURITY) com.polarion.platform.repository.driver.svn.internal.security.SVNAuthenticationSource - [ACCESS-0004] - Assigned global role 'admin' to user 'neha1'.
2026-06-23 11:58:42,549 [ajp-nio-127.0.0.1-8889-exec-4 | cID:AAATVw | u:admin] INFO  (SECURITY) com.polarion.platform.repository.driver.svn.internal.security.SVNAuthenticationSource - [ACCESS-0002] - Assigned the global admin role to user 'neha1'.
2026-06-23 11:58:42,555 [ajp-nio-127.0.0.1-8889-exec-4 | cID:AAATVw | u:admin] INFO  (SECURITY) com.polarion.platform.repository.internal.config.RepositoryConfigService - [ACCESS-0004] - Updated global user role assignments.
2026-06-23 11:58:42,604 [ajp-nio-127.0.0.1-8889-exec-4 | cID:AAATVw | u:admin | u:p | u:p] INFO  com.polarion.platform.internal.service.repository.listeners.job.PullingJob - Changes between the revisions: 5 and 6 were collected successfully
2026-06-23 11:58:42,604 [ajp-nio-127.0.0.1-8889-exec-4 | cID:AAATVw | u:admin | u:p | u:p] INFO  com.polarion.platform.internal.service.repository.listeners.job.PullingJob - Started processing of revision 6 commited 0 seconds ago
2026-06-23 11:58:42,604 [ajp-nio-127.0.0.1-8889-exec-4 | cID:AAATVw | u:admin | u:p | u:p | r:6] INFO  com.polarion.subterra.index.impl.ObjectIndexUpdaterBase -  -- Refreshing 1 objects in index: Revision
2026-06-23 11:58:42,605 [ajp-nio-127.0.0.1-8889-exec-4 | cID:AAATVw | u:admin | u:p | u:p | r:6] INFO  com.polarion.subterra.index.impl.ObjectIndexUpdaterBase -  -- -- 1 from 1 objects were refreshed (100%)
2026-06-23 11:58:42,608 [DBNormalHistoryCreator | u:p] INFO  com.polarion.subterra.index.impl.ObjectIndexUpdaterBase -  -- -- 1 from 1 objects were refreshed (100%)
2026-06-23 11:58:42,619 [ajp-nio-127.0.0.1-8889-exec-4 | cID:AAATVw | u:admin | u:p | u:p | r:6] INFO  com.polarion.platform.internal.service.repository.listeners.job.PullingJob - Finished processing of revision 6, took [ TIME 0.0148 s. ]
2026-06-23 11:58:42,659 [ajp-nio-127.0.0.1-8889-exec-4 | cID:AAATVw | u:admin | u:p] INFO  com.polarion.platform.internal.service.repository.listeners.job.PullingJob - Changes between the revisions: 6 and 7 were collected successfully
2026-06-23 11:58:42,659 [ajp-nio-127.0.0.1-8889-exec-4 | cID:AAATVw | u:admin | u:p] INFO  com.polarion.platform.internal.service.repository.listeners.job.PullingJob - Started processing of revision 7 commited 0 seconds ago
2026-06-23 11:58:42,659 [ajp-nio-127.0.0.1-8889-exec-4 | cID:AAATVw | u:admin | u:p | r:7] INFO  com.polarion.subterra.index.impl.ObjectIndexUpdaterBase -  -- Refreshing 1 objects in index: Revision
2026-06-23 11:58:42,660 [ajp-nio-127.0.0.1-8889-exec-4 | cID:AAATVw | u:admin | u:p | r:7] INFO  com.polarion.subterra.index.impl.ObjectIndexUpdaterBase -  -- -- 1 from 1 objects were refreshed (100%)
2026-06-23 11:58:42,661 [DBNormalHistoryCreator | u:p] INFO  com.polarion.subterra.index.impl.ObjectIndexUpdaterBase -  -- -- 1 from 1 objects were refreshed (100%)
2026-06-23 11:58:42,669 [ajp-nio-127.0.0.1-8889-exec-4 | cID:AAATVw | u:admin | u:p | r:7] INFO  com.polarion.subterra.index.impl.ObjectIndexUpdaterBase -  -- Refreshing 1 objects in index: User
2026-06-23 11:58:42,673 [ajp-nio-127.0.0.1-8889-exec-4 | cID:AAATVw | u:admin | u:p | r:7] INFO  com.polarion.subterra.index.impl.ObjectIndexUpdaterBase -  -- -- 1 from 1 objects were refreshed (100%)
2026-06-23 11:58:42,678 [DBNormalHistoryCreator | u:p] INFO  com.polarion.subterra.index.impl.ObjectIndexUpdaterBase -  -- -- 1 from 1 objects were refreshed (100%)
2026-06-23 11:58:42,685 [ajp-nio-127.0.0.1-8889-exec-4 | cID:AAATVw | u:admin | u:p | r:7] INFO  com.polarion.platform.internal.service.repository.listeners.job.PullingJob - Finished processing of revision 7, took [ TIME 0.0257 s. ]
2026-06-23 11:58:42,689 [ajp-nio-127.0.0.1-8889-exec-4 | cID:AAATVw | u:admin] INFO  TXLOGGER - Tx 67bcfabd7a63c_0_67bcfabd7a63c_0_: finished. Total: 0.281 s, CPU [user: 0.16 s], Allocated memory: 8.0 MB, svn: 0.109 s [77% endActivity (2x), 22% info (39x)] (51x), PullingJob Listeners: 0.0403 s [51% ExtendedListener (10x), 33% StorageListener (2x)] (28x), PersistenceEngineListener: 0.0166 s [100% objectsCreated (3x)] (9x), processed revs: [6, 6 (delay 0s), 7, 7 (delay 0s)], write: true
2026-06-23 11:58:42,698 [ajp-nio-127.0.0.1-8889-exec-4 | cID:AAATVw | u:admin] INFO  TXLOGGER - Tx 67bcfabdc0a4f_0_67bcfabdc0a4f_0_: finished. Total: 0.00907 s, CPU [system: 0.00495 s], Allocated memory: 1.1 MB, WeakPObjectList: [bulkResolves: 1 secondGetHits: 13 ]
2026-06-23 11:58:42,700 [ajp-nio-127.0.0.1-8889-exec-4 | cID:AAATVw] INFO  TXLOGGER - Summary for 'servlet /polarion/gwt/com.polarion.UI/UserDataService': Total: 0.294 s, CPU [user: 0.16 s, system: 0.00272 s], Allocated memory: 10.1 MB, transactions: 2, UserDataService: 0.291 s [100% saveUser (1x)] (1x), svn: 0.11 s [76% endActivity (2x), 22% info (45x)] (61x), PullingJob Listeners: 0.0403 s [51% ExtendedListener (10x), 33% StorageListener (2x)] (28x), PersistenceEngineListener: 0.0166 s [100% objectsCreated (3x)] (9x), WeakPObjectList: [bulkResolves: 1 secondGetHits: 13 ]
2026-06-23 11:58:43,101 [ajp-nio-127.0.0.1-8889-exec-9 | cID:AAATWQ | u:admin] INFO  TXLOGGER - Tx 67bcfabe27650_0_67bcfabe27650_0_: finished. Total: 0.000607 s, CPU [system: 0.000662 s], Allocated memory: 92.1 kB, WeakPObjectList: [bulkResolves: 1 secondGetHits: 4 ]
2026-06-23 11:58:43,101 [ajp-nio-127.0.0.1-8889-exec-9 | cID:AAATWQ] INFO  TXLOGGER - Summary for 'servlet /polarion/gwt/com.polarion.UI/UserDataService': Total: 0.00258 s, CPU [system: 0.0024 s], Allocated memory: 388.8 kB, transactions: 1, WeakPObjectList: [bulkResolves: 1 secondGetHits: 4 ]
2026-06-23 11:58:43,930 [ajp-nio-127.0.0.1-8889-exec-2 | cID:AAATWg | u:admin] INFO  com.polarion.reina.web.internal.server.ria.ServerLogger - 2026-5-23 15:28:44.928  ERROR: Unable to create editor for assignedLicense because the model is null.
2026-06-23 11:58:43,930 [ajp-nio-127.0.0.1-8889-exec-2 | cID:AAATWg | u:admin] INFO  com.polarion.reina.web.internal.server.ria.ServerLogger - 2026-5-23 15:28:44.928  ERROR: Unable to create editor for assignedAddonLicenses because the model is null.
2026-06-23 11:58:44,633 [ajp-nio-127.0.0.1-8889-exec-10 | cID:AAATXA | u:admin] INFO  RPC - "0.013","Load Rich Page for preview","/_default/Home (null, 1)"
2026-06-23 11:58:44,978 [ajp-nio-127.0.0.1-8889-exec-7 | cID:AAATYg | u:admin] INFO  RPC - "0.003","Render Widget for preview","/_default/Home (null, 1)/com.polarion.scriptBlock/polarion_client11"
2026-06-23 11:58:45,076 [ajp-nio-127.0.0.1-8889-exec-2 | cID:AAATZA | u:admin] INFO  RPC - "0.004","Render Widget for preview","/_default/Home (null, 1)/com.polarion.scriptInline/polarion_wiki macro name=table;params=header=no|border=no|padding=0px|uid=client28_iw_1"
2026-06-23 11:58:45,079 [ajp-nio-127.0.0.1-8889-exec-9 | cID:AAATYw | u:admin] INFO  RPC - "0.007","Render Widget for preview","/_default/Home (null, 1)/com.polarion.scriptInline/polarion_wiki macro name=table;params=header=no|border=no|padding=0px|uid=client28_iw_2"
2026-06-23 11:58:45,107 [ajp-nio-127.0.0.1-8889-exec-3 | cID:AAATZQ | u:admin] INFO  RPC - "0.004","Render Widget for preview","/_default/Home (null, 1)/com.polarion.scriptInline/polarion_wiki macro name=table;params=header=no|border=no|padding=0px|uid=client28_iw_3"
2026-06-23 11:58:45,126 [ajp-nio-127.0.0.1-8889-exec-10 | cID:AAATZg | u:admin] INFO  RPC - "0.011","Render Widget for preview","/_default/Home (null, 1)/com.polarion.scriptBlock/polarion_client45"
2026-06-23 11:58:46,885 [ajp-nio-127.0.0.1-8889-exec-3 | cID:AAATbw] INFO  PolarionLicensing - User 'admin' logged out with concurrent ALM
2026-06-23 11:58:46,885 [ajp-nio-127.0.0.1-8889-exec-3 | cID:AAATbw] INFO  (SECURITY) com.polarion.platform.session.SsoUserRegistry - [AUTH-0009] - Session invalidated for user 'admin'.
2026-06-23 11:58:46,886 [ajp-nio-127.0.0.1-8889-exec-3 | cID:AAATbw] INFO  (SECURITY) com.polarion.platform.session.PolarionLocalSingleSignOn - [AUTH-0009] - User 'admin' logged out.
2026-06-23 11:59:08,001 [ajp-nio-127.0.0.1-8889-exec-9 | cID:AAATeA | u:p] INFO  (SECURITY) com.polarion.platform.internal.security.auth.LoginFlowUserPassword - [AUTH-0001] - User 'neha1' authenticated. Source: portal/UNSET.
2026-06-23 11:59:08,003 [ajp-nio-127.0.0.1-8889-exec-9 | cID:AAATeA] INFO  (SECURITY) com.polarion.alm.projects.internal.PasswordLoginManager - [AUTH-0001] - User 'neha1' logged in by 'Password' mechanism. Source: portal/UNSET.
2026-06-23 11:59:08,003 [ajp-nio-127.0.0.1-8889-exec-9 | cID:AAATeA] INFO  PolarionLicensing - STATS:concurrentQAUser,current:1,peak:1,limit:120000
2026-06-23 11:59:08,025 [ajp-nio-127.0.0.1-8889-exec-10 | cID:AAATeQ | u:p] INFO  (SECURITY) com.polarion.platform.internal.security.auth.LoginFlowUserPassword - [AUTH-0001] - User 'neha1' authenticated. Source: portal/UNSET.
2026-06-23 11:59:08,026 [ajp-nio-127.0.0.1-8889-exec-10 | cID:AAATeQ] INFO  (SECURITY) com.polarion.alm.projects.internal.PasswordLoginManager - [AUTH-0001] - User 'neha1' logged in by 'Password' mechanism. Source: portal/UNSET.
2026-06-23 11:59:08,026 [ajp-nio-127.0.0.1-8889-exec-10 | cID:AAATeQ] INFO  PolarionLicensing - STATS:concurrentQAUser,current:1,peak:1,limit:120000
2026-06-23 11:59:08,478 [ajp-nio-127.0.0.1-8889-exec-9 | cID:AAATeA] INFO  PolarionLicensing - User 'neha1' logged in with concurrent QA
2026-06-23 11:59:08,478 [ajp-nio-127.0.0.1-8889-exec-10 | cID:AAATeQ] INFO  PolarionLicensing - User 'neha1' logged in with concurrent QA
2026-06-23 11:59:08,478 [ajp-nio-127.0.0.1-8889-exec-9 | cID:AAATeA] INFO  TXLOGGER - Summary for 'servlet /polarion/j_security_check': Total: 0.554 s, CPU [user: 0.06 s], Allocated memory: 526.7 kB, transactions: 1, PolarionAuthenticator: 0.554 s [100% authenticate (1x)] (1x), SaltLicense: 0.475 s [100% userLoggedIn (1x)] (1x)
2026-06-23 11:59:08,478 [ajp-nio-127.0.0.1-8889-exec-10 | cID:AAATeQ] INFO  TXLOGGER - Summary for 'servlet /polarion/j_security_check': Total: 0.525 s, CPU [user: 0.06 s], Allocated memory: 355.7 kB, transactions: 1, PolarionAuthenticator: 0.525 s [100% authenticate (1x)] (1x), SaltLicense: 0.452 s [100% userLoggedIn (1x)] (1x)
2026-06-23 11:59:10,592 [ajp-nio-127.0.0.1-8889-exec-1 | cID:AAATiQ | u:neha1] INFO  RPC - "0.020","Load Rich Page for preview","/_default/Home (null, 1)"
2026-06-23 11:59:10,832 [ajp-nio-127.0.0.1-8889-exec-6 | cID:AAATkQ | u:neha1] INFO  RPC - "0.005","Render Widget for preview","/_default/Home (null, 1)/com.polarion.scriptBlock/polarion_client11"
2026-06-23 11:59:10,863 [ajp-nio-127.0.0.1-8889-exec-4 | cID:AAATkg | u:neha1] INFO  RPC - "0.004","Render Widget for preview","/_default/Home (null, 1)/com.polarion.scriptInline/polarion_wiki macro name=table;params=header=no|border=no|padding=0px|uid=client28_iw_1"
2026-06-23 11:59:10,929 [ajp-nio-127.0.0.1-8889-exec-2 | cID:AAATkw | u:neha1] INFO  RPC - "0.007","Render Widget for preview","/_default/Home (null, 1)/com.polarion.scriptInline/polarion_wiki macro name=table;params=header=no|border=no|padding=0px|uid=client28_iw_2"
2026-06-23 11:59:10,958 [ajp-nio-127.0.0.1-8889-exec-10 | cID:AAATlQ | u:neha1] INFO  RPC - "0.006","Render Widget for preview","/_default/Home (null, 1)/com.polarion.scriptInline/polarion_wiki macro name=table;params=header=no|border=no|padding=0px|uid=client28_iw_3"
2026-06-23 11:59:10,961 [ajp-nio-127.0.0.1-8889-exec-1 | cID:AAATlg | u:neha1] INFO  RPC - "0.008","Render Widget for preview","/_default/Home (null, 1)/com.polarion.scriptBlock/polarion_client45"
2026-06-23 11:59:12,069 [ajp-nio-127.0.0.1-8889-exec-5 | cID:AAATow | u:neha1] INFO  RPC - "0.026","Load Rich Page for preview","/_default/Home (null, 1)"
2026-06-23 11:59:12,359 [ajp-nio-127.0.0.1-8889-exec-8 | cID:AAATrA | u:neha1] INFO  RPC - "0.005","Render Widget for preview","/_default/Home (null, 1)/com.polarion.scriptInline/polarion_wiki macro name=table;params=header=no|border=no|padding=0px|uid=client28_iw_1"
2026-06-23 11:59:12,360 [ajp-nio-127.0.0.1-8889-exec-9 | cID:AAATqw | u:neha1] INFO  RPC - "0.007","Render Widget for preview","/_default/Home (null, 1)/com.polarion.scriptBlock/polarion_client11"
2026-06-23 11:59:12,424 [ajp-nio-127.0.0.1-8889-exec-4 | cID:AAATrQ | u:neha1] INFO  RPC - "0.011","Render Widget for preview","/_default/Home (null, 1)/com.polarion.scriptInline/polarion_wiki macro name=table;params=header=no|border=no|padding=0px|uid=client28_iw_2"
2026-06-23 11:59:12,428 [ajp-nio-127.0.0.1-8889-exec-3 | cID:AAATrg | u:neha1] INFO  RPC - "0.013","Render Widget for preview","/_default/Home (null, 1)/com.polarion.scriptInline/polarion_wiki macro name=table;params=header=no|border=no|padding=0px|uid=client28_iw_3"
2026-06-23 11:59:12,428 [ajp-nio-127.0.0.1-8889-exec-2 | cID:AAATrw | u:neha1] INFO  RPC - "0.013","Render Widget for preview","/_default/Home (null, 1)/com.polarion.scriptBlock/polarion_client45"
2026-06-23 11:59:12,619 [Thread-6] INFO  com.polarion.platform.internal.service.repository.listeners.job.LastFullyProcessedRevisionRegistry - RegisteredRevision [6]
2026-06-23 11:59:12,685 [Thread-7] INFO  com.polarion.platform.internal.service.repository.listeners.job.LastFullyProcessedRevisionRegistry - RegisteredRevision [7]
2026-06-23 11:59:17,329 [ajp-nio-127.0.0.1-8889-exec-3 | cID:AAATuA] INFO  PolarionLicensing - User 'neha1' logged out with concurrent QA
2026-06-23 11:59:17,329 [ajp-nio-127.0.0.1-8889-exec-3 | cID:AAATuA] INFO  (SECURITY) com.polarion.platform.session.SsoUserRegistry - [AUTH-0009] - Session invalidated for user 'neha1'.
2026-06-23 11:59:17,330 [ajp-nio-127.0.0.1-8889-exec-3 | cID:AAATuA] INFO  PolarionLicensing - User 'neha1' logged out with concurrent QA
2026-06-23 11:59:17,330 [ajp-nio-127.0.0.1-8889-exec-3 | cID:AAATuA] INFO  (SECURITY) com.polarion.platform.session.SsoUserRegistry - [AUTH-0009] - Session invalidated for user 'neha1'.
2026-06-23 11:59:17,330 [ajp-nio-127.0.0.1-8889-exec-3 | cID:AAATuA] INFO  (SECURITY) com.polarion.platform.session.PolarionLocalSingleSignOn - [AUTH-0009] - User 'neha1' logged out.
2026-06-23 11:59:34,457 [ajp-nio-127.0.0.1-8889-exec-7 | cID:AAATxg | u:p] INFO  (SECURITY) com.polarion.platform.internal.security.auth.LoginFlowUserPassword - [AUTH-0001] - User 'neha1' authenticated. Source: portal/UNSET.
2026-06-23 11:59:34,458 [ajp-nio-127.0.0.1-8889-exec-7 | cID:AAATxg] INFO  (SECURITY) com.polarion.alm.projects.internal.PasswordLoginManager - [AUTH-0001] - User 'neha1' logged in by 'Password' mechanism. Source: portal/UNSET.
2026-06-23 11:59:34,458 [ajp-nio-127.0.0.1-8889-exec-7 | cID:AAATxg] INFO  PolarionLicensing - STATS:concurrentQAUser,current:1,peak:1,limit:120000
2026-06-23 11:59:34,666 [ajp-nio-127.0.0.1-8889-exec-10 | cID:AAATyA | u:p] INFO  (SECURITY) com.polarion.platform.internal.security.auth.LoginFlowUserPassword - [AUTH-0001] - User 'neha1' authenticated. Source: portal/UNSET.
2026-06-23 11:59:34,667 [ajp-nio-127.0.0.1-8889-exec-10 | cID:AAATyA] INFO  (SECURITY) com.polarion.alm.projects.internal.PasswordLoginManager - [AUTH-0001] - User 'neha1' logged in by 'Password' mechanism. Source: portal/UNSET.
2026-06-23 11:59:34,667 [ajp-nio-127.0.0.1-8889-exec-10 | cID:AAATyA] INFO  PolarionLicensing - STATS:concurrentQAUser,current:1,peak:1,limit:120000
2026-06-23 11:59:34,835 [ajp-nio-127.0.0.1-8889-exec-7 | cID:AAATxg] INFO  PolarionLicensing - User 'neha1' logged in with concurrent QA
2026-06-23 11:59:34,835 [ajp-nio-127.0.0.1-8889-exec-7 | cID:AAATxg] INFO  TXLOGGER - Summary for 'servlet /polarion/j_security_check': Total: 0.452 s, CPU [user: 0.05 s, system: 0.00855 s], Allocated memory: 357.3 kB, transactions: 1, PolarionAuthenticator: 0.452 s [100% authenticate (1x)] (1x), SaltLicense: 0.377 s [100% userLoggedIn (1x)] (1x)
2026-06-23 11:59:34,835 [ajp-nio-127.0.0.1-8889-exec-10 | cID:AAATyA] INFO  PolarionLicensing - User 'neha1' logged in with concurrent QA
2026-06-23 11:59:34,835 [ajp-nio-127.0.0.1-8889-exec-10 | cID:AAATyA] INFO  TXLOGGER - Summary for 'servlet /polarion/j_security_check': Total: 0.227 s, CPU [user: 0.06 s], Allocated memory: 355.5 kB, transactions: 1, PolarionAuthenticator: 0.226 s [100% authenticate (1x)] (1x), SaltLicense: 0.168 s [100% userLoggedIn (1x)] (1x)
2026-06-23 11:59:37,073 [ajp-nio-127.0.0.1-8889-exec-9 | cID:AAAT3g | u:neha1] INFO  RPC - "0.023","Load Rich Page for preview","/_default/Home (null, 1)"
2026-06-23 11:59:37,147 [ajp-nio-127.0.0.1-8889-exec-5 | cID:AAAT4w | u:neha1] INFO  RPC - "0.017","Load Rich Page for preview","/_default/Home (null, 1)"
2026-06-23 11:59:37,338 [ajp-nio-127.0.0.1-8889-exec-7 | cID:AAAT8A | u:neha1] INFO  RPC - "0.006","Render Widget for preview","/_default/Home (null, 1)/com.polarion.scriptBlock/polarion_client11"
2026-06-23 11:59:37,338 [ajp-nio-127.0.0.1-8889-exec-8 | cID:AAAT7w | u:neha1] INFO  RPC - "0.006","Render Widget for preview","/_default/Home (null, 1)/com.polarion.scriptInline/polarion_wiki macro name=table;params=header=no|border=no|padding=0px|uid=client28_iw_1"
2026-06-23 11:59:37,400 [ajp-nio-127.0.0.1-8889-exec-4 | cID:AAAT8g | u:neha1] INFO  RPC - "0.006","Render Widget for preview","/_default/Home (null, 1)/com.polarion.scriptInline/polarion_wiki macro name=table;params=header=no|border=no|padding=0px|uid=client28_iw_1"
2026-06-23 11:59:37,401 [ajp-nio-127.0.0.1-8889-exec-1 | cID:AAAT8Q | u:neha1] INFO  RPC - "0.008","Render Widget for preview","/_default/Home (null, 1)/com.polarion.scriptBlock/polarion_client11"
2026-06-23 11:59:37,407 [ajp-nio-127.0.0.1-8889-exec-3 | cID:AAAT8w | u:neha1] INFO  RPC - "0.003","Render Widget for preview","/_default/Home (null, 1)/com.polarion.scriptInline/polarion_wiki macro name=table;params=header=no|border=no|padding=0px|uid=client28_iw_2"
2026-06-23 11:59:37,427 [ajp-nio-127.0.0.1-8889-exec-2 | cID:AAAT9A | u:neha1] INFO  RPC - "0.004","Render Widget for preview","/_default/Home (null, 1)/com.polarion.scriptBlock/polarion_client45"
2026-06-23 11:59:37,431 [ajp-nio-127.0.0.1-8889-exec-6 | cID:AAAT9Q | u:neha1] INFO  RPC - "0.008","Render Widget for preview","/_default/Home (null, 1)/com.polarion.scriptInline/polarion_wiki macro name=table;params=header=no|border=no|padding=0px|uid=client28_iw_3"
2026-06-23 11:59:37,436 [ajp-nio-127.0.0.1-8889-exec-9 | cID:AAAT9g | u:neha1] INFO  RPC - "0.003","Render Widget for preview","/_default/Home (null, 1)/com.polarion.scriptInline/polarion_wiki macro name=table;params=header=no|border=no|padding=0px|uid=client28_iw_2"
2026-06-23 11:59:37,478 [ajp-nio-127.0.0.1-8889-exec-5 | cID:AAAT9w | u:neha1] INFO  RPC - "0.004","Render Widget for preview","/_default/Home (null, 1)/com.polarion.scriptInline/polarion_wiki macro name=table;params=header=no|border=no|padding=0px|uid=client28_iw_3"
2026-06-23 11:59:37,505 [ajp-nio-127.0.0.1-8889-exec-10 | cID:AAAT-A | u:neha1] INFO  RPC - "0.004","Render Widget for preview","/_default/Home (null, 1)/com.polarion.scriptBlock/polarion_client45"
2026-06-23 11:59:46,183 [ajp-nio-127.0.0.1-8889-exec-1 | cID:AAAUBg] INFO  PolarionLicensing - User 'neha1' logged out with concurrent QA
2026-06-23 11:59:46,183 [ajp-nio-127.0.0.1-8889-exec-2 | cID:AAAUCA] INFO  PolarionLicensing - User 'neha1' logged out with concurrent QA
2026-06-23 11:59:46,183 [ajp-nio-127.0.0.1-8889-exec-1 | cID:AAAUBg] INFO  (SECURITY) com.polarion.platform.session.SsoUserRegistry - [AUTH-0009] - Session invalidated for user 'neha1'.
2026-06-23 11:59:46,183 [ajp-nio-127.0.0.1-8889-exec-2 | cID:AAAUCA] INFO  (SECURITY) com.polarion.platform.session.SsoUserRegistry - [AUTH-0009] - Session invalidated for user 'neha1'.
2026-06-23 11:59:46,183 [ajp-nio-127.0.0.1-8889-exec-1 | cID:AAAUBg] INFO  PolarionLicensing - User 'neha1' logged out with concurrent QA
2026-06-23 11:59:46,183 [ajp-nio-127.0.0.1-8889-exec-1 | cID:AAAUBg] INFO  (SECURITY) com.polarion.platform.session.SsoUserRegistry - [AUTH-0009] - Session invalidated for user 'neha1'.
2026-06-23 11:59:46,183 [ajp-nio-127.0.0.1-8889-exec-2 | cID:AAAUCA] INFO  PolarionLicensing - User 'neha1' logged out with concurrent QA
2026-06-23 11:59:46,183 [ajp-nio-127.0.0.1-8889-exec-2 | cID:AAAUCA] INFO  (SECURITY) com.polarion.platform.session.SsoUserRegistry - [AUTH-0009] - Session invalidated for user 'neha1'.
2026-06-23 11:59:46,183 [ajp-nio-127.0.0.1-8889-exec-1 | cID:AAAUBg] INFO  (SECURITY) com.polarion.platform.session.PolarionLocalSingleSignOn - [AUTH-0009] - User 'neha1' logged out.
2026-06-23 11:59:46,183 [ajp-nio-127.0.0.1-8889-exec-2 | cID:AAAUCA] INFO  (SECURITY) com.polarion.platform.session.PolarionLocalSingleSignOn - [AUTH-0009] - User 'neha1' logged out.
2026-06-23 12:00:04,018 [ajp-nio-127.0.0.1-8889-exec-5 | cID:AAAUFQ | u:p] INFO  (SECURITY) com.polarion.platform.internal.security.auth.LoginFlowUserPassword - [AUTH-0001] - User 'neha1' authenticated. Source: portal/UNSET.
2026-06-23 12:00:04,019 [ajp-nio-127.0.0.1-8889-exec-5 | cID:AAAUFQ] INFO  (SECURITY) com.polarion.alm.projects.internal.PasswordLoginManager - [AUTH-0001] - User 'neha1' logged in by 'Password' mechanism. Source: portal/UNSET.
2026-06-23 12:00:04,019 [ajp-nio-127.0.0.1-8889-exec-5 | cID:AAAUFQ] INFO  PolarionLicensing - STATS:concurrentQAUser,current:1,peak:1,limit:120000
2026-06-23 12:00:04,143 [ajp-nio-127.0.0.1-8889-exec-7 | cID:AAAUFg | u:p] INFO  (SECURITY) com.polarion.platform.internal.security.auth.LoginFlowUserPassword - [AUTH-0001] - User 'neha1' authenticated. Source: portal/UNSET.
2026-06-23 12:00:04,145 [ajp-nio-127.0.0.1-8889-exec-7 | cID:AAAUFg] INFO  (SECURITY) com.polarion.alm.projects.internal.PasswordLoginManager - [AUTH-0001] - User 'neha1' logged in by 'Password' mechanism. Source: portal/UNSET.
2026-06-23 12:00:04,145 [ajp-nio-127.0.0.1-8889-exec-7 | cID:AAAUFg] INFO  PolarionLicensing - STATS:concurrentQAUser,current:1,peak:1,limit:120000
2026-06-23 12:00:04,453 [ajp-nio-127.0.0.1-8889-exec-5 | cID:AAAUFQ] INFO  PolarionLicensing - User 'neha1' logged in with concurrent QA
2026-06-23 12:00:04,453 [ajp-nio-127.0.0.1-8889-exec-5 | cID:AAAUFQ] INFO  TXLOGGER - Summary for 'servlet /polarion/j_security_check': Total: 0.493 s, CPU [user: 0.06 s], Allocated memory: 503.3 kB, transactions: 1, PolarionAuthenticator: 0.492 s [100% authenticate (1x)] (1x), SaltLicense: 0.434 s [100% userLoggedIn (1x)] (1x)
2026-06-23 12:00:04,454 [ajp-nio-127.0.0.1-8889-exec-7 | cID:AAAUFg] INFO  PolarionLicensing - User 'neha1' logged in with concurrent QA
2026-06-23 12:00:04,454 [ajp-nio-127.0.0.1-8889-exec-7 | cID:AAAUFg] INFO  TXLOGGER - Summary for 'servlet /polarion/j_security_check': Total: 0.368 s, CPU [user: 0.05 s, system: 0.00851 s], Allocated memory: 357.1 kB, transactions: 1, PolarionAuthenticator: 0.368 s [100% authenticate (1x)] (1x), SaltLicense: 0.309 s [100% userLoggedIn (1x)] (1x)
2026-06-23 12:00:06,589 [ajp-nio-127.0.0.1-8889-exec-8 | cID:AAAULA | u:neha1] INFO  RPC - "0.013","Load Rich Page for preview","/_default/Home (null, 1)"
2026-06-23 12:00:06,761 [ajp-nio-127.0.0.1-8889-exec-6 | cID:AAAUMg | u:neha1] INFO  RPC - "0.022","Load Rich Page for preview","/_default/Home (null, 1)"
2026-06-23 12:00:06,876 [ajp-nio-127.0.0.1-8889-exec-9 | cID:AAAUOw | u:neha1] INFO  RPC - "0.004","Render Widget for preview","/_default/Home (null, 1)/com.polarion.scriptBlock/polarion_client11"
2026-06-23 12:00:06,883 [ajp-nio-127.0.0.1-8889-exec-7 | cID:AAAUPA | u:neha1] INFO  RPC - "0.009","Render Widget for preview","/_default/Home (null, 1)/com.polarion.scriptInline/polarion_wiki macro name=table;params=header=no|border=no|padding=0px|uid=client28_iw_2"
2026-06-23 12:00:06,883 [ajp-nio-127.0.0.1-8889-exec-2 | cID:AAAUOg | u:neha1] INFO  RPC - "0.006","Render Widget for preview","/_default/Home (null, 1)/com.polarion.scriptInline/polarion_wiki macro name=table;params=header=no|border=no|padding=0px|uid=client28_iw_1"
2026-06-23 12:00:07,005 [ajp-nio-127.0.0.1-8889-exec-8 | cID:AAAUQA | u:neha1] INFO  RPC - "0.005","Render Widget for preview","/_default/Home (null, 1)/com.polarion.scriptBlock/polarion_client11"
2026-06-23 12:00:07,058 [ajp-nio-127.0.0.1-8889-exec-3 | cID:AAAUQQ | u:neha1] INFO  RPC - "0.006","Render Widget for preview","/_default/Home (null, 1)/com.polarion.scriptInline/polarion_wiki macro name=table;params=header=no|border=no|padding=0px|uid=client28_iw_1"
2026-06-23 12:00:07,091 [ajp-nio-127.0.0.1-8889-exec-1 | cID:AAAUQg | u:neha1] INFO  RPC - "0.005","Render Widget for preview","/_default/Home (null, 1)/com.polarion.scriptInline/polarion_wiki macro name=table;params=header=no|border=no|padding=0px|uid=client28_iw_2"
2026-06-23 12:00:07,108 [ajp-nio-127.0.0.1-8889-exec-9 | cID:AAAUQw | u:neha1] INFO  RPC - "0.005","Render Widget for preview","/_default/Home (null, 1)/com.polarion.scriptBlock/polarion_client45"
2026-06-23 12:00:07,110 [ajp-nio-127.0.0.1-8889-exec-4 | cID:AAAURA | u:neha1] INFO  RPC - "0.007","Render Widget for preview","/_default/Home (null, 1)/com.polarion.scriptInline/polarion_wiki macro name=table;params=header=no|border=no|padding=0px|uid=client28_iw_3"
2026-06-23 12:00:07,114 [ajp-nio-127.0.0.1-8889-exec-7 | cID:AAAURQ | u:neha1] INFO  RPC - "0.004","Render Widget for preview","/_default/Home (null, 1)/com.polarion.scriptInline/polarion_wiki macro name=table;params=header=no|border=no|padding=0px|uid=client28_iw_3"
2026-06-23 12:00:07,124 [ajp-nio-127.0.0.1-8889-exec-10 | cID:AAAUSA | u:neha1] INFO  RPC - "0.006","Render Widget for preview","/_default/Home (null, 1)/com.polarion.scriptBlock/polarion_client45"
2026-06-23 12:00:39,579 [ajp-nio-127.0.0.1-8889-exec-3 | cID:AAAUVA] INFO  PolarionLicensing - User 'neha1' logged out with concurrent QA
2026-06-23 12:00:39,579 [ajp-nio-127.0.0.1-8889-exec-3 | cID:AAAUVA] INFO  (SECURITY) com.polarion.platform.session.SsoUserRegistry - [AUTH-0009] - Session invalidated for user 'neha1'.
2026-06-23 12:00:39,579 [ajp-nio-127.0.0.1-8889-exec-3 | cID:AAAUVA] INFO  PolarionLicensing - User 'neha1' logged out with concurrent QA
2026-06-23 12:00:39,579 [ajp-nio-127.0.0.1-8889-exec-3 | cID:AAAUVA] INFO  (SECURITY) com.polarion.platform.session.SsoUserRegistry - [AUTH-0009] - Session invalidated for user 'neha1'.
2026-06-23 12:00:39,579 [ajp-nio-127.0.0.1-8889-exec-3 | cID:AAAUVA] INFO  (SECURITY) com.polarion.platform.session.PolarionLocalSingleSignOn - [AUTH-0009] - User 'neha1' logged out.
2026-06-23 12:00:46,879 [ajp-nio-127.0.0.1-8889-exec-2 | cID:AAAUYQ | u:p] INFO  (SECURITY) com.polarion.platform.internal.security.auth.LoginFlowUserPassword - [AUTH-0001] - User 'admin' authenticated. Source: portal/UNSET.
2026-06-23 12:00:46,880 [ajp-nio-127.0.0.1-8889-exec-2 | cID:AAAUYQ] INFO  (SECURITY) com.polarion.alm.projects.internal.PasswordLoginManager - [AUTH-0001] - User 'admin' logged in by 'Password' mechanism. Source: portal/UNSET.
2026-06-23 12:00:46,880 [ajp-nio-127.0.0.1-8889-exec-2 | cID:AAAUYQ] INFO  PolarionLicensing - STATS:concurrentALMUser,current:1,peak:1,limit:120000
2026-06-23 12:00:46,880 [ajp-nio-127.0.0.1-8889-exec-2 | cID:AAAUYQ] INFO  PolarionLicensing - STATS:concurrentVariantsUser,current:1,peak:1,limit:120000
2026-06-23 12:00:47,261 [ajp-nio-127.0.0.1-8889-exec-2 | cID:AAAUYQ] INFO  PolarionLicensing - User 'admin' logged in with concurrent ALM
2026-06-23 12:00:47,261 [ajp-nio-127.0.0.1-8889-exec-2 | cID:AAAUYQ] INFO  TXLOGGER - Summary for 'servlet /polarion/j_security_check': Total: 0.383 s, CPU [system: 0.00218 s], Allocated memory: 605.3 kB, transactions: 1, PolarionAuthenticator: 0.383 s [100% authenticate (1x)] (1x), SaltLicense: 0.381 s [100% userLoggedIn (1x)] (1x)
2026-06-23 12:00:48,679 [ajp-nio-127.0.0.1-8889-exec-6 | cID:AAAUZw | u:admin] INFO  TXLOGGER - Tx 67bcfb38a9aab_0_67bcfb38a9aab_0_: finished. Total: 0.13 s, CPU [user: 0.01 s], Allocated memory: 164.3 kB
2026-06-23 12:00:48,680 [ajp-nio-127.0.0.1-8889-exec-6 | cID:AAAUZw] INFO  TXLOGGER - Summary for 'servlet /polarion/gwt/com.polarion.UI/PortalDataService': Total: 0.133 s, CPU [user: 0.01 s], Allocated memory: 599.6 kB, transactions: 1, PortalDataService: 0.131 s [100% getInitData (1x)] (1x)
2026-06-23 12:00:49,367 [ajp-nio-127.0.0.1-8889-exec-10 | cID:AAAUcA | u:admin] INFO  TXLOGGER - Tx 67bcfb39732af_0_67bcfb39732af_0_: finished. Total: 0.0121 s, CPU [system: 0.00796 s], Allocated memory: 3.2 MB, WeakPObjectList: [bulkResolves: 1 secondGetHits: 34 ]
2026-06-23 12:00:49,368 [ajp-nio-127.0.0.1-8889-exec-10 | cID:AAAUcA] INFO  TXLOGGER - Summary for 'servlet /polarion/gwt/com.polarion.UI/UserDataService': Total: 0.0141 s, CPU [user: 0.01 s], Allocated memory: 3.6 MB, transactions: 1, UserDataService: 0.0123 s [100% getUsers (1x)] (1x), WeakPObjectList: [bulkResolves: 1 secondGetHits: 34 ]
2026-06-23 12:00:49,600 [ajp-nio-127.0.0.1-8889-exec-1 | cID:AAAUdQ | u:admin] INFO  TXLOGGER - Tx 67bcfb39aeab4_0_67bcfb39aeab4_0_: finished. Total: 0.00701 s, CPU [user: 0.01 s], Allocated memory: 3.2 MB, WeakPObjectList: [bulkResolves: 1 secondGetHits: 34 ]
2026-06-23 12:00:49,601 [ajp-nio-127.0.0.1-8889-exec-1 | cID:AAAUdQ] INFO  TXLOGGER - Summary for 'servlet /polarion/gwt/com.polarion.UI/UserDataService': Total: 0.0105 s, CPU [user: 0.01 s], Allocated memory: 3.7 MB, transactions: 1, WeakPObjectList: [bulkResolves: 1 secondGetHits: 34 ]
2026-06-23 12:00:49,763 [ajp-nio-127.0.0.1-8889-exec-9 | cID:AAAUeQ | u:admin] INFO  TXLOGGER - Tx 67bcfb39d36b5_0_67bcfb39d36b5_0_: finished. Total: 0.0224 s, CPU [user: 0.01 s], Allocated memory: 3.7 MB, ObjectMaps: 0.0131 s [100% getPrimaryObjectLocations (8x)] (8x), WeakPObjectList: [bulkResolves: 1 secondGetHits: 34 ]
2026-06-23 12:00:49,765 [ajp-nio-127.0.0.1-8889-exec-9 | cID:AAAUeQ] INFO  TXLOGGER - Summary for 'servlet /polarion/gwt/com.polarion.UI/UserDataService': Total: 0.0257 s, CPU [user: 0.01 s, system: 0.000463 s], Allocated memory: 4.2 MB, transactions: 1, UserDataService: 0.0227 s [100% getUsers (1x)] (1x), ObjectMaps: 0.0131 s [100% getPrimaryObjectLocations (8x)] (8x), WeakPObjectList: [bulkResolves: 1 secondGetHits: 34 ]
2026-06-23 12:00:49,776 [ajp-nio-127.0.0.1-8889-exec-6 | cID:AAAUeg | u:admin] INFO  TXLOGGER - Tx 67bcfb39d5ab7_0_67bcfb39d5ab7_0_: finished. Total: 0.0273 s, CPU [user: 0.01 s, system: 0.00217 s], Allocated memory: 3.3 MB, WeakPObjectList: [bulkResolves: 1 secondGetHits: 13 ]
2026-06-23 12:00:49,778 [ajp-nio-127.0.0.1-8889-exec-6 | cID:AAAUeg] INFO  TXLOGGER - Summary for 'servlet /polarion/gwt/com.polarion.UI/UserDataService': Total: 0.0322 s, CPU [user: 0.01 s, system: 0.00517 s], Allocated memory: 4.5 MB, transactions: 1, UserDataService: 0.0276 s [100% loadUser (1x)] (1x), WeakPObjectList: [bulkResolves: 1 secondGetHits: 13 ]
2026-06-23 12:00:49,873 [ajp-nio-127.0.0.1-8889-exec-10 | cID:AAAUew | u:admin] INFO  TXLOGGER - Tx 67bcfb39f0ab8_0_67bcfb39f0ab8_0_: finished. Total: 0.0159 s, CPU [system: 0.00726 s], Allocated memory: 3.3 MB, WeakPObjectList: [bulkResolves: 1 secondGetHits: 34 ]
2026-06-23 12:00:49,874 [ajp-nio-127.0.0.1-8889-exec-10 | cID:AAAUew] INFO  TXLOGGER - Summary for 'servlet /polarion/gwt/com.polarion.UI/UserDataService': Total: 0.0187 s, CPU [system: 0.00934 s], Allocated memory: 3.7 MB, transactions: 1, UserDataService: 0.0161 s [100% getUsers (1x)] (1x), WeakPObjectList: [bulkResolves: 1 secondGetHits: 34 ]
2026-06-23 12:00:51,195 [ajp-nio-127.0.0.1-8889-exec-8 | cID:AAAUfw | u:admin] INFO  com.polarion.reina.web.internal.server.ria.ServerLogger - 2026-5-23 15:30:52.188  ERROR: Unable to create editor for assignedLicense because the model is null.
2026-06-23 12:00:51,195 [ajp-nio-127.0.0.1-8889-exec-8 | cID:AAAUfw | u:admin] INFO  com.polarion.reina.web.internal.server.ria.ServerLogger - 2026-5-23 15:30:52.189  ERROR: Unable to create editor for assignedAddonLicenses because the model is null.
2026-06-23 12:00:51,693 [ajp-nio-127.0.0.1-8889-exec-1 | cID:AAAUgA | u:admin] INFO  TXLOGGER - Tx 67bcfb3bbaeba_0_67bcfb3bbaeba_0_: finished. Total: 0.00361 s, CPU [system: 0.00253 s], Allocated memory: 564.0 kB, WeakPObjectList: [bulkResolves: 1 secondGetHits: 13 ]
2026-06-23 12:00:51,695 [ajp-nio-127.0.0.1-8889-exec-1 | cID:AAAUgA] INFO  TXLOGGER - Summary for 'servlet /polarion/gwt/com.polarion.UI/UserDataService': Total: 0.00652 s, CPU [system: 0.00526 s], Allocated memory: 1.2 MB, transactions: 1, WeakPObjectList: [bulkResolves: 1 secondGetHits: 13 ]
2026-06-23 12:00:52,917 [ajp-nio-127.0.0.1-8889-exec-7 | cID:AAAUgg | u:admin] INFO  com.polarion.reina.web.internal.server.ria.ServerLogger - 2026-5-23 15:30:53.913  ERROR: Unable to create editor for assignedLicense because the model is null.
2026-06-23 12:00:52,917 [ajp-nio-127.0.0.1-8889-exec-7 | cID:AAAUgg | u:admin] INFO  com.polarion.reina.web.internal.server.ria.ServerLogger - 2026-5-23 15:30:53.913  ERROR: Unable to create editor for assignedAddonLicenses because the model is null.
2026-06-23 12:01:02,270 [ajp-nio-127.0.0.1-8889-exec-3 | cID:AAAUhQ | u:admin] INFO  TXLOGGER - Tx 67bcfb460eebd_0_67bcfb460eebd_0_: finished. Total: 0.00434 s, CPU [system: 0.00312 s], Allocated memory: 565.6 kB, WeakPObjectList: [bulkResolves: 1 secondGetHits: 13 ]
2026-06-23 12:01:02,272 [ajp-nio-127.0.0.1-8889-exec-3 | cID:AAAUhQ] INFO  TXLOGGER - Summary for 'servlet /polarion/gwt/com.polarion.UI/UserDataService': Total: 0.0129 s, CPU [system: 0.00887 s], Allocated memory: 2.2 MB, transactions: 2, WeakPObjectList: [bulkResolves: 1 secondGetHits: 13 ]
2026-06-23 12:01:02,603 [ajp-nio-127.0.0.1-8889-exec-4 | cID:AAAUhw | u:admin] INFO  TXLOGGER - Tx 67bcfb4662abe_0_67bcfb4662abe_0_: finished. Total: 0.00128 s, CPU [system: 0.00134 s], Allocated memory: 290.1 kB, WeakPObjectList: [bulkResolves: 1 secondGetHits: 7 ]
2026-06-23 12:01:02,603 [ajp-nio-127.0.0.1-8889-exec-4 | cID:AAAUhw] INFO  TXLOGGER - Summary for 'servlet /polarion/gwt/com.polarion.UI/UserDataService': Total: 0.00359 s, CPU [system: 0.00341 s], Allocated memory: 641.3 kB, transactions: 1, WeakPObjectList: [bulkResolves: 1 secondGetHits: 7 ]
2026-06-23 12:01:03,438 [ajp-nio-127.0.0.1-8889-exec-2 | cID:AAAUiA | u:admin] INFO  com.polarion.reina.web.internal.server.ria.ServerLogger - 2026-5-23 15:31:4.430  ERROR: Unable to create editor for assignedLicense because the model is null.
2026-06-23 12:01:03,438 [ajp-nio-127.0.0.1-8889-exec-2 | cID:AAAUiA | u:admin] INFO  com.polarion.reina.web.internal.server.ria.ServerLogger - 2026-5-23 15:31:4.430  ERROR: Unable to create editor for assignedAddonLicenses because the model is null.
2026-06-23 12:01:05,877 [ajp-nio-127.0.0.1-8889-exec-1 | cID:AAAUig | u:admin] INFO  RPC - "0.016","Load Rich Page for preview","/_default/Home (null, 1)"
2026-06-23 12:01:06,365 [ajp-nio-127.0.0.1-8889-exec-4 | cID:AAAUkQ | u:admin] INFO  RPC - "0.008","Render Widget for preview","/_default/Home (null, 1)/com.polarion.scriptBlock/polarion_client11"
2026-06-23 12:01:06,449 [ajp-nio-127.0.0.1-8889-exec-8 | cID:AAAUkw | u:admin] INFO  RPC - "0.005","Render Widget for preview","/_default/Home (null, 1)/com.polarion.scriptInline/polarion_wiki macro name=table;params=header=no|border=no|padding=0px|uid=client28_iw_1"
2026-06-23 12:01:06,492 [ajp-nio-127.0.0.1-8889-exec-1 | cID:AAAUlA | u:admin] INFO  RPC - "0.006","Render Widget for preview","/_default/Home (null, 1)/com.polarion.scriptInline/polarion_wiki macro name=table;params=header=no|border=no|padding=0px|uid=client28_iw_3"
2026-06-23 12:01:06,493 [ajp-nio-127.0.0.1-8889-exec-5 | cID:AAAUlQ | u:admin] INFO  RPC - "0.007","Render Widget for preview","/_default/Home (null, 1)/com.polarion.scriptInline/polarion_wiki macro name=table;params=header=no|border=no|padding=0px|uid=client28_iw_2"
2026-06-23 12:01:06,585 [ajp-nio-127.0.0.1-8889-exec-7 | cID:AAAUlg | u:admin] INFO  RPC - "0.004","Render Widget for preview","/_default/Home (null, 1)/com.polarion.scriptBlock/polarion_client45"
2026-06-23 12:01:07,542 [ajp-nio-127.0.0.1-8889-exec-1 | cID:AAAUng] INFO  PolarionLicensing - User 'admin' logged out with concurrent ALM
2026-06-23 12:01:07,542 [ajp-nio-127.0.0.1-8889-exec-1 | cID:AAAUng] INFO  (SECURITY) com.polarion.platform.session.SsoUserRegistry - [AUTH-0009] - Session invalidated for user 'admin'.
2026-06-23 12:01:07,542 [ajp-nio-127.0.0.1-8889-exec-1 | cID:AAAUng] INFO  (SECURITY) com.polarion.platform.session.PolarionLocalSingleSignOn - [AUTH-0009] - User 'admin' logged out.
2026-06-23 12:01:26,486 [ajp-nio-127.0.0.1-8889-exec-2 | cID:AAAUpg | u:p] INFO  (SECURITY) com.polarion.platform.internal.security.auth.LoginFlowUserPassword - [AUTH-0001] - User 'neha1' authenticated. Source: portal/UNSET.
2026-06-23 12:01:26,487 [ajp-nio-127.0.0.1-8889-exec-2 | cID:AAAUpg] INFO  (SECURITY) com.polarion.alm.projects.internal.PasswordLoginManager - [AUTH-0001] - User 'neha1' logged in by 'Password' mechanism. Source: portal/UNSET.
2026-06-23 12:01:26,487 [ajp-nio-127.0.0.1-8889-exec-2 | cID:AAAUpg] INFO  PolarionLicensing - STATS:concurrentRequirementsUser,current:1,peak:1,limit:120000
2026-06-23 12:01:26,615 [ajp-nio-127.0.0.1-8889-exec-8 | cID:AAAUpw | u:p] INFO  (SECURITY) com.polarion.platform.internal.security.auth.LoginFlowUserPassword - [AUTH-0001] - User 'neha1' authenticated. Source: portal/UNSET.
2026-06-23 12:01:26,617 [ajp-nio-127.0.0.1-8889-exec-8 | cID:AAAUpw] INFO  (SECURITY) com.polarion.alm.projects.internal.PasswordLoginManager - [AUTH-0001] - User 'neha1' logged in by 'Password' mechanism. Source: portal/UNSET.
2026-06-23 12:01:26,617 [ajp-nio-127.0.0.1-8889-exec-8 | cID:AAAUpw] INFO  PolarionLicensing - STATS:concurrentRequirementsUser,current:1,peak:1,limit:120000
2026-06-23 12:01:26,916 [ajp-nio-127.0.0.1-8889-exec-2 | cID:AAAUpg] INFO  PolarionLicensing - User 'neha1' logged in with concurrent REQUIREMENTS
2026-06-23 12:01:26,916 [ajp-nio-127.0.0.1-8889-exec-2 | cID:AAAUpg] INFO  TXLOGGER - Summary for 'servlet /polarion/j_security_check': Total: 0.488 s, CPU [user: 0.06 s], Allocated memory: 355.2 kB, transactions: 1, PolarionAuthenticator: 0.488 s [100% authenticate (1x)] (1x), SaltLicense: 0.429 s [100% userLoggedIn (1x)] (1x)
2026-06-23 12:01:26,917 [ajp-nio-127.0.0.1-8889-exec-8 | cID:AAAUpw] INFO  PolarionLicensing - User 'neha1' logged in with concurrent REQUIREMENTS
2026-06-23 12:01:26,917 [ajp-nio-127.0.0.1-8889-exec-8 | cID:AAAUpw] INFO  TXLOGGER - Summary for 'servlet /polarion/j_security_check': Total: 0.359 s, CPU [user: 0.06 s], Allocated memory: 355.4 kB, transactions: 1, PolarionAuthenticator: 0.359 s [100% authenticate (1x)] (1x), SaltLicense: 0.3 s [100% userLoggedIn (1x)] (1x)
2026-06-23 12:01:29,096 [ajp-nio-127.0.0.1-8889-exec-8 | cID:AAAUuw | u:neha1] INFO  RPC - "0.015","Load Rich Page for preview","/_default/Home (null, 1)"
2026-06-23 12:01:29,328 [ajp-nio-127.0.0.1-8889-exec-1 | cID:AAAUxQ | u:neha1] INFO  RPC - "0.005","Render Widget for preview","/_default/Home (null, 1)/com.polarion.scriptBlock/polarion_client11"
2026-06-23 12:01:29,333 [ajp-nio-127.0.0.1-8889-exec-8 | cID:AAAUxg | u:neha1] INFO  RPC - "0.004","Render Widget for preview","/_default/Home (null, 1)/com.polarion.scriptInline/polarion_wiki macro name=table;params=header=no|border=no|padding=0px|uid=client28_iw_1"
2026-06-23 12:01:29,411 [ajp-nio-127.0.0.1-8889-exec-9 | cID:AAAUyw | u:neha1] INFO  RPC - "0.005","Render Widget for preview","/_default/Home (null, 1)/com.polarion.scriptInline/polarion_wiki macro name=table;params=header=no|border=no|padding=0px|uid=client28_iw_3"
2026-06-23 12:01:29,418 [ajp-nio-127.0.0.1-8889-exec-6 | cID:AAAUyg | u:neha1] INFO  RPC - "0.012","Render Widget for preview","/_default/Home (null, 1)/com.polarion.scriptBlock/polarion_client45"
2026-06-23 12:01:29,422 [ajp-nio-127.0.0.1-8889-exec-3 | cID:AAAUyA | u:neha1] INFO  RPC - "0.019","Render Widget for preview","/_default/Home (null, 1)/com.polarion.scriptInline/polarion_wiki macro name=table;params=header=no|border=no|padding=0px|uid=client28_iw_2"
2026-06-23 12:01:29,424 [ajp-nio-127.0.0.1-8889-exec-7 | cID:AAAUyQ | u:neha1] INFO  RPC - "0.020","Load Rich Page for preview","/_default/Home (null, 1)"
2026-06-23 12:01:29,673 [ajp-nio-127.0.0.1-8889-exec-1 | cID:AAAU2Q | u:neha1] INFO  RPC - "0.004","Render Widget for preview","/_default/Home (null, 1)/com.polarion.scriptBlock/polarion_client11"
2026-06-23 12:01:29,713 [ajp-nio-127.0.0.1-8889-exec-2 | cID:AAAU2g | u:neha1] INFO  RPC - "0.004","Render Widget for preview","/_default/Home (null, 1)/com.polarion.scriptInline/polarion_wiki macro name=table;params=header=no|border=no|padding=0px|uid=client28_iw_1"
2026-06-23 12:01:29,774 [ajp-nio-127.0.0.1-8889-exec-8 | cID:AAAU2w | u:neha1] INFO  RPC - "0.006","Render Widget for preview","/_default/Home (null, 1)/com.polarion.scriptInline/polarion_wiki macro name=table;params=header=no|border=no|padding=0px|uid=client28_iw_2"
2026-06-23 12:01:29,783 [ajp-nio-127.0.0.1-8889-exec-9 | cID:AAAU3Q | u:neha1] INFO  RPC - "0.004","Render Widget for preview","/_default/Home (null, 1)/com.polarion.scriptBlock/polarion_client45"
2026-06-23 12:01:29,783 [ajp-nio-127.0.0.1-8889-exec-5 | cID:AAAU3A | u:neha1] INFO  RPC - "0.006","Render Widget for preview","/_default/Home (null, 1)/com.polarion.scriptInline/polarion_wiki macro name=table;params=header=no|border=no|padding=0px|uid=client28_iw_3"
2026-06-23 12:01:39,022 [ajp-nio-127.0.0.1-8889-exec-8 | cID:AAAU5Q] INFO  PolarionLicensing - User 'neha1' logged out with concurrent REQUIREMENTS
2026-06-23 12:01:39,022 [ajp-nio-127.0.0.1-8889-exec-8 | cID:AAAU5Q] INFO  (SECURITY) com.polarion.platform.session.SsoUserRegistry - [AUTH-0009] - Session invalidated for user 'neha1'.
2026-06-23 12:01:39,022 [ajp-nio-127.0.0.1-8889-exec-8 | cID:AAAU5Q] INFO  PolarionLicensing - User 'neha1' logged out with concurrent REQUIREMENTS
2026-06-23 12:01:39,022 [ajp-nio-127.0.0.1-8889-exec-8 | cID:AAAU5Q] INFO  (SECURITY) com.polarion.platform.session.SsoUserRegistry - [AUTH-0009] - Session invalidated for user 'neha1'.
2026-06-23 12:01:39,022 [ajp-nio-127.0.0.1-8889-exec-8 | cID:AAAU5Q] INFO  (SECURITY) com.polarion.platform.session.PolarionLocalSingleSignOn - [AUTH-0009] - User 'neha1' logged out.
2026-06-23 12:01:56,363 [ajp-nio-127.0.0.1-8889-exec-4 | cID:AAAU8g | u:p] INFO  (SECURITY) com.polarion.platform.internal.security.auth.LoginFlowUserPassword - [AUTH-0001] - User 'neha1' authenticated. Source: portal/UNSET.
2026-06-23 12:01:56,364 [ajp-nio-127.0.0.1-8889-exec-4 | cID:AAAU8g] INFO  (SECURITY) com.polarion.alm.projects.internal.PasswordLoginManager - [AUTH-0001] - User 'neha1' logged in by 'Password' mechanism. Source: portal/UNSET.
2026-06-23 12:01:56,365 [ajp-nio-127.0.0.1-8889-exec-4 | cID:AAAU8g] INFO  PolarionLicensing - STATS:concurrentRequirementsUser,current:1,peak:1,limit:120000
2026-06-23 12:01:56,749 [ajp-nio-127.0.0.1-8889-exec-3 | cID:AAAU9A | u:p] INFO  (SECURITY) com.polarion.platform.internal.security.auth.LoginFlowUserPassword - [AUTH-0002] - Authentication failed for user 'neha1'. Source: portal/UNSET.
2026-06-23 12:01:56,749 [ajp-nio-127.0.0.1-8889-exec-3 | cID:AAAU9A] INFO  (SECURITY) com.polarion.alm.projects.internal.PasswordLoginManager - [AUTH-0002] - Unsuccessful login attempt for user 'neha1' by 'Password' mechanism. Reason: Incorrect username or password, or a forbidden user or authentication provider. Source: portal/UNSET.
2026-06-23 12:01:56,749 [ajp-nio-127.0.0.1-8889-exec-3 | cID:AAAU9A] INFO  com.polarion.platform.realm.PolarionRealm - Login failed: Your Username or Password is incorrect, or there was another problem logging in. Contact your administrator for details.
2026-06-23 12:01:56,750 [ajp-nio-127.0.0.1-8889-exec-4 | cID:AAAU8g] INFO  PolarionLicensing - User 'neha1' logged in with concurrent REQUIREMENTS
2026-06-23 12:01:56,750 [ajp-nio-127.0.0.1-8889-exec-4 | cID:AAAU8g] INFO  TXLOGGER - Summary for 'servlet /polarion/j_security_check': Total: 0.445 s, CPU [user: 0.06 s], Allocated memory: 355.6 kB, transactions: 1, PolarionAuthenticator: 0.445 s [100% authenticate (1x)] (1x), SaltLicense: 0.385 s [100% userLoggedIn (1x)] (1x)
2026-06-23 12:01:58,746 [ajp-nio-127.0.0.1-8889-exec-8 | cID:AAAVAw | u:neha1] INFO  RPC - "0.014","Load Rich Page for preview","/_default/Home (null, 1)"
2026-06-23 12:01:59,051 [ajp-nio-127.0.0.1-8889-exec-2 | cID:AAAVDA | u:neha1] INFO  RPC - "0.004","Render Widget for preview","/_default/Home (null, 1)/com.polarion.scriptInline/polarion_wiki macro name=table;params=header=no|border=no|padding=0px|uid=client28_iw_1"
2026-06-23 12:01:59,051 [ajp-nio-127.0.0.1-8889-exec-7 | cID:AAAVCw | u:neha1] INFO  RPC - "0.008","Render Widget for preview","/_default/Home (null, 1)/com.polarion.scriptBlock/polarion_client11"
2026-06-23 12:01:59,069 [ajp-nio-127.0.0.1-8889-exec-9 | cID:AAAVDQ | u:neha1] INFO  RPC - "0.004","Render Widget for preview","/_default/Home (null, 1)/com.polarion.scriptInline/polarion_wiki macro name=table;params=header=no|border=no|padding=0px|uid=client28_iw_2"
2026-06-23 12:01:59,106 [ajp-nio-127.0.0.1-8889-exec-8 | cID:AAAVDg | u:neha1] INFO  RPC - "0.005","Render Widget for preview","/_default/Home (null, 1)/com.polarion.scriptInline/polarion_wiki macro name=table;params=header=no|border=no|padding=0px|uid=client28_iw_3"
2026-06-23 12:01:59,109 [ajp-nio-127.0.0.1-8889-exec-5 | cID:AAAVDw | u:neha1] INFO  RPC - "0.005","Render Widget for preview","/_default/Home (null, 1)/com.polarion.scriptBlock/polarion_client45"
2026-06-23 12:02:01,558 [ajp-nio-127.0.0.1-8889-exec-7 | cID:AAAVFw] INFO  PolarionLicensing - User 'neha1' logged out with concurrent REQUIREMENTS
2026-06-23 12:02:01,558 [ajp-nio-127.0.0.1-8889-exec-7 | cID:AAAVFw] INFO  (SECURITY) com.polarion.platform.session.SsoUserRegistry - [AUTH-0009] - Session invalidated for user 'neha1'.
2026-06-23 12:02:01,558 [ajp-nio-127.0.0.1-8889-exec-7 | cID:AAAVFw] INFO  (SECURITY) com.polarion.platform.session.PolarionLocalSingleSignOn - [AUTH-0009] - User 'neha1' logged out.
2026-06-23 12:02:18,148 [ajp-nio-127.0.0.1-8889-exec-2 | cID:AAAVHw | u:p] INFO  (SECURITY) com.polarion.platform.internal.security.auth.LoginFlowUserPassword - [AUTH-0001] - User 'neha1' authenticated. Source: portal/UNSET.
2026-06-23 12:02:18,149 [ajp-nio-127.0.0.1-8889-exec-2 | cID:AAAVHw | u:p] INFO  PolarionLicensing - STATS:concurrentProUser,current:1,peak:1,limit:120000
2026-06-23 12:02:18,149 [ajp-nio-127.0.0.1-8889-exec-2 | cID:AAAVHw] INFO  (SECURITY) com.polarion.alm.projects.internal.PasswordLoginManager - [AUTH-0001] - User 'neha1' logged in by 'Password' mechanism. Source: portal/UNSET.
2026-06-23 12:02:18,149 [ajp-nio-127.0.0.1-8889-exec-2 | cID:AAAVHw] INFO  PolarionLicensing - STATS:concurrentRequirementsUser,current:1,peak:1,limit:120000
2026-06-23 12:02:18,211 [ajp-nio-127.0.0.1-8889-exec-9 | cID:AAAVIA | u:p] INFO  (SECURITY) com.polarion.platform.internal.security.auth.LoginFlowUserPassword - [AUTH-0001] - User 'neha1' authenticated. Source: portal/UNSET.
2026-06-23 12:02:18,212 [ajp-nio-127.0.0.1-8889-exec-9 | cID:AAAVIA] INFO  (SECURITY) com.polarion.alm.projects.internal.PasswordLoginManager - [AUTH-0001] - User 'neha1' logged in by 'Password' mechanism. Source: portal/UNSET.
2026-06-23 12:02:18,212 [ajp-nio-127.0.0.1-8889-exec-9 | cID:AAAVIA] INFO  PolarionLicensing - STATS:concurrentRequirementsUser,current:1,peak:1,limit:120000
2026-06-23 12:02:19,266 [ajp-nio-127.0.0.1-8889-exec-2 | cID:AAAVHw] INFO  PolarionLicensing - User 'neha1' logged in with concurrent REQUIREMENTS
2026-06-23 12:02:19,266 [ajp-nio-127.0.0.1-8889-exec-9 | cID:AAAVIA] INFO  PolarionLicensing - User 'neha1' logged in with concurrent REQUIREMENTS
2026-06-23 12:02:19,266 [ajp-nio-127.0.0.1-8889-exec-9 | cID:AAAVIA] INFO  TXLOGGER - Summary for 'servlet /polarion/j_security_check': Total: 1.11 s, CPU [user: 0.06 s], Allocated memory: 355.0 kB, transactions: 1, PolarionAuthenticator: 1.11 s [100% authenticate (1x)] (1x), SaltLicense: 1.05 s [100% userLoggedIn (1x)] (1x)
2026-06-23 12:02:19,266 [ajp-nio-127.0.0.1-8889-exec-2 | cID:AAAVHw] INFO  TXLOGGER - Summary for 'servlet /polarion/j_security_check': Total: 1.18 s, CPU [user: 0.06 s], Allocated memory: 355.9 kB, transactions: 1, PolarionAuthenticator: 1.18 s [100% authenticate (1x)] (1x), SaltLicense: 1.12 s [100% userLoggedIn (1x)] (1x)
2026-06-23 12:02:21,326 [ajp-nio-127.0.0.1-8889-exec-9 | cID:AAAVNA | u:neha1] INFO  RPC - "0.025","Load Rich Page for preview","/_default/Home (null, 1)"
2026-06-23 12:02:21,584 [ajp-nio-127.0.0.1-8889-exec-5 | cID:AAAVPw | u:neha1] INFO  RPC - "0.007","Render Widget for preview","/_default/Home (null, 1)/com.polarion.scriptInline/polarion_wiki macro name=table;params=header=no|border=no|padding=0px|uid=client28_iw_1"
2026-06-23 12:02:21,585 [ajp-nio-127.0.0.1-8889-exec-4 | cID:AAAVPg | u:neha1] INFO  RPC - "0.008","Render Widget for preview","/_default/Home (null, 1)/com.polarion.scriptBlock/polarion_client11"
2026-06-23 12:02:21,634 [ajp-nio-127.0.0.1-8889-exec-7 | cID:AAAVQA | u:neha1] INFO  RPC - "0.004","Render Widget for preview","/_default/Home (null, 1)/com.polarion.scriptInline/polarion_wiki macro name=table;params=header=no|border=no|padding=0px|uid=client28_iw_2"
2026-06-23 12:02:21,646 [ajp-nio-127.0.0.1-8889-exec-8 | cID:AAAVQQ | u:neha1] INFO  RPC - "0.004","Render Widget for preview","/_default/Home (null, 1)/com.polarion.scriptInline/polarion_wiki macro name=table;params=header=no|border=no|padding=0px|uid=client28_iw_3"
2026-06-23 12:02:21,661 [ajp-nio-127.0.0.1-8889-exec-9 | cID:AAAVQg | u:neha1] INFO  RPC - "0.006","Render Widget for preview","/_default/Home (null, 1)/com.polarion.scriptBlock/polarion_client45"
2026-06-23 12:02:21,714 [ajp-nio-127.0.0.1-8889-exec-1 | cID:AAAVRA | u:neha1] INFO  RPC - "0.017","Load Rich Page for preview","/_default/Home (null, 1)"
2026-06-23 12:02:21,972 [ajp-nio-127.0.0.1-8889-exec-5 | cID:AAAVUg | u:neha1] INFO  RPC - "0.004","Render Widget for preview","/_default/Home (null, 1)/com.polarion.scriptBlock/polarion_client11"
2026-06-23 12:02:22,049 [ajp-nio-127.0.0.1-8889-exec-4 | cID:AAAVUw | u:neha1] INFO  RPC - "0.005","Render Widget for preview","/_default/Home (null, 1)/com.polarion.scriptInline/polarion_wiki macro name=table;params=header=no|border=no|padding=0px|uid=client28_iw_1"
2026-06-23 12:02:22,066 [ajp-nio-127.0.0.1-8889-exec-7 | cID:AAAVVA | u:neha1] INFO  RPC - "0.004","Render Widget for preview","/_default/Home (null, 1)/com.polarion.scriptInline/polarion_wiki macro name=table;params=header=no|border=no|padding=0px|uid=client28_iw_2"
2026-06-23 12:02:22,086 [ajp-nio-127.0.0.1-8889-exec-8 | cID:AAAVVQ | u:neha1] INFO  RPC - "0.005","Render Widget for preview","/_default/Home (null, 1)/com.polarion.scriptInline/polarion_wiki macro name=table;params=header=no|border=no|padding=0px|uid=client28_iw_3"
2026-06-23 12:02:22,089 [ajp-nio-127.0.0.1-8889-exec-8 | cID:AAAVVg | u:neha1] INFO  RPC - "0.003","Render Widget for preview","/_default/Home (null, 1)/com.polarion.scriptBlock/polarion_client45"
2026-06-23 12:02:29,022 [taskScheduler-2] INFO  (SECURITY) com.siemens.polarion.secrets.manager.vault.providers.impl.FileBackedVaultProvider - [ENC-0004] - Read secret with key: polarion.rt.repo.encrypt.decrypt.key
2026-06-23 12:02:29,023 [taskScheduler-2] INFO  (SECURITY) com.siemens.polarion.secrets.manager.vault.providers.impl.FileBackedVaultProvider - [ENC-0004] - Read secret with key: polarion.rt.repo.encrypt.decrypt.key
2026-06-23 12:02:29,530 [ajp-nio-127.0.0.1-8889-exec-7 | cID:AAAVXg] INFO  PolarionLicensing - User 'neha1' logged out with concurrent REQUIREMENTS
2026-06-23 12:02:29,530 [ajp-nio-127.0.0.1-8889-exec-7 | cID:AAAVXg] INFO  (SECURITY) com.polarion.platform.session.SsoUserRegistry - [AUTH-0009] - Session invalidated for user 'neha1'.
2026-06-23 12:02:29,530 [ajp-nio-127.0.0.1-8889-exec-7 | cID:AAAVXg] INFO  PolarionLicensing - User 'neha1' logged out with concurrent REQUIREMENTS
2026-06-23 12:02:29,530 [ajp-nio-127.0.0.1-8889-exec-7 | cID:AAAVXg] INFO  (SECURITY) com.polarion.platform.session.SsoUserRegistry - [AUTH-0009] - Session invalidated for user 'neha1'.
2026-06-23 12:02:29,530 [ajp-nio-127.0.0.1-8889-exec-7 | cID:AAAVXg] INFO  (SECURITY) com.polarion.platform.session.PolarionLocalSingleSignOn - [AUTH-0009] - User 'neha1' logged out.
2026-06-23 12:02:29,531 [ajp-nio-127.0.0.1-8889-exec-7 | cID:AAAVXg] INFO  TXLOGGER - Summary for 'servlet /polarion/login/logout': Total: 0.13 s, CPU [system: 0.000941 s], Allocated memory: 32.2 kB, transactions: 0, SaltLicense: 0.13 s [100% userLoggedOut (2x)] (2x)
2026-06-23 12:02:30,070 [Monitoring] INFO  com.polarion.platform.monitoring - Executing actions from stage PERIODIC with speed FAST
2026-06-23 12:02:30,070 [Monitoring] INFO  com.polarion.platform.monitoring - Executing action 'polarion.sso.statistics'
2026-06-23 12:02:30,070 [Monitoring] INFO  com.polarion.platform.monitoring - polarion.sso.statistics (Statistics of all active sso sessions) = Statistics of logged users 
Logged active users:0
 [Tue Jun 23 12:02:30 CEST 2026]
2026-06-23 12:02:30,073 [Monitoring] INFO  com.polarion.platform.monitoring - Executing action 'system.info.disk.data.free'
2026-06-23 12:02:30,073 [Monitoring] INFO  com.polarion.platform.monitoring - system.info.disk.data.free (Free data disk '/opt/polarion/data' space) = Disk Space 
20.1 GB
 [Tue Jun 23 12:02:30 CEST 2026]
2026-06-23 12:02:30,078 [Monitoring] INFO  com.polarion.platform.monitoring - Executing action 'system.info.garbageCollector.full.cycles'
2026-06-23 12:02:30,079 [Monitoring] INFO  com.polarion.platform.monitoring - system.info.garbageCollector.full.cycles (Full Garbage Collector cycles) = Full Garbage Collector cycles 
Full GC cycles: 0; Time: 0.0 s.
 [Tue Jun 23 12:02:30 CEST 2026]
2026-06-23 12:02:30,082 [Monitoring] INFO  com.polarion.platform.monitoring - Executing action 'system.info.garbageCollector.normal.cycles'
2026-06-23 12:02:30,082 [Monitoring] INFO  com.polarion.platform.monitoring - system.info.garbageCollector.normal.cycles (Normal Garbage Collector cycles) = Normal Garbage Collector cycles 
Normal GC cycles: 20; Time: 0.46 s.
 [Tue Jun 23 12:02:30 CEST 2026]
2026-06-23 12:02:30,087 [Monitoring] INFO  com.polarion.platform.monitoring - Executing action 'system.info.memory.nonheap.free'
2026-06-23 12:02:30,087 [Monitoring] INFO  com.polarion.platform.monitoring - system.info.memory.nonheap.free (Free non-heap memory) = Java Metaspace Memory 
Unlimited
 [Tue Jun 23 12:02:30 CEST 2026]
2026-06-23 12:02:30,090 [Monitoring] INFO  com.polarion.platform.monitoring - Executing action 'system.info.memory.oldGen.free'
2026-06-23 12:02:30,090 [Monitoring] INFO  com.polarion.platform.monitoring - system.info.memory.oldGen.free (Free Old Gen memory after GC) = Java Heap Memory 
Old Gen pool has  94.13% memory free after GC.
 [Tue Jun 23 12:02:30 CEST 2026]
2026-06-23 12:02:30,093 [Monitoring] INFO  com.polarion.platform.monitoring - Finished with actions from stage PERIODIC: {OK=6}
2026-06-23 12:02:46,706 [ajp-nio-127.0.0.1-8889-exec-9 | cID:AAAVaw | u:p] INFO  (SECURITY) com.polarion.platform.internal.security.auth.LoginFlowUserPassword - [AUTH-0001] - User 'neha1' authenticated. Source: portal/UNSET.
2026-06-23 12:02:46,707 [ajp-nio-127.0.0.1-8889-exec-9 | cID:AAAVaw] INFO  (SECURITY) com.polarion.alm.projects.internal.PasswordLoginManager - [AUTH-0001] - User 'neha1' logged in by 'Password' mechanism. Source: portal/UNSET.
2026-06-23 12:02:46,707 [ajp-nio-127.0.0.1-8889-exec-9 | cID:AAAVaw] INFO  PolarionLicensing - STATS:concurrentRequirementsUser,current:1,peak:1,limit:120000
2026-06-23 12:02:47,100 [ajp-nio-127.0.0.1-8889-exec-9 | cID:AAAVaw] INFO  PolarionLicensing - User 'neha1' logged in with concurrent REQUIREMENTS
2026-06-23 12:02:47,101 [ajp-nio-127.0.0.1-8889-exec-9 | cID:AAAVaw] INFO  TXLOGGER - Summary for 'servlet /polarion/j_security_check': Total: 0.455 s, CPU [user: 0.06 s, system: 0.000716 s], Allocated memory: 357.3 kB, transactions: 1, PolarionAuthenticator: 0.455 s [100% authenticate (1x)] (1x), SaltLicense: 0.393 s [100% userLoggedIn (1x)] (1x)
2026-06-23 12:02:47,240 [ajp-nio-127.0.0.1-8889-exec-6 | cID:AAAVbQ | u:p] INFO  (SECURITY) com.polarion.platform.internal.security.auth.LoginFlowUserPassword - [AUTH-0001] - User 'neha1' authenticated. Source: portal/UNSET.
2026-06-23 12:02:47,241 [ajp-nio-127.0.0.1-8889-exec-6 | cID:AAAVbQ] INFO  (SECURITY) com.polarion.alm.projects.internal.PasswordLoginManager - [AUTH-0001] - User 'neha1' logged in by 'Password' mechanism. Source: portal/UNSET.
2026-06-23 12:02:47,242 [ajp-nio-127.0.0.1-8889-exec-6 | cID:AAAVbQ] INFO  PolarionLicensing - STATS:concurrentRequirementsUser,current:1,peak:1,limit:120000
2026-06-23 12:02:47,242 [ajp-nio-127.0.0.1-8889-exec-6 | cID:AAAVbQ] INFO  PolarionLicensing - User 'neha1' logged in with concurrent REQUIREMENTS
2026-06-23 12:02:49,305 [ajp-nio-127.0.0.1-8889-exec-1 | cID:AAAVgw | u:neha1] INFO  RPC - "0.033","Load Rich Page for preview","/_default/Home (null, 1)"
2026-06-23 12:02:49,470 [ajp-nio-127.0.0.1-8889-exec-10 | cID:AAAViQ | u:neha1] INFO  RPC - "0.024","Load Rich Page for preview","/_default/Home (null, 1)"
2026-06-23 12:02:49,526 [ajp-nio-127.0.0.1-8889-exec-1 | cID:AAAVkQ | u:neha1] INFO  RPC - "0.003","Render Widget for preview","/_default/Home (null, 1)/com.polarion.scriptInline/polarion_wiki macro name=table;params=header=no|border=no|padding=0px|uid=client28_iw_1"
2026-06-23 12:02:49,526 [ajp-nio-127.0.0.1-8889-exec-7 | cID:AAAVkA | u:neha1] INFO  RPC - "0.007","Render Widget for preview","/_default/Home (null, 1)/com.polarion.scriptBlock/polarion_client11"
2026-06-23 12:02:49,614 [ajp-nio-127.0.0.1-8889-exec-8 | cID:AAAVkg | u:neha1] INFO  RPC - "0.004","Render Widget for preview","/_default/Home (null, 1)/com.polarion.scriptInline/polarion_wiki macro name=table;params=header=no|border=no|padding=0px|uid=client28_iw_2"
2026-06-23 12:02:49,631 [ajp-nio-127.0.0.1-8889-exec-3 | cID:AAAVlQ | u:neha1] INFO  RPC - "0.003","Render Widget for preview","/_default/Home (null, 1)/com.polarion.scriptInline/polarion_wiki macro name=table;params=header=no|border=no|padding=0px|uid=client28_iw_3"
2026-06-23 12:02:49,632 [ajp-nio-127.0.0.1-8889-exec-5 | cID:AAAVlA | u:neha1] INFO  RPC - "0.005","Render Widget for preview","/_default/Home (null, 1)/com.polarion.scriptBlock/polarion_client45"
2026-06-23 12:02:49,713 [ajp-nio-127.0.0.1-8889-exec-7 | cID:AAAVmw | u:neha1] INFO  RPC - "0.005","Render Widget for preview","/_default/Home (null, 1)/com.polarion.scriptBlock/polarion_client11"
2026-06-23 12:02:49,819 [ajp-nio-127.0.0.1-8889-exec-9 | cID:AAAVnA | u:neha1] INFO  RPC - "0.008","Render Widget for preview","/_default/Home (null, 1)/com.polarion.scriptInline/polarion_wiki macro name=table;params=header=no|border=no|padding=0px|uid=client28_iw_1"
2026-06-23 12:02:49,819 [ajp-nio-127.0.0.1-8889-exec-8 | cID:AAAVnQ | u:neha1] INFO  RPC - "0.007","Render Widget for preview","/_default/Home (null, 1)/com.polarion.scriptInline/polarion_wiki macro name=table;params=header=no|border=no|padding=0px|uid=client28_iw_2"
2026-06-23 12:02:49,824 [ajp-nio-127.0.0.1-8889-exec-3 | cID:AAAVng | u:neha1] INFO  RPC - "0.004","Render Widget for preview","/_default/Home (null, 1)/com.polarion.scriptInline/polarion_wiki macro name=table;params=header=no|border=no|padding=0px|uid=client28_iw_3"
2026-06-23 12:02:49,828 [ajp-nio-127.0.0.1-8889-exec-5 | cID:AAAVnw | u:neha1] INFO  RPC - "0.004","Render Widget for preview","/_default/Home (null, 1)/com.polarion.scriptBlock/polarion_client45"
2026-06-23 12:02:53,030 [ajp-nio-127.0.0.1-8889-exec-2 | cID:AAAVqg] INFO  PolarionLicensing - User 'neha1' logged out with concurrent REQUIREMENTS
2026-06-23 12:02:53,030 [ajp-nio-127.0.0.1-8889-exec-2 | cID:AAAVqg] INFO  (SECURITY) com.polarion.platform.session.SsoUserRegistry - [AUTH-0009] - Session invalidated for user 'neha1'.
2026-06-23 12:02:53,030 [ajp-nio-127.0.0.1-8889-exec-2 | cID:AAAVqg] INFO  PolarionLicensing - User 'neha1' logged out with concurrent REQUIREMENTS
2026-06-23 12:02:53,030 [ajp-nio-127.0.0.1-8889-exec-2 | cID:AAAVqg] INFO  (SECURITY) com.polarion.platform.session.SsoUserRegistry - [AUTH-0009] - Session invalidated for user 'neha1'.
2026-06-23 12:02:53,030 [ajp-nio-127.0.0.1-8889-exec-2 | cID:AAAVqg] INFO  (SECURITY) com.polarion.platform.session.PolarionLocalSingleSignOn - [AUTH-0009] - User 'neha1' logged out.
2026-06-23 12:12:30,070 [Monitoring] INFO  com.polarion.platform.monitoring - Executing actions from stage PERIODIC with speed FAST
2026-06-23 12:12:30,071 [Monitoring] INFO  com.polarion.platform.monitoring - Executing action 'polarion.sso.statistics'
2026-06-23 12:12:30,071 [Monitoring] INFO  com.polarion.platform.monitoring - polarion.sso.statistics (Statistics of all active sso sessions) = Statistics of logged users 
Logged active users:0
 [Tue Jun 23 12:12:30 CEST 2026]
2026-06-23 12:12:30,075 [Monitoring] INFO  com.polarion.platform.monitoring - Executing action 'system.info.disk.data.free'
2026-06-23 12:12:30,075 [Monitoring] INFO  com.polarion.platform.monitoring - system.info.disk.data.free (Free data disk '/opt/polarion/data' space) = Disk Space 
20.1 GB
 [Tue Jun 23 12:12:30 CEST 2026]
2026-06-23 12:12:30,080 [Monitoring] INFO  com.polarion.platform.monitoring - Executing action 'system.info.garbageCollector.full.cycles'
2026-06-23 12:12:30,080 [Monitoring] INFO  com.polarion.platform.monitoring - system.info.garbageCollector.full.cycles (Full Garbage Collector cycles) = Full Garbage Collector cycles 
Full GC cycles: 0; Time: 0.0 s.
 [Tue Jun 23 12:12:30 CEST 2026]
2026-06-23 12:12:30,085 [Monitoring] INFO  com.polarion.platform.monitoring - Executing action 'system.info.garbageCollector.normal.cycles'
2026-06-23 12:12:30,085 [Monitoring] INFO  com.polarion.platform.monitoring - system.info.garbageCollector.normal.cycles (Normal Garbage Collector cycles) = Normal Garbage Collector cycles 
Normal GC cycles: 20; Time: 0.46 s.
 [Tue Jun 23 12:12:30 CEST 2026]
2026-06-23 12:12:30,090 [Monitoring] INFO  com.polarion.platform.monitoring - Executing action 'system.info.memory.nonheap.free'
2026-06-23 12:12:30,090 [Monitoring] INFO  com.polarion.platform.monitoring - system.info.memory.nonheap.free (Free non-heap memory) = Java Metaspace Memory 
Unlimited
 [Tue Jun 23 12:12:30 CEST 2026]
2026-06-23 12:12:30,094 [Monitoring] INFO  com.polarion.platform.monitoring - Executing action 'system.info.memory.oldGen.free'
2026-06-23 12:12:30,094 [Monitoring] INFO  com.polarion.platform.monitoring - system.info.memory.oldGen.free (Free Old Gen memory after GC) = Java Heap Memory 
Old Gen pool has  94.13% memory free after GC.
 [Tue Jun 23 12:12:30 CEST 2026]
2026-06-23 12:12:30,097 [Monitoring] INFO  com.polarion.platform.monitoring - Finished with actions from stage PERIODIC: {OK=6}
